Collision Id,	Report Number,	Report Version,	Is Preliminary,	NCIC Code,Crash Date Time,	Crash Time Description,	Beat,City Id,	City Code,	City Name,County Code,	City Is Active,	City Is Incorporated,	Collision Type Code,Collision Type Description,	Collision Type Other Desc,	Day Of Week,	DispatchNotified,	HasPhotographs,	HitRun,	IsAttachmentsMailed,	IsDeleted,	IsHighwayRelated,	IsTowAway,	JudicialDistrict,	MotorVehicleInvolvedWithCode,	MotorVehicleInvolvedWithDesc,MotorVehicleInvolvedWithOtherDesc,	NumberInjured,	NumberKilled,Weather 1, Weather 2, Road Condition 1, Road Condition 2, Special Condition,LightingCode, LightingDescription,Latitude,Longitude,MilepostDirection,MilepostDistance,MilepostMarker,MilepostUnitOfMeasure,	PedestrianActionCode,PedestrianActionDesc,PreparedDate,	Primary Collision Factor Code,Primary Collision Factor Violation,PrimaryCollisionFactorIsCited,	PrimaryCollisionPartyNumber,	PrimaryRoad,	ReportingDistrict,	ReportingDistrictCode,ReviewedDate,	RoadwaySurfaceCode,SecondaryDirection,	SecondaryDistance,	SecondaryRoad,	SecondaryUnitOfMeasure,	SketchDesc,	TrafficControlDeviceCode,CreatedDate,	ModifiedDate,IsCountyRoad,IsFreeway,CHP555Version,	IsAdditonalObjectStruck,NotificationDate,	NotificationTimeDescription,	HasDigitalMediaFiles,	EvidenceNumber,	IsLocationReferToNarrative,	IsAOIOneSameAsLocation
1161027,9340-2020-00036,1,False,9340,1/4/2020 8:15:00 AM,815,087,1368,4313,San Jose,43,True,True,E,HIT OBJECT,,Saturday,NotApplicable,False,,,False,True,True,Santa Clara Superior,I,FIXED OBJECT,CONCRETE BARRIER,1.0,0.0,CLEAR,, NO UNUSUAL CONDITIONS,, ,A,DAYLIGHT,37.372192,-121.927066,,,,,A,NO PEDESTRIANS INVOLVED,1/4/2020 12:00:00 AM,A,22350,False,1.0,SR-87 N/B,,,1/7/2020 2:05:08 PM,A,S,460.0,US-101,F,,D,1/7/2020 2:06:15 PM,1/7/2020 2:06:15 PM,,True,2,,,,,,,
1160948,9340-2020-00002,1,False,9340,1/1/2020 7:25:00 AM,725,088,1368,4313,San Jose,43,True,True,E,HIT OBJECT,,Wednesday,NotApplicable,False,,,False,True,True,Santa Clara Superior,I,FIXED OBJECT,concrete wall,0.0,0.0,CLEAR,, NO UNUSUAL CONDITIONS,, ,A,DAYLIGHT,37.323538,-121.941112,,,,,A,NO PEDESTRIANS INVOLVED,1/1/2020 12:00:00 AM,A,22107,True,1.0,I-880 S/B,,,1/7/2020 12:47:12 PM,A,N,203.0,Stevens Creek Blvd,F,,D,1/7/2020 12:47:46 PM,1/7/2020 12:47:46 PM,,True,2,,,,,,,
1160445,9340-2020-00044,1,False,9340,1/2/2020 6:20:00 PM,1820,681,1368,4313,San Jose,43,True,True,C,REAR END,,Thursday,NotApplicable,False,,,False,True,False,Santa Clara Superior,C,OTHER MOTOR VEHICLE,,0.0,0.0,CLEAR,, NO UNUSUAL CONDITIONS,, ,C,DARK-STREET LIGHTS,37.3602,-121.8411,,,,,A,NO PEDESTRIANS INVOLVED,1/2/2020 12:00:00 AM,A,22350,False,1.0,I-680 N/B,,,1/6/2020 7:25:17 PM,A,N,200.0,Alum Rock Ave,F,,D,1/6/2020 7:26:30 PM,1/6/2020 7:26:30 PM,,True,2,,,,,,,
1160443,9340-2020-00019,1,False,9340,1/3/2020 6:35:00 PM,1835,088,1368,4313,San Jose,43,True,True,C,REAR END,,Friday,NotApplicable,False,,,False,True,False,Santa Clara Superior,C,OTHER MOTOR VEHICLE,,0.0,0.0,CLEAR,, NO UNUSUAL CONDITIONS,, ,D,DARK-NO STREET LIGHTS,37.34644,-121.92143,,,,,A,NO PEDESTRIANS INVOLVED,1/3/2020 12:00:00 AM,A,22350,False,1.0,I-880 N/B,,,1/6/2020 7:21:33 PM,A,S,1000.0,Coleman Ave,F,,D,1/6/2020 7:22:12 PM,1/6/2020 7:22:12 PM,,True,2,,,,,,,
1160427,9340-2020-00023,1,False,9340,1/3/2020 5:58:00 PM,1758,087,1368,4313,San Jose,43,True,True,C,REAR END,,Friday,NotApplicable,False,,,False,True,False,Santa Clara Superior,C,OTHER MOTOR VEHICLE,,0.0,0.0,CLEAR,, NO UNUSUAL CONDITIONS,, ,A,DAYLIGHT,37.3054,-121.8794,,,,,A,NO PEDESTRIANS INVOLVED,1/3/2020 12:00:00 AM,A,22350,False,1.0,SR-87 N/B,,,1/6/2020 6:27:49 PM,A,N,1190.0,Almaden Expy,F,,D,1/6/2020 6:28:28 PM,1/6/2020 6:28:28 PM,,True,2,,,,,,,
1160414,9340-2020-00022,1,False,9340,1/3/2020 3:55:00 PM,1555,281,1368,4313,San Jose,43,True,True,E,HIT OBJECT,,Friday,NotApplicable,False,M,,False,True,True,Santa Clara Superior,I,FIXED OBJECT,CONCRETE BARRIER,1.0,0.0,CLEAR,, NO UNUSUAL CONDITIONS,, ,A,DAYLIGHT,37.324,-121.8931,,,,,A,NO PEDESTRIANS INVOLVED,1/3/2020 12:00:00 AM,A,21658(a),False,1.0,I-280 N/B TO BIRD AVE.,,,1/6/2020 5:53:15 PM,A,S,20.0,SR-87,F,,D,1/6/2020 5:54:08 PM,1/6/2020 5:54:08 PM,,True,2,,,,,,,
1160411,9340-2020-00030,1,False,9340,1/3/2020 5:15:00 PM,1715,120,1368,4313,San Jose,43,True,True,C,REAR END,,Friday,NotApplicable,False,,,False,True,False,Santa Clara Superior,C,OTHER MOTOR VEHICLE,,0.0,0.0,CLEAR,, NO UNUSUAL CONDITIONS,, ,B,DUSK-DAWN,37.3728,-121.9244,,,,,A,NO PEDESTRIANS INVOLVED,1/3/2020 12:00:00 AM,A,22350,False,1.0,US101 S/B,,,1/6/2020 5:27:14 PM,A,N,1392.0,Brokaw Rd,F,,D,1/6/2020 5:27:55 PM,1/6/2020 5:27:55 PM,,True,2,,,,,,,
1159527,9340-2020-00001,1,False,9340,1/1/2020 4:30:00 AM,430,281,1368,4313,San Jose,43,True,True,E,HIT OBJECT,,Wednesday,NotApplicable,False,,,False,True,True,Santa Clara Superior,I,FIXED OBJECT,ASPHALT CURB,1.0,0.0,CLEAR,, NO UNUSUAL CONDITIONS,, ,D,DARK-NO STREET LIGHTS,37.32118,-121.89113,,,,,A,NO PEDESTRIANS INVOLVED,1/1/2020 12:00:00 AM,A,22107,False,1.0,I-280 N/B to SR-87 S/B,,,1/5/2020 10:50:43 PM,A,N,500.0,West Virginia St,F,,D,1/5/2020 10:51:38 PM,1/5/2020 10:51:38 PM,,True,2,,,,,,,
1159223,9340-2020-00024,1,False,9340,1/3/2020 3:00:00 PM,1500,089,1368,4313,San Jose,43,True,True,C,REAR END,,Friday,NotApplicable,False,,,False,True,True,Santa Clara Superior,C,OTHER MOTOR VEHICLE,,1.0,0.0,CLEAR,, NO UNUSUAL CONDITIONS,, ,A,DAYLIGHT,37.37819,-121.90352,,,,,A,NO PEDESTRIANS INVOLVED,1/3/2020 12:00:00 AM,A,22350,False,1.0,I-880 S/B,,,1/4/2020 7:30:40 AM,A,S,500.0,Brokaw Rd,F,,D,1/4/2020 7:31:33 AM,1/4/2020 7:31:33 AM,,True,2,,,,,,,
1159204,9340-2020-00021,1,False,9340,1/3/2020 1:30:00 PM,1330,240,1368,4313,San Jose,43,True,True,C,REAR END,,Friday,NotApplicable,False,,,False,True,False,Santa Clara Superior,C,OTHER MOTOR VEHICLE,,0.0,0.0,CLEAR,, NO UNUSUAL CONDITIONS,, ,A,DAYLIGHT,37.41902,-121.95875,,,,,A,NO PEDESTRIANS INVOLVED,1/3/2020 12:00:00 AM,A,22350,False,1.0,SR-237 E/B,,,1/4/2020 6:33:55 AM,A,E,200.0,FIRST ST,F,,D,1/4/2020 6:35:02 AM,1/4/2020 6:35:02 AM,,True,2,,,,,,,
1183929,9340-2020-00558,1,False,9340,2/2/2020 7:20:00 PM,1920,083,1368,4313,San Jose,43,True,True,C,REAR END,,Sunday,NotApplicable,False,,,False,True,True,Santa Clara Superior,C,OTHER MOTOR VEHICLE,,0.0,0.0,CLEAR,, NO UNUSUAL CONDITIONS,, ,D,DARK-NO STREET LIGHTS,37.2527,-121.8416,,,,,A,NO PEDESTRIANS INVOLVED,2/2/2020 12:00:00 AM,A,22350,False,1.0,SR-85 SOUTHBOUND TO BLOSSOM HILL RD,,,2/10/2020 3:06:30 PM,A,N,500.0,Blossom Hill Rd,F,,D,2/10/2020 3:07:45 PM,2/10/2020 3:07:45 PM,,True,2,,,,,,,
1183920,9340-2020-00490,1,False,9340,1/30/2020 7:42:00 AM,742,681,1368,4313,San Jose,43,True,True,C,REAR END,,Thursday,NotApplicable,False,,,False,True,False,Santa Clara Superior,C,OTHER MOTOR VEHICLE,,0.0,0.0,CLOUDY,, NO UNUSUAL CONDITIONS,, ,A,DAYLIGHT,37.36328,-121.84329,,,,,A,NO PEDESTRIANS INVOLVED,1/30/2020 12:00:00 AM,A,22350,False,2.0,I-680 N/B,,,2/10/2020 3:03:06 PM,A,N,100.0,Alum Rock Ave,F,,D,2/10/2020 3:04:14 PM,2/10/2020 3:04:14 PM,,True,2,,,,,,,
1183897,9340-2020-00546,1,False,9340,2/2/2020 7:40:00 PM,1940,087,1368,4313,San Jose,43,True,True,C,REAR END,,Sunday,NotApplicable,False,,,False,True,False,Santa Clara Superior,C,OTHER MOTOR VEHICLE,,1.0,0.0,CLEAR,, NO UNUSUAL CONDITIONS,, ,D,DARK-NO STREET LIGHTS,37.319071,-121.890482,,,,,A,NO PEDESTRIANS INVOLVED,2/2/2020 12:00:00 AM,A,22350,False,1.0,I-280 S/B TO SR-87 S/B,,,2/10/2020 2:40:51 PM,A,N,3850.0,Alma Ave,F,,D,2/10/2020 2:41:38 PM,2/10/2020 2:41:38 PM,,True,2,,,,,,,
1183776,9725-2020-00143,1,False,9725,2/3/2020 7:40:00 AM,740,015,1368,4313,San Jose,43,True,True,C,REAR END,,Monday,Yes,False,,,False,True,True,Santa Clara Superior,C,OTHER MOTOR VEHICLE,,1.0,0.0,CLEAR,, NO UNUSUAL CONDITIONS,, ,A,DAYLIGHT,37.23939,-121.76398,,,,,A,NO PEDESTRIANS INVOLVED,2/3/2020 12:00:00 AM,A,22350,False,1.0,US-101 NB,,,2/10/2020 1:36:10 PM,A,S,2400.0,SR-85 N/B,F,,D,2/10/2020 1:37:01 PM,2/10/2020 1:37:01 PM,,True,2,,,,,,,
1183771,9340-2020-00566,1,False,9340,2/3/2020 8:15:00 PM,2015,282,1368,4313,San Jose,43,True,True,B,SIDE SWIPE,,Monday,NotApplicable,False,,,False,True,True,Santa Clara Superior,I,FIXED OBJECT,CONCRETE BARRIER,0.0,0.0,CLEAR,, NO UNUSUAL CONDITIONS,, ,C,DARK-STREET LIGHTS,37.31782,-121.977345,,,,,A,NO PEDESTRIANS INVOLVED,2/3/2020 12:00:00 AM,A,22107,False,1.0,I-280 S/B,,,2/10/2020 1:34:18 PM,A,N,650.0,Saratoga Ave,F,,D,2/10/2020 1:35:09 PM,2/10/2020 1:35:09 PM,,True,2,,,,,,,
1183468,9340-2020-00541,1,False,9340,2/2/2020 2:15:00 AM,215,120,1368,4313,San Jose,43,True,True,F,OVERTURNED,,Sunday,Yes,False,,,False,True,False,Santa Clara Superior,A,NON-COLLISION,,1.0,0.0,CLEAR,, NO UNUSUAL CONDITIONS,, ,D,DARK-NO STREET LIGHTS,37.215,-121.5358,,,,,A,NO PEDESTRIANS INVOLVED,2/2/2020 12:00:00 AM,A,23152(a),True,1.0, US-101 NB TO I-880 NB,,,2/10/2020 10:21:38 AM,B,S,600.0,I-880,F,,D,2/10/2020 10:22:39 AM,2/10/2020 10:22:39 AM,,True,2,,,,,,,
1183424,9340-2020-00564,1,False,9340,2/3/2020 4:10:00 PM,1610,120,1368,4313,San Jose,43,True,True,C,REAR END,,Monday,NotApplicable,False,,,False,True,False,Santa Clara Superior,C,OTHER MOTOR VEHICLE,,0.0,0.0,CLEAR,, NO UNUSUAL CONDITIONS,, ,A,DAYLIGHT,37.3748,-121.9327,,,,,A,NO PEDESTRIANS INVOLVED,2/3/2020 12:00:00 AM,A,22350,False,1.0,US-101 S/B,,,2/10/2020 9:59:34 AM,A,N,1300.0,SR-87,F,,D,2/10/2020 10:00:17 AM,2/10/2020 10:00:17 AM,,True,2,,,,,,,
1183411,9340-2020-00538,1,False,9340,2/1/2020 8:50:00 PM,2050,110,1368,4313,San Jose,43,True,True,C,REAR END,,Saturday,NotApplicable,False,,,False,True,False,Santa Clara Superior,C,OTHER MOTOR VEHICLE,,1.0,0.0,CLEAR,, NO UNUSUAL CONDITIONS,, ,D,DARK-NO STREET LIGHTS,37.327196,-121.839711,,,,,A,NO PEDESTRIANS INVOLVED,2/1/2020 12:00:00 AM,A,22350,False,1.0,US101 N/B,,,2/10/2020 9:52:53 AM,A,,,Story Rd,,,D,2/10/2020 9:53:37 AM,2/10/2020 9:53:37 AM,,True,2,,,,,,,
1183402,9340-2020-00530,1,False,9340,1/31/2020 5:15:00 PM,1715,681,1368,4313,San Jose,43,True,True,B,SIDE SWIPE,,Friday,NotApplicable,False,,,False,True,False,Santa Clara Superior,C,OTHER MOTOR VEHICLE,,0.0,0.0,CLEAR,, NO UNUSUAL CONDITIONS,, ,B,DUSK-DAWN,37.3442,-121.8461,,,,,A,NO PEDESTRIANS INVOLVED,1/31/2020 12:00:00 AM,A,21658(a),False,1.0, I-680 S/B TO KING RD,,,2/10/2020 9:46:57 AM,A,N,230.0,King Rd,F,,D,2/10/2020 9:48:19 AM,2/10/2020 9:48:19 AM,,True,2,,,,,,,
1183396,9340-2020-00542,1,False,9340,2/2/2020 2:20:00 AM,220,120,1368,4313,San Jose,43,True,True,E,HIT OBJECT,,Sunday,Yes,False,,,False,True,False,Santa Clara Superior,I,FIXED OBJECT,CONCRETE BARRIER,0.0,0.0,CLEAR,, NO UNUSUAL CONDITIONS,, ,C,DARK-STREET LIGHTS,37.374727,-121.932897,,,,,A,NO PEDESTRIANS INVOLVED,2/2/2020 12:00:00 AM,A,23152(a),True,1.0,US101 S/B,,,2/10/2020 9:43:06 AM,A,S,2610.0,De la Cruz Blvd,F,,D,2/10/2020 9:44:21 AM,2/10/2020 9:44:21 AM,,True,2,,,,,,,
1183370,9340-2020-00464,1,False,9340,1/28/2020 1:15:00 PM,1315,681,1368,4313,San Jose,43,True,True,B,SIDE SWIPE,,Tuesday,NotApplicable,False,M,,False,True,False,Santa Clara Superior,C,OTHER MOTOR VEHICLE,,0.0,0.0,CLOUDY,, NO UNUSUAL CONDITIONS,, ,A,DAYLIGHT,37.36662,-121.84499,,,,,A,NO PEDESTRIANS INVOLVED,1/28/2020 12:00:00 AM,A,22107,False,2.0,I-680 S/B,,,2/10/2020 9:21:29 AM,A,S,50.0,MCKEE RD.,F,,D,2/10/2020 9:22:40 AM,2/10/2020 9:22:40 AM,,True,2,,,,,,,
1183240,9340-2020-00552,1,False,9340,2/2/2020 9:51:00 PM,2151,281,1368,4313,San Jose,43,True,True,B,SIDE SWIPE,,Sunday,NotApplicable,False,M,,False,True,True,Santa Clara Superior,C,OTHER MOTOR VEHICLE,,0.0,0.0,CLEAR,, NO UNUSUAL CONDITIONS,, ,C,DARK-STREET LIGHTS,37.318315,-121.902662,,,,,A,NO PEDESTRIANS INVOLVED,2/2/2020 12:00:00 AM,A,22350,False,1.0,I-280 S/B,,,2/10/2020 8:04:55 AM,A,N,1810.0,Bird Ave,F,,D,2/10/2020 8:05:51 AM,2/10/2020 8:05:51 AM,,True,2,,,,,,,
1183238,9340-2020-00555,1,False,9340,2/2/2020 9:35:00 PM,2135,120,1368,4313,San Jose,43,True,True,B,SIDE SWIPE,,Sunday,NotApplicable,False,,,False,True,False,Santa Clara Superior,C,OTHER MOTOR VEHICLE,,0.0,0.0,CLEAR,, NO UNUSUAL CONDITIONS,, ,B,DUSK-DAWN,37.372,-121.9199,,,,,A,NO PEDESTRIANS INVOLVED,2/2/2020 12:00:00 AM,A,21658(a),False,1.0,US101 S/B,,,2/10/2020 8:02:06 AM,A,N,40.0,Brokaw Rd,F,,D,2/10/2020 8:03:07 AM,2/10/2020 8:03:07 AM,,True,2,,,,,,,
1183237,9340-2020-00559,1,False,9340,2/2/2020 8:10:00 PM,2010,083,1368,4313,San Jose,43,True,True,C,REAR END,,Sunday,Yes,False,,,False,True,True,Santa Clara Superior,C,OTHER MOTOR VEHICLE,,2.0,0.0,CLEAR,, NO UNUSUAL CONDITIONS,, ,D,DARK-NO STREET LIGHTS,37.2549,-121.847,,,,,A,NO PEDESTRIANS INVOLVED,2/2/2020 12:00:00 AM,A,22350,False,1.0,SR-85 SOUTHBOUND,,,2/10/2020 7:59:50 AM,A,N,3000.0,Blossom Hill Rd,F,,D,2/10/2020 8:01:29 AM,2/10/2020 8:01:29 AM,,True,2,,,,,,,
1183232,9340-2020-00539,1,False,9340,2/1/2020 10:25:00 AM,1025,172,1368,4313,San Jose,43,True,True,D,BROADSIDE,,Saturday,NotApplicable,False,,,False,True,True,Santa Clara Superior,C,OTHER MOTOR VEHICLE,,0.0,0.0,CLEAR,, NO UNUSUAL CONDITIONS,, ,A,DAYLIGHT,37.310019,-121.940479,,,,,A,NO PEDESTRIANS INVOLVED,2/1/2020 12:00:00 AM,A,22107,False,1.0,SR-17 N/B,,,2/10/2020 7:57:27 AM,A,S,2000.0,Moorpark Ave,F,,D,2/10/2020 7:58:12 AM,2/10/2020 7:58:12 AM,,True,2,,,,,,,
1183230,9340-2020-00537,1,False,9340,2/1/2020 7:50:00 PM,1950,110,1368,4313,San Jose,43,True,True,B,SIDE SWIPE,,Saturday,NotApplicable,False,M,,False,True,True,Santa Clara Superior,C,OTHER MOTOR VEHICLE,,0.0,0.0,CLEAR,, NO UNUSUAL CONDITIONS,, ,D,DARK-NO STREET LIGHTS,37.332375,-121.844661,,,,,A,NO PEDESTRIANS INVOLVED,2/1/2020 12:00:00 AM,A,22107,False,1.0,US101 N/B,,,2/10/2020 7:54:23 AM,A,S,1600.0,Story Rd,F,,D,2/10/2020 7:55:34 AM,2/10/2020 7:55:34 AM,,True,2,,,,,,,
1183222,9340-2020-00508,1,False,9340,1/30/2020 11:30:00 PM,2330,087,1368,4313,San Jose,43,True,True,E,HIT OBJECT,,Thursday,Yes,False,,,False,True,True,Santa Clara Superior,I,FIXED OBJECT,FREEWAY ENTRANCE SIGN,0.0,0.0,CLEAR,, NO UNUSUAL CONDITIONS,, ,C,DARK-STREET LIGHTS,37.346566,-121.90457,,,,,A,NO PEDESTRIANS INVOLVED,1/30/2020 12:00:00 AM,A,23152(a),True,1.0,SR-87 S/B FROM TAYLOR STREET,,,2/10/2020 7:48:49 AM,A,S,15.0,TAYLOR STREET,F,,A,2/10/2020 7:50:16 AM,2/10/2020 7:50:16 AM,,True,2,,,,,,,
1182625,9725-2020-00152,1,False,9725,2/5/2020 6:35:00 PM,1835,015,1368,4313,San Jose,43,True,True,C,REAR END,,Wednesday,NotApplicable,False,,,False,True,True,Santa Clara Superior,C,OTHER MOTOR VEHICLE,,1.0,0.0,CLEAR,, NO UNUSUAL CONDITIONS,, ,D,DARK-NO STREET LIGHTS,37.25571,-121.79469,,,,,A,NO PEDESTRIANS INVOLVED,2/5/2020 12:00:00 AM,A,22350,False,2.0,US-101 S/B FROM BLOSSOM HILL RD E/B,,,2/7/2020 1:49:28 PM,A,S,0.2,Blossom Hill ROAd,M,,A,2/7/2020 1:50:20 PM,2/7/2020 1:50:20 PM,,True,2,,,,,,,
1182607,9340-2020-00483,1,False,9340,1/29/2020 10:35:00 PM,2235,088,1368,4313,San Jose,43,True,True,E,HIT OBJECT,,Wednesday,NotApplicable,False,,,False,True,True,Santa Clara Superior,I,FIXED OBJECT,GUARDRAIL,1.0,0.0,CLEAR,, NO UNUSUAL CONDITIONS,, ,D,DARK-NO STREET LIGHTS,37.315937,-121.940861,,,,,A,NO PEDESTRIANS INVOLVED,1/29/2020 12:00:00 AM,A,22350,False,1.0,I-880 S/B TO I-280 S/B,,,2/7/2020 1:31:18 PM,A,N,37.0,Moorpark Ave,F,,D,2/7/2020 1:31:51 PM,2/7/2020 1:31:51 PM,,True,2,,,,,,,
1182574,9340-2020-00549,1,False,9340,2/2/2020 8:47:00 PM,2047,087,1368,4313,San Jose,43,True,True,E,HIT OBJECT,,Sunday,Yes,False,,,False,True,True,Santa Clara Superior,I,FIXED OBJECT,CONCRETE WALL,1.0,0.0,CLEAR,WIND, NO UNUSUAL CONDITIONS,, ,D,DARK-NO STREET LIGHTS,37.34297,-121.901441,,,,,A,NO PEDESTRIANS INVOLVED,2/2/2020 12:00:00 AM,A,23152(a),True,1.0,SR-87 N/B,,,2/7/2020 1:04:49 PM,A,S,0.25,Taylor Ave,M,,D,2/7/2020 1:05:33 PM,2/7/2020 1:05:33 PM,,True,2,,,,,,,
1182557,9340-2020-00551,1,False,9340,2/2/2020 9:50:00 PM,2150,281,1368,4313,San Jose,43,True,True,C,REAR END,,Sunday,NotApplicable,False,,,False,True,True,Santa Clara Superior,C,OTHER MOTOR VEHICLE,,0.0,0.0,CLEAR,, NO UNUSUAL CONDITIONS,, ,C,DARK-STREET LIGHTS,37.318316,-121.90265,,,,,A,NO PEDESTRIANS INVOLVED,2/2/2020 12:00:00 AM,A,22350,False,1.0,I-280 S/B,,,2/7/2020 12:51:26 PM,A,N,1800.0,Bird Ave,F,,D,2/7/2020 12:52:10 PM,2/7/2020 12:52:10 PM,,True,2,,,,,,,
1182524,9725-2020-00148,1,False,9725,2/4/2020 10:15:00 PM,2215,015,1368,4313,San Jose,43,True,True,E,HIT OBJECT,,Tuesday,NotApplicable,False,M,,False,False,False,Santa Clara Superior,I,FIXED OBJECT,MATTRESS,0.0,0.0,CLEAR,, NO UNUSUAL CONDITIONS,, ,D,DARK-NO STREET LIGHTS,37.246968,-121.778276,,,,,A,NO PEDESTRIANS INVOLVED,2/4/2020 12:00:00 AM,A,23114(a),False,1.0,US-101 S/B,,,2/7/2020 12:19:02 PM,A,N,0.2,Bernal Rd,M,,D,2/7/2020 12:20:12 PM,2/7/2020 12:20:12 PM,True,,2,,,,,,,
1182345,9340-2020-00543,1,False,9340,2/2/2020 12:15:00 PM,1215,282,1368,4313,San Jose,43,True,True,C,REAR END,,Sunday,NotApplicable,False,,,False,True,True,Santa Clara Superior,C,OTHER MOTOR VEHICLE,,0.0,0.0,CLEAR,, NO UNUSUAL CONDITIONS,, ,A,DAYLIGHT,37.3165,-121.971,,,,,A,NO PEDESTRIANS INVOLVED,2/2/2020 12:00:00 AM,A,22350,False,1.0,NB I-280 TO WB SARATOGA AVENUE,,,2/7/2020 9:35:29 AM,A,S,1150.0,Saratoga Ave,F,,D,2/7/2020 9:36:44 AM,2/7/2020 9:36:44 AM,,True,2,,,,,,,
1182322,9340-2020-00548,1,False,9340,2/2/2020 7:58:00 PM,1958,110,1368,4313,San Jose,43,True,True,C,REAR END,,Sunday,NotApplicable,False,,,False,True,False,Santa Clara Superior,C,OTHER MOTOR VEHICLE,,0.0,0.0,CLEAR,, NO UNUSUAL CONDITIONS,, ,C,DARK-STREET LIGHTS,37.33081,-121.84371,,,,,A,NO PEDESTRIANS INVOLVED,2/2/2020 12:00:00 AM,A,22350,False,1.0,I-680/I-280 to US-101 S/B,,,2/7/2020 9:24:57 AM,A,S,2217.0,Story Rd.,F,,D,2/7/2020 9:26:03 AM,2/7/2020 9:26:03 AM,,True,2,,,,,,,
1182300,9340-2020-00269,1,False,9340,1/2/2020 10:00:00 AM,1000,120,1368,4313,San Jose,43,True,True,C,REAR END,,Thursday,NotApplicable,False,M,,False,True,False,Santa Clara Superior,C,OTHER MOTOR VEHICLE,,0.0,0.0,RAINING,, NO UNUSUAL CONDITIONS,, ,A,DAYLIGHT,37.3636,-121.896,,,,,A,NO PEDESTRIANS INVOLVED,1/2/2020 12:00:00 AM,A,22350,False,1.0,US101 N/B,,,2/7/2020 9:10:26 AM,B,S,1000.0,I-880,F,,D,2/7/2020 9:12:11 AM,2/7/2020 9:12:11 AM,,True,2,,,,,,,
1182279,9340-2020-00521,1,False,9340,1/31/2020 6:55:00 PM,1855,083,1368,4313,San Jose,43,True,True,C,REAR END,,Friday,NotApplicable,False,,,False,True,True,Santa Clara Superior,C,OTHER MOTOR VEHICLE,,0.0,0.0,CLEAR,, NO UNUSUAL CONDITIONS,, ,C,DARK-STREET LIGHTS,37.2551,-121.8482,,,,,A,NO PEDESTRIANS INVOLVED,1/31/2020 12:00:00 AM,A,22350,False,1.0,SR-85 S/B,,,2/7/2020 9:00:51 AM,A,S,1300.0,Santa Teresa Blvd,F,,D,2/7/2020 9:01:36 AM,2/7/2020 9:01:36 AM,,True,2,,,,,,,
1182257,9340-2020-00486,1,False,9340,1/30/2020 7:50:00 AM,750,089,1368,4313,San Jose,43,True,True,C,REAR END,,Thursday,NotApplicable,False,,,False,True,False,Santa Clara Superior,C,OTHER MOTOR VEHICLE,,1.0,0.0,CLOUDY,, NO UNUSUAL CONDITIONS,, ,A,DAYLIGHT,37.3568,-121.9086,,,,,A,NO PEDESTRIANS INVOLVED,1/30/2020 12:00:00 AM,A,22350,False,1.0,I-880 N/B,,,2/7/2020 8:50:10 AM,A,,,FIRST ST.,,,D,2/7/2020 8:50:56 AM,2/7/2020 8:50:56 AM,,True,2,,,,,,,
1182226,9340-2020-00544,1,False,9340,2/1/2020 1:10:00 PM,1310,282,1368,4313,San Jose,43,True,True,C,REAR END,,Saturday,NotApplicable,False,,,False,True,True,Santa Clara Superior,C,OTHER MOTOR VEHICLE,,0.0,0.0,CLEAR,, NO UNUSUAL CONDITIONS,, ,A,DAYLIGHT,37.316473,-121.967997,,,,,A,NO PEDESTRIANS INVOLVED,2/1/2020 12:00:00 AM,A,22350,False,1.0,I-280 N/B,,,2/7/2020 8:27:11 AM,A,S,800.0,Saratoga Ave,F,,D,2/7/2020 8:29:41 AM,2/7/2020 8:29:41 AM,,True,2,,,,,,,
1182158,9340-2020-00460,1,False,9340,1/28/2020 7:05:00 PM,1905,087,1368,4313,San Jose,43,True,True,B,SIDE SWIPE,,Tuesday,Yes,False,,,False,True,True,Santa Clara Superior,E,PARKED MOTOR VEHICLE,,0.0,0.0,CLEAR,, NO UNUSUAL CONDITIONS,, ,C,DARK-STREET LIGHTS,37.2624,-121.859,,,,,A,NO PEDESTRIANS INVOLVED,1/28/2020 12:00:00 AM,A,23152(a),True,1.0,SR-87 S/B,,,2/7/2020 7:33:36 AM,A,N,1900.0,Santa Teresa Blvd,F,,D,2/7/2020 7:35:15 AM,2/7/2020 7:35:15 AM,,True,2,,,,,,,
1182140,9340-2020-00482,1,False,9340,1/29/2020 7:35:00 PM,1935,282,1368,4313,San Jose,43,True,True,C,REAR END,,Wednesday,NotApplicable,False,,,False,True,False,Santa Clara Superior,C,OTHER MOTOR VEHICLE,,1.0,0.0,CLEAR,, NO UNUSUAL CONDITIONS,, ,C,DARK-STREET LIGHTS,37.3179,-121.9801,,,,,A,NO PEDESTRIANS INVOLVED,1/29/2020 12:00:00 AM,A,22350,False,1.0,I-280 S/B,,,2/7/2020 7:14:51 AM,A,N,1500.0,Saratoga Ave,F,,D,2/7/2020 7:16:00 AM,2/7/2020 7:16:00 AM,,True,2,,,,,,,