Collision Id,	Report Number,	Report Version,	Is Preliminary,	NCIC Code,Crash Date Time,	Crash Time Description,	Beat,City Id,	City Code,	City Name,County Code,	City Is Active,	City Is Incorporated,	Collision Type Code,Collision Type Description,	Collision Type Other Desc,	Day Of Week,	DispatchNotified,	HasPhotographs,	HitRun,	IsAttachmentsMailed,	IsDeleted,	IsHighwayRelated,	IsTowAway,	JudicialDistrict,	MotorVehicleInvolvedWithCode,	MotorVehicleInvolvedWithDesc,MotorVehicleInvolvedWithOtherDesc,	NumberInjured,	NumberKilled,Weather 1, Weather 2, Road Condition 1, Road Condition 2, Special Condition,LightingCode, LightingDescription,Latitude,Longitude,MilepostDirection,MilepostDistance,MilepostMarker,MilepostUnitOfMeasure,	PedestrianActionCode,PedestrianActionDesc,PreparedDate,	Primary Collision Factor Code,Primary Collision Factor Violation,PrimaryCollisionFactorIsCited,	PrimaryCollisionPartyNumber,	PrimaryRoad,	ReportingDistrict,	ReportingDistrictCode,ReviewedDate,	RoadwaySurfaceCode,SecondaryDirection,	SecondaryDistance,	SecondaryRoad,	SecondaryUnitOfMeasure,	SketchDesc,	TrafficControlDeviceCode,CreatedDate,	ModifiedDate,IsCountyRoad,IsFreeway,CHP555Version,	IsAdditonalObjectStruck,NotificationDate,	NotificationTimeDescription,	HasDigitalMediaFiles,	EvidenceNumber,	IsLocationReferToNarrative,	IsAOIOneSameAsLocation
1182035,9340-2020-00496,1,False,9340,1/30/2020 2:35:00 PM,1435,120,1368,4313,San Jose,43,True,True,C,REAR END,,Thursday,Yes,False,,,False,True,True,Santa Clara Superior,C,OTHER MOTOR VEHICLE,,0.0,0.0,CLEAR,, NO UNUSUAL CONDITIONS,, ,A,DAYLIGHT,37.37621,-121.93909,,,,,A,NO PEDESTRIANS INVOLVED,1/30/2020 12:00:00 AM,A,23152(a),True,1.0,US-101 S/B,,,2/6/2020 9:35:10 PM,A,S,0.14,Trimble Rd,M,,D,2/6/2020 9:36:45 PM,2/6/2020 9:36:45 PM,,True,2,,,,,,,
1182027,9340-2020-00529,1,False,9340,1/31/2020 7:28:00 PM,1928,281,1368,4313,San Jose,43,True,True,C,REAR END,,Friday,NotApplicable,False,M,,False,True,False,Santa Clara Superior,C,OTHER MOTOR VEHICLE,,1.0,0.0,CLEAR,, NO UNUSUAL CONDITIONS,, ,C,DARK-STREET LIGHTS,37.325,-121.8858,,,,,A,NO PEDESTRIANS INVOLVED,1/31/2020 12:00:00 AM,A,22350,False,1.0,I-280 S/B,,,2/6/2020 8:34:12 PM,A,S,300.0,Almaden Blvd,F,,D,2/6/2020 8:35:27 PM,2/6/2020 8:35:27 PM,,True,2,,,,,,,
1182025,9340-2020-00528,1,False,9340,1/31/2020 4:50:00 PM,1650,281,1368,4313,San Jose,43,True,True,C,REAR END,,Friday,NotApplicable,False,,,False,True,False,Santa Clara Superior,C,OTHER MOTOR VEHICLE,,1.0,0.0,CLEAR,, NO UNUSUAL CONDITIONS,, ,A,DAYLIGHT,37.3327,-121.863,,,,,A,NO PEDESTRIANS INVOLVED,1/31/2020 12:00:00 AM,A,22350,False,1.0,I-280 S/B,,,2/6/2020 8:13:19 PM,A,N,1820.0,McLaughlin Ave,F,,D,2/6/2020 8:14:06 PM,2/6/2020 8:14:06 PM,,True,2,,,,,,,
1182021,9340-2020-00522,1,False,9340,1/31/2020 3:00:00 PM,1500,230,1368,4313,San Jose,43,True,True,C,REAR END,,Friday,NotApplicable,False,,,False,True,False,Santa Clara Superior,C,OTHER MOTOR VEHICLE,,2.0,0.0,CLEAR,, NO UNUSUAL CONDITIONS,, ,A,DAYLIGHT,37.4179,-121.972,,,,,A,NO PEDESTRIANS INVOLVED,1/31/2020 12:00:00 AM,A,22350,False,1.0,SR-237 E/B,,,2/6/2020 6:14:09 PM,A,E,350.0,Great America Pky,F,,D,2/6/2020 6:15:43 PM,2/6/2020 6:15:43 PM,,True,2,,,,,,,
1182008,9340-2020-00545,1,False,9340,2/2/2020 2:40:00 PM,1440,281,1368,4313,San Jose,43,True,True,C,REAR END,,Sunday,NotApplicable,False,,,False,True,False,Santa Clara Superior,C,OTHER MOTOR VEHICLE,,0.0,0.0,CLEAR,, NO UNUSUAL CONDITIONS,, ,A,DAYLIGHT,37.3279,-121.8785,,,,,A,NO PEDESTRIANS INVOLVED,2/2/2020 12:00:00 AM,A,22350,False,1.0,I-280 N/B,,,2/6/2020 5:39:48 PM,A,N,620.0,7th St,F,,D,2/6/2020 5:40:36 PM,2/6/2020 5:40:36 PM,,True,2,,,,,,,
1181868,9340-2020-00514,1,False,9340,1/31/2020 9:07:00 AM,907,902,1368,4313,San Jose,43,True,True,C,REAR END,,Friday,NotApplicable,False,M,,False,False,False,Santa Clara Superior,E,PARKED MOTOR VEHICLE,,0.0,0.0,CLEAR,, NO UNUSUAL CONDITIONS,, Private Property,A,DAYLIGHT,37.3152,-121.9371,,,,,A,NO PEDESTRIANS INVOLVED,1/31/2020 12:00:00 AM,B,Unsafe Turn,,1.0,2400 Moorpark Ave.,,,2/6/2020 2:41:06 PM,A,E,140.0,Empey Way,F,,D,2/6/2020 2:42:37 PM,2/6/2020 2:42:37 PM,,,2,,,,,,,
1181847,9340-2020-00512,1,False,9340,1/31/2020 7:10:00 AM,710,110,1368,4313,San Jose,43,True,True,C,REAR END,,Friday,Yes,False,,,False,True,True,Santa Clara Superior,C,OTHER MOTOR VEHICLE,,1.0,0.0,CLEAR,, NO UNUSUAL CONDITIONS,, ,A,DAYLIGHT,37.289083,-121.809513,,,,,A,NO PEDESTRIANS INVOLVED,1/31/2020 12:00:00 AM,A,22350,False,1.0,US-101 N/B,,,2/6/2020 2:28:26 PM,A,N,2660.0,Hellyer Ave,F,,D,2/6/2020 2:30:02 PM,2/6/2020 2:30:02 PM,,True,2,,,,,,,
1181788,9340-2020-00489,1,False,9340,1/30/2020 12:10:00 PM,1210,087,1368,4313,San Jose,43,True,True,B,SIDE SWIPE,,Thursday,NotApplicable,False,M,,False,True,False,Santa Clara Superior,C,OTHER MOTOR VEHICLE,,0.0,0.0,CLOUDY,, NO UNUSUAL CONDITIONS,, ,A,DAYLIGHT,37.3146,-121.8877,,,,,A,NO PEDESTRIANS INVOLVED,1/30/2020 12:00:00 AM,A,22107,False,1.0,SR-87 S/B TO ALMA AVE.,,,2/6/2020 1:53:26 PM,A,N,1000.0,Alma Ave,F,,D,2/6/2020 1:54:12 PM,2/6/2020 1:54:12 PM,,True,2,,,,,,,
1181550,9340-2020-00523,1,False,9340,1/31/2020 2:45:00 PM,1445,088,1368,4313,San Jose,43,True,True,C,REAR END,,Friday,NotApplicable,False,,,False,True,True,Santa Clara Superior,C,OTHER MOTOR VEHICLE,,1.0,0.0,CLEAR,, NO UNUSUAL CONDITIONS,, ,A,DAYLIGHT,37.333892,-121.93739,,,,,A,NO PEDESTRIANS INVOLVED,1/31/2020 12:00:00 AM,A,22350,False,1.0,I-880 S/B,,,2/6/2020 10:38:43 AM,A,S,300.0,BASCOM AVE.,F,,D,2/6/2020 10:41:20 AM,2/6/2020 10:41:20 AM,,True,2,,,,,,,
1181500,9340-2020-00500,1,False,9340,1/30/2020 7:00:00 PM,1900,282,1368,4313,San Jose,43,True,True,C,REAR END,,Thursday,Yes,False,,,False,True,True,Santa Clara Superior,C,OTHER MOTOR VEHICLE,,1.0,0.0,CLEAR,, NO UNUSUAL CONDITIONS,, ,C,DARK-STREET LIGHTS,37.316299,-121.973108,,,,,A,NO PEDESTRIANS INVOLVED,1/30/2020 12:00:00 AM,A,22350,False,1.0,I-280 S/B,,,2/6/2020 10:07:13 AM,A,S,640.0,Saratoga Ave,F,,D,2/6/2020 10:09:51 AM,2/6/2020 10:09:51 AM,,True,2,,,,,,,
1181155,9340-2020-00532,1,False,9340,2/1/2020 2:56:00 PM,1456,087,1368,4313,San Jose,43,True,True,C,REAR END,,Saturday,Yes,False,,,False,True,True,Santa Clara Superior,C,OTHER MOTOR VEHICLE,,1.0,0.0,CLEAR,, NO UNUSUAL CONDITIONS,, ,A,DAYLIGHT,37.302688,-121.877311,,,,,A,NO PEDESTRIANS INVOLVED,2/1/2020 12:00:00 AM,A,22350,False,1.0,SR-87 N/B,,,2/5/2020 9:52:07 PM,A,N,300.0,Almaden Expy,F,,D,2/5/2020 9:53:25 PM,2/5/2020 9:53:25 PM,,True,2,,,,,,,
1181154,9340-2020-00533,1,False,9340,2/1/2020 4:38:00 PM,1638,281,1368,4313,San Jose,43,True,True,E,HIT OBJECT,,Saturday,NotApplicable,False,,,False,True,True,Santa Clara Superior,I,FIXED OBJECT,Push Guardrail,0.0,0.0,CLEAR,, NO UNUSUAL CONDITIONS,, ,B,DUSK-DAWN,37.31787,-121.936752,,,,,A,NO PEDESTRIANS INVOLVED,2/1/2020 12:00:00 AM,A,22350,False,1.0,I-280 NB TO I-880 N/B,,,2/5/2020 9:19:02 PM,A,N,250.0,Mac Arthur Ave,F,,D,2/5/2020 9:19:59 PM,2/5/2020 9:19:59 PM,,True,2,,,,,,,
1181149,9340-2020-00511,1,False,9340,1/31/2020 7:44:00 AM,744,120,1368,4313,San Jose,43,True,True,C,REAR END,,Friday,NotApplicable,False,,,False,True,True,Santa Clara Superior,C,OTHER MOTOR VEHICLE,,1.0,0.0,CLEAR,, NO UNUSUAL CONDITIONS,, ,A,DAYLIGHT,37.375775,-121.937592,,,,,A,NO PEDESTRIANS INVOLVED,1/31/2020 12:00:00 AM,A,22350,False,1.0,US101 S/B,,,2/5/2020 7:39:54 PM,A,S,1200.0,Trimble Rd,F,,D,2/5/2020 7:41:12 PM,2/5/2020 7:41:12 PM,,True,2,,,,,,,
1181148,9340-2020-00513,1,False,9340,1/31/2020 7:30:00 AM,730,087,1368,4313,San Jose,43,True,True,C,REAR END,,Friday,NotApplicable,False,,,False,True,True,Santa Clara Superior,C,OTHER MOTOR VEHICLE,,0.0,0.0,CLEAR,, NO UNUSUAL CONDITIONS,, ,A,DAYLIGHT,37.2916,-121.8715,,,,,A,NO PEDESTRIANS INVOLVED,1/31/2020 12:00:00 AM,A,22350,False,1.0,SR-87 N/B,,,2/5/2020 7:27:03 PM,A,S,1000.0,Curtner Ave,F,,D,2/5/2020 7:28:26 PM,2/5/2020 7:28:26 PM,,True,2,,,,,,,
1180925,9340-2020-00488,1,False,9340,1/30/2020 9:50:00 AM,950,083,1368,4313,San Jose,43,True,True,C,REAR END,,Thursday,NotApplicable,False,,,False,True,True,Santa Clara Superior,C,OTHER MOTOR VEHICLE,,0.0,0.0,CLOUDY,, NO UNUSUAL CONDITIONS,, ,A,DAYLIGHT,37.252,-121.8873,,,,,A,NO PEDESTRIANS INVOLVED,1/30/2020 12:00:00 AM,A,22350,False,1.0,SR-85 N/B,,,2/5/2020 2:19:09 PM,A,S,2500.0,Camden Ave,F,,D,2/5/2020 2:20:01 PM,2/5/2020 2:20:01 PM,,True,2,,,,,,,
1180916,9340-2020-00465,1,False,9340,1/29/2020 6:30:00 AM,630,087,1368,4313,San Jose,43,True,True,C,REAR END,,Wednesday,NotApplicable,False,,,False,True,False,Santa Clara Superior,C,OTHER MOTOR VEHICLE,,0.0,0.0,CLEAR,, NO UNUSUAL CONDITIONS,, ,B,DUSK-DAWN,37.2951,-121.8729,,,,,A,NO PEDESTRIANS INVOLVED,1/29/2020 12:00:00 AM,A,22350,False,1.0,SR-87 N/B,,,2/5/2020 2:15:11 PM,A,N,200.0,Curtner Ave,F,,D,2/5/2020 2:15:58 PM,2/5/2020 2:15:58 PM,,True,2,,,,,,,
1180908,9340-2020-00466,1,False,9340,1/29/2020 8:00:00 AM,800,087,1368,4313,San Jose,43,True,True,B,SIDE SWIPE,,Wednesday,NotApplicable,False,,,False,True,False,Santa Clara Superior,C,OTHER MOTOR VEHICLE,,0.0,0.0,CLEAR,, NO UNUSUAL CONDITIONS,, ,A,DAYLIGHT,37.3236,-121.8918,,,,,A,NO PEDESTRIANS INVOLVED,1/29/2020 12:00:00 AM,A,21658(a),False,1.0,SR-87 N/B,,,2/5/2020 2:06:06 PM,A,S,2500.0,I-280,F,,D,2/5/2020 2:07:56 PM,2/5/2020 2:07:56 PM,,True,2,,,,,,,
1180901,9340-2020-00407,1,False,9340,1/25/2020 5:50:00 PM,1750,110,1368,4313,San Jose,43,True,True,C,REAR END,,Saturday,NotApplicable,False,M,,False,True,True,Santa Clara Superior,C,OTHER MOTOR VEHICLE,,0.0,0.0,CLEAR,, NO UNUSUAL CONDITIONS,, ,D,DARK-NO STREET LIGHTS,37.319309,-121.832115,,,,,A,NO PEDESTRIANS INVOLVED,1/25/2020 12:00:00 AM,A,22350,False,1.0,US101 N/B,,,2/5/2020 2:00:44 PM,A,N,650.0,Tully Rd,F,,D,2/5/2020 2:01:47 PM,2/5/2020 2:01:47 PM,,True,2,,,,,,,
1180887,9340-2020-00416,1,False,9340,1/25/2020 5:38:00 PM,1738,083,1368,4313,San Jose,43,True,True,E,HIT OBJECT,,Saturday,NotApplicable,False,M,,False,True,False,Santa Clara Superior,J,OTHER OBJECT,ROCKS,0.0,0.0,CLEAR,, NO UNUSUAL CONDITIONS,, ,D,DARK-NO STREET LIGHTS,37.15192,-121.51436,,,,,A,NO PEDESTRIANS INVOLVED,1/25/2020 12:00:00 AM,A,22350,False,1.0,SR-85 S/B,,,2/5/2020 1:51:23 PM,A,N,900.0,Santa Teresa Blvd,F,,D,2/5/2020 1:52:20 PM,2/5/2020 1:52:20 PM,,True,2,,,,,,,
1180863,9725-2020-00031,1,False,9725,1/9/2020 9:20:00 AM,920,085,1368,4313,San Jose,43,True,True,B,SIDE SWIPE,,Thursday,NotApplicable,False,M,,False,True,False,Santa Clara Superior,C,OTHER MOTOR VEHICLE,,0.0,0.0,CLEAR,, NO UNUSUAL CONDITIONS,, ,A,DAYLIGHT,37.241,-121.79599,,,,,A,NO PEDESTRIANS INVOLVED,1/9/2020 12:00:00 AM,A,22107,False,1.0,SR-85 N/B,,,2/5/2020 1:34:19 PM,A,S,0.3,Cottle Rd,M,,D,2/5/2020 1:35:05 PM,2/5/2020 1:35:05 PM,,True,2,,,,,,,
1180738,9340-2020-00524,1,False,9340,1/31/2020 4:40:00 PM,1640,282,1368,4313,San Jose,43,True,True,C,REAR END,,Friday,NotApplicable,False,,,False,True,False,Santa Clara Superior,C,OTHER MOTOR VEHICLE,,0.0,0.0,CLOUDY,, NO UNUSUAL CONDITIONS,, ,A,DAYLIGHT,37.318078,-121.98879,,,,,A,NO PEDESTRIANS INVOLVED,1/31/2020 12:00:00 AM,A,22350,False,1.0,I-280 S/B ,,,2/5/2020 12:03:32 PM,A,S,2000.0,LAWRENCE EXPRESSWAY,F,,D,2/5/2020 12:04:34 PM,2/5/2020 12:04:34 PM,,True,2,,,,,,,
1180690,9340-2020-00495,1,False,9340,1/30/2020 12:30:00 PM,1230,110,1368,4313,San Jose,43,True,True,E,HIT OBJECT,,Thursday,Yes,False,,,False,True,True,Santa Clara Superior,I,FIXED OBJECT,IMPACT ATTENUATOR,1.0,0.0,CLOUDY,, NO UNUSUAL CONDITIONS,, ,A,DAYLIGHT,37.3359,-121.8486,,,,,A,NO PEDESTRIANS INVOLVED,1/30/2020 12:00:00 AM,A,22107,False,1.0,US-101 S/B,,,2/5/2020 11:18:38 AM,A,N,50.0,Story Rd,F,,D,2/5/2020 11:20:11 AM,2/5/2020 11:20:11 AM,,True,2,,,,,,,
1180557,9340-2020-00501,1,False,9340,1/30/2020 5:55:00 PM,1755,120,1368,4313,San Jose,43,True,True,B,SIDE SWIPE,,Thursday,NotApplicable,False,,,False,True,True,Santa Clara Superior,C,OTHER MOTOR VEHICLE,,0.0,0.0,CLEAR,, NO UNUSUAL CONDITIONS,, ,D,DARK-NO STREET LIGHTS,37.37481,-121.93245,,,,,A,NO PEDESTRIANS INVOLVED,1/30/2020 12:00:00 AM,A,21658(a),False,1.0,US101 S/B,,,2/5/2020 10:07:46 AM,A,N,1800.0,SR-87,F,,D,2/5/2020 10:08:29 AM,2/5/2020 10:08:29 AM,,True,2,,,,,,,
1180526,9340-2020-00507,1,False,9340,1/30/2020 7:20:00 PM,1920,681,1368,4313,San Jose,43,True,True,C,REAR END,,Thursday,NotApplicable,False,,,False,True,True,Santa Clara Superior,C,OTHER MOTOR VEHICLE,,0.0,0.0,CLEAR,, NO UNUSUAL CONDITIONS,, ,D,DARK-NO STREET LIGHTS,37.368054,-121.846699,,,,,A,NO PEDESTRIANS INVOLVED,1/30/2020 12:00:00 AM,A,22350,False,1.0,I-680 S/B FROM MCKEE RD,,,2/5/2020 9:52:10 AM,A,N,2000.0,Madden Ave,F,,D,2/5/2020 9:52:58 AM,2/5/2020 9:52:58 AM,,True,2,,,,,,,
1180441,9340-2020-00491,1,False,9340,1/30/2020 8:30:00 AM,830,681,1368,4313,San Jose,43,True,True,C,REAR END,,Thursday,NotApplicable,False,,,False,True,True,Santa Clara Superior,C,OTHER MOTOR VEHICLE,,0.0,0.0,CLOUDY,RAINING, NO UNUSUAL CONDITIONS,, ,A,DAYLIGHT,37.36328,-121.84329,,,,,A,NO PEDESTRIANS INVOLVED,1/30/2020 12:00:00 AM,A,22350,False,4.0,I-680 S/B,,,2/5/2020 9:10:06 AM,B,S,300.0,McKee Rd,F,,D,2/5/2020 9:11:54 AM,2/5/2020 9:11:54 AM,,True,2,,,,,,,
1180436,9340-2020-00506,1,False,9340,1/30/2020 3:05:00 PM,1505,088,1368,4313,San Jose,43,True,True,C,REAR END,,Thursday,NotApplicable,False,,,False,True,False,Santa Clara Superior,C,OTHER MOTOR VEHICLE,,0.0,0.0,CLEAR,, NO UNUSUAL CONDITIONS,, ,A,DAYLIGHT,37.3344,-121.9354,,,,,A,NO PEDESTRIANS INVOLVED,1/30/2020 12:00:00 AM,A,22350,False,1.0,I-880 N/B FROM BASCOM AVE,,,2/5/2020 9:07:54 AM,A,N,230.0,Bascom Ave,F,,A,2/5/2020 9:08:44 AM,2/5/2020 9:08:44 AM,,True,2,,,,,,,
1180422,9340-2020-00534,1,False,9340,1/26/2020 3:15:00 PM,1515,281,1368,4313,San Jose,43,True,True,B,SIDE SWIPE,,Sunday,NotApplicable,False,,,False,True,False,Santa Clara Superior,C,OTHER MOTOR VEHICLE,,0.0,0.0,CLEAR,, NO UNUSUAL CONDITIONS,, Counter Report,A,DAYLIGHT,37.3173,-121.9348,,,,,A,NO PEDESTRIANS INVOLVED,1/26/2020 12:00:00 AM,A,22107,False,1.0,I-280 SOUTHBOUND,,,2/5/2020 8:56:41 AM,A,N,1250.0,Bascom Ave,F,,D,2/5/2020 8:57:44 AM,2/5/2020 8:57:44 AM,,True,2,,,,,,,
1180310,9340-2020-00477,1,False,9340,1/29/2020 7:50:00 PM,1950,083,1368,4313,San Jose,43,True,True,C,REAR END,,Wednesday,NotApplicable,False,M,,False,True,True,Santa Clara Superior,C,OTHER MOTOR VEHICLE,,0.0,0.0,CLEAR,, NO UNUSUAL CONDITIONS,, ,C,DARK-STREET LIGHTS,37.2546,-121.8781,,,,,A,NO PEDESTRIANS INVOLVED,1/29/2020 12:00:00 AM,A,22350,False,1.0,SR-85 S/B (to Almaden Expressway),,,2/5/2020 7:50:04 AM,A,S,600.0,Almaden Expy,F,,D,2/5/2020 7:51:17 AM,2/5/2020 7:51:17 AM,,True,2,,,,,,,
1180291,9340-2020-00473,1,False,9340,1/29/2020 5:45:00 PM,1745,083,1368,4313,San Jose,43,True,True,C,REAR END,,Wednesday,NotApplicable,False,,,False,True,True,Santa Clara Superior,C,OTHER MOTOR VEHICLE,,2.0,0.0,CLEAR,, NO UNUSUAL CONDITIONS,, ,D,DARK-NO STREET LIGHTS,37.254742,-121.951532,,,,,A,NO PEDESTRIANS INVOLVED,1/29/2020 12:00:00 AM,A,22350,False,1.0,SR-85 N/B,,,2/5/2020 7:34:15 AM,A,N,10.0,Bascom Ave,F,,D,2/5/2020 7:35:20 AM,2/5/2020 7:35:20 AM,,True,2,,,,,,,
1180209,9340-2020-00547,1,False,9340,1/26/2020 4:00:00 AM,400,110,1368,4313,San Jose,43,True,True,E,HIT OBJECT,,Sunday,Yes,False,,,False,True,True,Santa Clara Superior,I,FIXED OBJECT,TREE,0.0,0.0,RAINING,, NO UNUSUAL CONDITIONS,, ,C,DARK-STREET LIGHTS,37.342206,-121.854803,,,,,A,NO PEDESTRIANS INVOLVED,2/2/2020 12:00:00 AM,A,23152(a),True,1.0,US-101 S/B,,,2/5/2020 5:04:23 AM,B,N,1200.0,I-280,F,,D,2/5/2020 5:05:43 AM,2/5/2020 5:05:43 AM,,True,2,,,,,,,
1180191,9340-2020-00479,1,False,9340,1/29/2020 2:40:00 PM,1440,120,1368,4313,San Jose,43,True,True,C,REAR END,,Wednesday,NotApplicable,False,,,False,True,False,Santa Clara Superior,C,OTHER MOTOR VEHICLE,,0.0,0.0,CLEAR,, NO UNUSUAL CONDITIONS,, ,A,DAYLIGHT,37.362642,-121.891774,,,,,A,NO PEDESTRIANS INVOLVED,1/29/2020 12:00:00 AM,A,22350,False,1.0,US-101 S/B (TO OAKLAND RD),,,2/4/2020 10:04:05 PM,A,N,30.0,Oakland Rd,F,,D,2/4/2020 10:04:50 PM,2/4/2020 10:04:50 PM,,True,2,,,,,,,
1180185,9340-2020-00487,1,False,9340,1/30/2020 8:15:00 AM,815,083,1368,4313,San Jose,43,True,True,C,REAR END,,Thursday,NotApplicable,False,,,False,True,False,Santa Clara Superior,C,OTHER MOTOR VEHICLE,,0.0,0.0,CLOUDY,, NO UNUSUAL CONDITIONS,, ,A,DAYLIGHT,37.2502,-121.9094,,,,,A,NO PEDESTRIANS INVOLVED,1/30/2020 12:00:00 AM,A,22350,False,1.0,SR-85 N/B,,,2/4/2020 9:19:30 PM,B,S,1000.0,Camden Ave,F,,D,2/4/2020 9:20:26 PM,2/4/2020 9:20:26 PM,,True,2,,,,,,,
1180184,9340-2020-00485,1,False,9340,1/30/2020 7:10:00 AM,710,087,1368,4313,San Jose,43,True,True,C,REAR END,,Thursday,NotApplicable,False,,,False,True,False,Santa Clara Superior,C,OTHER MOTOR VEHICLE,,0.0,0.0,CLOUDY,, NO UNUSUAL CONDITIONS,, ,B,DUSK-DAWN,37.2776,-121.8639,,,,,A,NO PEDESTRIANS INVOLVED,1/30/2020 12:00:00 AM,A,22350,False,1.0,SR-87 N/B,,,2/4/2020 9:10:28 PM,A,N,500.0,Capitol Expy,F,,D,2/4/2020 9:11:43 PM,2/4/2020 9:11:43 PM,,True,2,,,,,,,
1180174,9340-2020-00468,1,False,9340,1/29/2020 9:52:00 AM,952,089,1368,4313,San Jose,43,True,True,C,REAR END,,Wednesday,Yes,False,,,False,True,True,Santa Clara Superior,C,OTHER MOTOR VEHICLE,,2.0,0.0,CLEAR,, NO UNUSUAL CONDITIONS,, ,A,DAYLIGHT,37.3882,-121.906,,,,,A,NO PEDESTRIANS INVOLVED,1/29/2020 12:00:00 AM,A,22350,False,1.0,I-880 S/B,,,2/4/2020 7:46:51 PM,A,N,1500.0,Brokaw Rd,F,,D,2/4/2020 7:48:16 PM,2/4/2020 7:48:16 PM,,True,2,,,,,,,
1180166,9340-2020-00470,1,False,9340,1/29/2020 8:25:00 AM,825,681,1368,4313,San Jose,43,True,True,B,SIDE SWIPE,,Wednesday,NotApplicable,False,F,,False,True,False,Santa Clara Superior,C,OTHER MOTOR VEHICLE,,1.0,0.0,CLOUDY,, NO UNUSUAL CONDITIONS,, ,A,DAYLIGHT,37.35478,-121.83785,,,,,A,NO PEDESTRIANS INVOLVED,1/29/2020 12:00:00 AM,A,21658(a),False,3.0,I-680 N/B,,,2/4/2020 6:43:48 PM,A,S,100.0,Capitol Expy,F,,D,2/4/2020 6:45:01 PM,2/4/2020 6:45:01 PM,,True,2,,,,,,,
1179740,9340-2020-00452,1,False,9340,1/28/2020 6:20:00 PM,1820,282,1368,4313,San Jose,43,True,True,C,REAR END,,Tuesday,NotApplicable,False,,,False,True,True,Santa Clara Superior,C,OTHER MOTOR VEHICLE,,0.0,0.0,CLEAR,, NO UNUSUAL CONDITIONS,, ,D,DARK-NO STREET LIGHTS,37.3165,-121.9649,,,,,A,NO PEDESTRIANS INVOLVED,1/28/2020 12:00:00 AM,A,22350,False,1.0,I-280 N/B,,,2/4/2020 11:47:11 AM,A,S,3000.0,Saratoga Ave,F,,D,2/4/2020 11:48:16 AM,2/4/2020 11:48:16 AM,,True,2,,,,,,,
1179711,9340-2020-00456,1,False,9340,1/28/2020 7:10:00 PM,1910,120,1368,4313,San Jose,43,True,True,B,SIDE SWIPE,,Tuesday,NotApplicable,False,,,False,True,False,Santa Clara Superior,C,OTHER MOTOR VEHICLE,,0.0,0.0,CLEAR,, NO UNUSUAL CONDITIONS,, ,C,DARK-STREET LIGHTS,37.37722,-121.9447,,,,,A,NO PEDESTRIANS INVOLVED,1/28/2020 12:00:00 AM,A,21658(a),False,1.0,US101 S/B,,,2/4/2020 11:27:36 AM,A,S,300.0,Lafayette St,F,,D,2/4/2020 11:28:24 AM,2/4/2020 11:28:24 AM,,True,2,,,,,,,
1179705,9340-2020-00492,2,False,9340,1/28/2020 9:25:00 AM,925,281,1368,4313,San Jose,43,True,True,B,SIDE SWIPE,,Tuesday,NotApplicable,False,M,,False,True,False,Santa Clara Superior,C,OTHER MOTOR VEHICLE,,0.0,0.0,CLEAR,, NO UNUSUAL CONDITIONS,, ,A,DAYLIGHT,37.16878,-121.919264,,,,,A,NO PEDESTRIANS INVOLVED,1/28/2020 12:00:00 AM,A,21658(a),False,1.0,I-280 N/B,,,4/14/2020 3:52:07 PM,A,N,125.0,SR-87,F,REFER TO PG. #3,D,2/4/2020 11:22:38 AM,4/14/2020 3:52:42 PM,,True,2,,,,,,,
1179699,9340-2020-00450,1,False,9340,1/28/2020 10:20:00 AM,1020,083,1368,4313,San Jose,43,True,True,C,REAR END,,Tuesday,NotApplicable,False,,,False,True,True,Santa Clara Superior,C,OTHER MOTOR VEHICLE,,1.0,0.0,CLOUDY,, NO UNUSUAL CONDITIONS,, ,A,DAYLIGHT,37.1539,-121.5648,,,,,A,NO PEDESTRIANS INVOLVED,1/28/2020 12:00:00 AM,A,22350,False,1.0,SR-85 N/B,,,2/4/2020 11:16:40 AM,A,S,0.2,Bascom Ave.,M,,D,2/4/2020 11:17:49 AM,2/4/2020 11:17:49 AM,,True,2,,,,,,,
1179675,9340-2020-00447,1,False,9340,1/28/2020 10:20:00 AM,1020,240,1368,4313,San Jose,43,True,True,B,SIDE SWIPE,,Tuesday,NotApplicable,False,,,False,True,False,Santa Clara Superior,C,OTHER MOTOR VEHICLE,,0.0,0.0,CLEAR,, NO UNUSUAL CONDITIONS,, ,A,DAYLIGHT,37.4192,-121.955,,,,,A,NO PEDESTRIANS INVOLVED,1/28/2020 12:00:00 AM,A,22107,False,1.0,SR-237 E/B,,,2/4/2020 10:58:32 AM,A,E,1200.0,N 1ST ST,F,,D,2/4/2020 10:59:21 AM,2/4/2020 10:59:21 AM,,True,2,,,,,,,
1179663,9340-2020-00462,1,False,9340,1/28/2020 11:05:00 PM,2305,681,1368,4313,San Jose,43,True,True,E,HIT OBJECT,,Tuesday,NotApplicable,False,,,False,True,True,Santa Clara Superior,I,FIXED OBJECT,CONCRETE BARRIER,1.0,0.0,CLOUDY,, NO UNUSUAL CONDITIONS,, ,C,DARK-STREET LIGHTS,37.3792,-121.8574,,,,,A,NO PEDESTRIANS INVOLVED,1/28/2020 12:00:00 AM,A,22107,False,1.0,I-680 S/B,,,2/4/2020 10:51:28 AM,A,N,1000.0,Mabury Rd,F,,D,2/4/2020 10:52:17 AM,2/4/2020 10:52:17 AM,,True,2,,,,,,,