Collision Id,	Report Number,	Report Version,	Is Preliminary,	NCIC Code,Crash Date Time,	Crash Time Description,	Beat,City Id,	City Code,	City Name,County Code,	City Is Active,	City Is Incorporated,	Collision Type Code,Collision Type Description,	Collision Type Other Desc,	Day Of Week,	DispatchNotified,	HasPhotographs,	HitRun,	IsAttachmentsMailed,	IsDeleted,	IsHighwayRelated,	IsTowAway,	JudicialDistrict,	MotorVehicleInvolvedWithCode,	MotorVehicleInvolvedWithDesc,MotorVehicleInvolvedWithOtherDesc,	NumberInjured,	NumberKilled,Weather 1, Weather 2, Road Condition 1, Road Condition 2, Special Condition,LightingCode, LightingDescription,Latitude,Longitude,MilepostDirection,MilepostDistance,MilepostMarker,MilepostUnitOfMeasure,	PedestrianActionCode,PedestrianActionDesc,PreparedDate,	Primary Collision Factor Code,Primary Collision Factor Violation,PrimaryCollisionFactorIsCited,	PrimaryCollisionPartyNumber,	PrimaryRoad,	ReportingDistrict,	ReportingDistrictCode,ReviewedDate,	RoadwaySurfaceCode,SecondaryDirection,	SecondaryDistance,	SecondaryRoad,	SecondaryUnitOfMeasure,	SketchDesc,	TrafficControlDeviceCode,CreatedDate,	ModifiedDate,IsCountyRoad,IsFreeway,CHP555Version,	IsAdditonalObjectStruck,NotificationDate,	NotificationTimeDescription,	HasDigitalMediaFiles,	EvidenceNumber,	IsLocationReferToNarrative,	IsAOIOneSameAsLocation
1208500,9340-2020-01121,1,False,9340,3/6/2020 6:40:00 PM,1840,083,1368,4313,San Jose,43,True,True,C,REAR END,,Friday,NotApplicable,False,,,False,True,True,Santa Clara Superior,C,OTHER MOTOR VEHICLE,,0.0,0.0,CLEAR,, NO UNUSUAL CONDITIONS,, ,C,DARK-STREET LIGHTS,37.250535,-121.929452,,,,,A,NO PEDESTRIANS INVOLVED,3/9/2020 12:00:00 AM,A,22350,False,1.0,SR-85 S/B,,,3/16/2020 7:58:08 AM,A,S,500.0,Union Ave,F,,D,3/16/2020 7:59:14 AM,3/16/2020 7:59:14 AM,,True,2,,,,,,,
1208377,9340-2020-01107,1,False,9340,3/7/2020 3:00:00 PM,1500,110,1368,4313,San Jose,43,True,True,C,REAR END,,Saturday,NotApplicable,False,,,False,True,True,Santa Clara Superior,C,OTHER MOTOR VEHICLE,,0.0,0.0,RAINING,, NO UNUSUAL CONDITIONS,, ,A,DAYLIGHT,37.281834,-121.808658,,,,,A,NO PEDESTRIANS INVOLVED,3/7/2020 12:00:00 AM,A,22350,False,1.0,US101 S/B,,,3/15/2020 11:11:15 PM,B,N,240.0,Hellyer Ave,F,,D,3/15/2020 11:12:04 PM,3/15/2020 11:12:04 PM,,True,2,,,,,,,
1208373,9340-2020-01089,1,False,9340,3/6/2020 6:30:00 PM,1830,083,1368,4313,San Jose,43,True,True,C,REAR END,,Friday,NotApplicable,False,,,False,True,True,Santa Clara Superior,C,OTHER MOTOR VEHICLE,,0.0,0.0,CLEAR,, NO UNUSUAL CONDITIONS,, ,C,DARK-STREET LIGHTS,37.251157,-121.933283,,,,,A,NO PEDESTRIANS INVOLVED,3/6/2020 12:00:00 AM,A,22350,False,1.0,SR-85 S/B,,,3/15/2020 10:52:11 PM,A,N,400.0,Union Ave,F,,D,3/15/2020 10:53:39 PM,3/15/2020 10:53:39 PM,,True,2,,,,,,,
1208370,9340-2020-01173,1,False,9340,3/13/2020 10:10:00 PM,2210,087,1368,4313,San Jose,43,True,True,C,REAR END,,Friday,Yes,False,,,False,True,True,Santa Clara Superior,C,OTHER MOTOR VEHICLE,,1.0,0.0,CLOUDY,, NO UNUSUAL CONDITIONS,, ,D,DARK-NO STREET LIGHTS,37.358926,-121.914589,,,,,A,NO PEDESTRIANS INVOLVED,3/14/2020 12:00:00 AM,A,23152(a),True,1.0,SR-87 S/B,,,3/15/2020 10:06:27 PM,A,S,2500.0,Skyport Dr,F,,D,3/15/2020 10:08:02 PM,3/15/2020 10:08:02 PM,,True,2,,,,,,,
1208367,9340-2020-01112,1,False,9340,3/7/2020 3:30:00 PM,1530,120,1368,4313,San Jose,43,True,True,E,HIT OBJECT,,Saturday,NotApplicable,False,,,False,True,False,Santa Clara Superior,I,FIXED OBJECT,CHAIN LINK FENCE,0.0,0.0,RAINING,, NO UNUSUAL CONDITIONS,, ,A,DAYLIGHT,37.375147,-121.941852,,,,,A,NO PEDESTRIANS INVOLVED,3/7/2020 12:00:00 AM,A,22107,False,1.0,US-101 S/B FROM DE LA CRUZ BLVD,,,3/15/2020 9:20:50 PM,B,S,172.0,De la Cruz Blvd,F,,D,3/15/2020 9:21:26 PM,3/15/2020 9:21:26 PM,,True,2,,,,,,,
1208358,9340-2020-01108,1,False,9340,3/7/2020 2:44:00 PM,1444,120,1368,4313,San Jose,43,True,True,E,HIT OBJECT,,Saturday,NotApplicable,False,,,False,True,False,Santa Clara Superior,I,FIXED OBJECT,GUARD RAIL,1.0,0.0,RAINING,, NO UNUSUAL CONDITIONS,, ,A,DAYLIGHT,37.372669,-121.921404,,,,,A,NO PEDESTRIANS INVOLVED,3/7/2020 12:00:00 AM,A,22107,False,1.0,US101 N/B,,,3/15/2020 8:51:36 PM,B,N,576.0,Brokaw Rd,F,,D,3/15/2020 8:52:16 PM,3/15/2020 8:52:16 PM,,True,2,,,,,,,
1208357,9340-2020-01105,1,False,9340,3/7/2020 4:10:00 PM,1610,110,1368,4313,San Jose,43,True,True,C,REAR END,,Saturday,NotApplicable,False,,,False,True,True,Santa Clara Superior,C,OTHER MOTOR VEHICLE,,0.0,0.0,RAINING,, NO UNUSUAL CONDITIONS,, ,A,DAYLIGHT,37.30305,-121.816508,,,,,A,NO PEDESTRIANS INVOLVED,3/7/2020 12:00:00 AM,A,22350,False,1.0,US101 S/B,,,3/15/2020 8:45:49 PM,B,S,100.0,Capitol Expy,F,,D,3/15/2020 8:47:02 PM,3/15/2020 8:47:02 PM,,True,2,,,,,,,
1208352,9340-2020-01090,1,False,9340,3/6/2020 4:22:00 PM,1622,088,1368,4313,San Jose,43,True,True,C,REAR END,,Friday,NotApplicable,False,,,False,True,True,Santa Clara Superior,C,OTHER MOTOR VEHICLE,,0.0,0.0,CLEAR,, NO UNUSUAL CONDITIONS,, ,A,DAYLIGHT,37.3555,-121.91015,,,,,A,NO PEDESTRIANS INVOLVED,3/6/2020 12:00:00 AM,A,22350,False,1.0,I-880 S/B,,,3/15/2020 8:29:53 PM,A,S,1341.0,1st St,F,,D,3/15/2020 8:31:06 PM,3/15/2020 8:31:06 PM,,True,2,,,,,,,
1208351,9340-2020-01080,1,False,9340,3/6/2020 2:45:00 PM,1445,110,1368,4313,San Jose,43,True,True,E,HIT OBJECT,,Friday,Yes,False,,,False,True,True,Santa Clara Superior,I,FIXED OBJECT,CONCRETE BARRIER,0.0,0.0,CLOUDY,, NO UNUSUAL CONDITIONS,, ,A,DAYLIGHT,37.335743,-121.848299,,,,,A,NO PEDESTRIANS INVOLVED,3/6/2020 12:00:00 AM,A,23152(a),True,1.0,US101 S/B,,,3/15/2020 8:19:42 PM,A,S,560.0,I-280,F,,D,3/15/2020 8:20:38 PM,3/15/2020 8:20:38 PM,,True,2,,,,,,,
1208344,9340-2020-01098,1,False,9340,3/6/2020 3:30:00 PM,1530,681,1368,4313,San Jose,43,True,True,C,REAR END,,Friday,NotApplicable,False,,,False,True,False,Santa Clara Superior,C,OTHER MOTOR VEHICLE,,0.0,0.0,CLEAR,, NO UNUSUAL CONDITIONS,, ,A,DAYLIGHT,37.36378,-121.843768,,,,,A,NO PEDESTRIANS INVOLVED,3/6/2020 12:00:00 AM,A,22350,False,1.0,I-680 S/B,,,3/15/2020 6:48:18 PM,A,N,0.31,Alum Rock Ave,M,,D,3/15/2020 6:49:16 PM,3/15/2020 6:49:16 PM,,True,2,,,,,,,
1208338,9340-2020-01130,1,False,9340,3/9/2020 4:15:00 PM,1615,120,1368,4313,San Jose,43,True,True,B,SIDE SWIPE,,Monday,NotApplicable,False,,,False,True,False,Santa Clara Superior,C,OTHER MOTOR VEHICLE,,0.0,0.0,CLEAR,, NO UNUSUAL CONDITIONS,, ,A,DAYLIGHT,37.364096,-121.902175,,,,,A,NO PEDESTRIANS INVOLVED,3/9/2020 12:00:00 AM,A,21658(a),False,1.0,US101 S/B,,,3/15/2020 5:25:51 PM,A,N,10.0,I-880,F,,D,3/15/2020 5:27:14 PM,3/15/2020 5:27:14 PM,,True,2,,,,,,,
1208332,9340-2020-01083,1,False,9340,3/6/2020 1:50:00 PM,1350,089,1368,4313,San Jose,43,True,True,B,SIDE SWIPE,,Friday,NotApplicable,False,M,,False,True,False,Santa Clara Superior,C,OTHER MOTOR VEHICLE,,0.0,0.0,CLEAR,, NO UNUSUAL CONDITIONS,, ,A,DAYLIGHT,37.3653,-121.9014,,,,,A,NO PEDESTRIANS INVOLVED,3/6/2020 12:00:00 AM,A,21658(a),False,1.0,I-880 S/B,,,3/15/2020 4:59:45 PM,A,N,400.0,US-101,F,,D,3/15/2020 5:01:13 PM,3/15/2020 5:01:13 PM,,True,2,,,,,,,
1208330,9340-2020-01078,1,False,9340,3/6/2020 12:50:00 PM,1250,230,1368,4313,San Jose,43,True,True,B,SIDE SWIPE,,Friday,NotApplicable,False,,,False,True,False,Santa Clara Superior,C,OTHER MOTOR VEHICLE,,0.0,0.0,CLEAR,, NO UNUSUAL CONDITIONS,, ,A,DAYLIGHT,37.4112,-121.9899,,,,,A,NO PEDESTRIANS INVOLVED,3/6/2020 12:00:00 AM,A,21658(a),False,1.0,SR-237 W/B,,,3/15/2020 4:53:21 PM,A,E,1800.0,Lawrence Expy,F,,D,3/15/2020 4:54:46 PM,3/15/2020 4:54:46 PM,,True,2,,,,,,,
1208329,9340-2020-01069,1,False,9340,3/5/2020 10:30:00 PM,2230,172,1368,4313,San Jose,43,True,True,C,REAR END,,Thursday,Yes,False,,,False,True,True,Santa Clara Superior,C,OTHER MOTOR VEHICLE,,1.0,0.0,CLEAR,, NO UNUSUAL CONDITIONS,, ,A,DAYLIGHT,37.31016,-121.9404,,,,,A,NO PEDESTRIANS INVOLVED,3/5/2020 12:00:00 AM,A,23152(a),True,1.0,SR-17 N/B,,,3/15/2020 4:40:53 PM,A,S,2475.0,I-280,F,,D,3/15/2020 4:43:50 PM,3/15/2020 4:43:50 PM,,True,2,,,,,,,
1208327,9340-2020-01054,1,False,9340,3/5/2020 9:40:00 AM,940,281,1368,4313,San Jose,43,True,True,B,SIDE SWIPE,,Thursday,NotApplicable,False,M,,False,True,False,Santa Clara Superior,C,OTHER MOTOR VEHICLE,,0.0,0.0,CLEAR,, NO UNUSUAL CONDITIONS,, ,A,DAYLIGHT,37.3168,-121.9248,,,,,A,NO PEDESTRIANS INVOLVED,3/5/2020 12:00:00 AM,A,21658(a),False,1.0,I-280 N/B,,,3/15/2020 4:27:36 PM,A,S,2000.0,Bascom Ave,F,,D,3/15/2020 4:29:51 PM,3/15/2020 4:29:51 PM,,True,2,,,,,,,
1208325,9340-2020-01033,1,False,9340,3/4/2020 10:30:00 AM,1030,281,1368,4313,San Jose,43,True,True,C,REAR END,,Wednesday,NotApplicable,False,,,False,True,False,Santa Clara Superior,C,OTHER MOTOR VEHICLE,,2.0,0.0,CLEAR,, NO UNUSUAL CONDITIONS,, ,A,DAYLIGHT,37.316638,-121.918132,,,,,A,NO PEDESTRIANS INVOLVED,3/4/2020 12:00:00 AM,A,22107,False,1.0,I-280 S/B TO MERIDIAN AVENUE,,,3/15/2020 4:09:20 PM,A,N,1340.0,Meridian Ave,F,,D,3/15/2020 4:13:05 PM,3/15/2020 4:13:05 PM,,True,2,,,,,,,
1208324,9340-2020-01074,1,False,9340,3/5/2020 5:14:00 PM,1714,110,1368,4313,San Jose,43,True,True,B,SIDE SWIPE,,Thursday,NotApplicable,False,M,,False,True,False,Santa Clara Superior,C,OTHER MOTOR VEHICLE,,0.0,0.0,CLEAR,, NO UNUSUAL CONDITIONS,, ,B,DUSK-DAWN,37.3318,-121.8449,,,,,A,NO PEDESTRIANS INVOLVED,3/5/2020 12:00:00 AM,A,21658(a),False,1.0,US 101 SB FROM I-680,,,3/15/2020 3:47:41 PM,A,S,200.0,I-680 S/B,F,,D,3/15/2020 3:49:12 PM,3/15/2020 3:49:12 PM,,True,2,,,,,,,
1208323,9340-2020-01020,1,False,9340,3/3/2020 9:00:00 AM,900,281,1368,4313,San Jose,43,True,True,C,REAR END,,Tuesday,NotApplicable,False,,,False,True,False,Santa Clara Superior,C,OTHER MOTOR VEHICLE,,0.0,0.0,CLEAR,, NO UNUSUAL CONDITIONS,, ,A,DAYLIGHT,37.320055,-121.90089,,,,,A,NO PEDESTRIANS INVOLVED,3/3/2020 12:00:00 AM,A,22350,False,1.0,I-280 S/B,,,3/15/2020 3:37:51 PM,A,N,1000.0,Bird Ave,F,,D,3/15/2020 3:39:04 PM,3/15/2020 3:39:04 PM,,True,2,,,,,,,
1208283,9340-2020-01114,1,False,9340,3/7/2020 10:45:00 PM,2245,120,1368,4313,San Jose,43,True,True,C,REAR END,,Saturday,NotApplicable,False,,,False,True,False,Santa Clara Superior,C,OTHER MOTOR VEHICLE,,0.0,0.0,CLOUDY,, NO UNUSUAL CONDITIONS,, ,D,DARK-NO STREET LIGHTS,37.364208,-121.902333,,,,,A,NO PEDESTRIANS INVOLVED,3/7/2020 12:00:00 AM,A,22350,False,1.0,US101 S/B,,,3/15/2020 7:12:31 AM,B,N,50.0,I-880,F,,D,3/15/2020 7:13:14 AM,3/15/2020 7:13:14 AM,,True,2,,,,,,,
1208280,9340-2020-01131,1,False,9340,3/9/2020 11:50:00 PM,2350,110,1368,4313,San Jose,43,True,True,C,REAR END,,Monday,NotApplicable,False,,,False,True,True,Santa Clara Superior,C,OTHER MOTOR VEHICLE,,0.0,0.0,CLOUDY,, NO UNUSUAL CONDITIONS,, ,C,DARK-STREET LIGHTS,37.317886,-121.83074,,,,,A,NO PEDESTRIANS INVOLVED,3/9/2020 12:00:00 AM,A,22350,False,1.0,US101 N/B,,,3/15/2020 6:57:02 AM,A,S,235.0,Tully Rd,F,,D,3/15/2020 6:57:51 AM,3/15/2020 6:57:51 AM,,True,2,,,,,,,
1208276,9340-2020-01144,1,False,9340,3/8/2020 9:58:00 AM,958,089,1368,4313,San Jose,43,True,True,C,REAR END,,Sunday,NotApplicable,False,,,False,True,False,Santa Clara Superior,C,OTHER MOTOR VEHICLE,,0.0,0.0,CLEAR,, NO UNUSUAL CONDITIONS,, ,A,DAYLIGHT,37.364711,-121.901813,,,,,A,NO PEDESTRIANS INVOLVED,3/8/2020 12:00:00 AM,A,22350,False,1.0,I-880 S/B,,,3/15/2020 6:09:59 AM,A,N,50.0,US-101,F,,D,3/15/2020 6:10:51 AM,3/15/2020 6:10:51 AM,,True,2,,,,,,,
1207798,9340-2020-01037,1,False,9340,3/4/2020 10:31:00 AM,1031,281,1368,4313,San Jose,43,True,True,C,REAR END,,Wednesday,NotApplicable,False,,,False,True,True,Santa Clara Superior,C,OTHER MOTOR VEHICLE,,0.0,0.0,CLEAR,, NO UNUSUAL CONDITIONS,, ,A,DAYLIGHT,37.316638,-121.918132,,,,,A,NO PEDESTRIANS INVOLVED,3/4/2020 12:00:00 AM,A,22350,False,1.0,I-280 S/B,,,3/13/2020 12:01:06 PM,A,N,1300.0,Meridian Ave,F,,D,3/13/2020 12:02:01 PM,3/13/2020 12:02:01 PM,,True,2,,,,,,,
1207570,9725-2020-00303,1,False,9725,3/9/2020 7:50:00 AM,750,085,1368,4313,San Jose,43,True,True,E,HIT OBJECT,,Monday,Yes,False,,,False,True,True,Santa Clara Superior,I,FIXED OBJECT,CONCRETE WALL,1.0,0.0,CLEAR,, NO UNUSUAL CONDITIONS,, ,A,DAYLIGHT,37.241071,-121.79793,,,,,A,NO PEDESTRIANS INVOLVED,3/9/2020 12:00:00 AM,A,22107,False,1.0,SR-85 S/B,,,3/13/2020 9:15:40 AM,A,S,0.25,Cottle Rd,M,,D,3/13/2020 9:16:29 AM,3/13/2020 9:16:29 AM,,True,2,,,,,,,
1207415,9340-2020-01149,2,False,9340,3/2/2020 1:50:00 AM,150,110,1368,4313,San Jose,43,True,True,B,SIDE SWIPE,,Monday,NotApplicable,False,,,False,True,False,Santa Clara Superior,C,OTHER MOTOR VEHICLE,,0.0,0.0,CLEAR,, NO UNUSUAL CONDITIONS,, ,C,DARK-STREET LIGHTS,37.362463,-121.884661,,,,,A,NO PEDESTRIANS INVOLVED,3/2/2020 12:00:00 AM,A,22107,False,1.0,US-101 N/B,,,3/20/2020 7:24:55 AM,A,S,1000.0,Oakland Rd,F,,D,3/12/2020 10:39:44 PM,3/20/2020 7:24:58 AM,,True,2,,,,,,,
1207414,9340-2020-01043,2,False,9340,3/3/2020 5:50:00 PM,1750,110,1368,4313,San Jose,43,True,True,B,SIDE SWIPE,,Tuesday,NotApplicable,False,M,,False,True,False,Santa Clara Superior,C,OTHER MOTOR VEHICLE,,0.0,0.0,CLEAR,, NO UNUSUAL CONDITIONS,, ,A,DAYLIGHT,37.3398,-121.8508,,,,,A,NO PEDESTRIANS INVOLVED,3/3/2020 12:00:00 AM,A,21755,False,1.0,US-101 S/B to I-680 N/B,,,5/26/2020 3:13:24 PM,A,N,100.0,Story Road,F,,D,3/12/2020 10:23:21 PM,5/26/2020 3:20:09 PM,,True,2,,,,,,,
1229938,9340-2020-01411,1,False,9340,4/21/2020 12:20:00 PM,1220,088,1368,4313,San Jose,43,True,True,C,REAR END,,Tuesday,NotApplicable,False,,,False,True,False,Santa Clara Superior,C,OTHER MOTOR VEHICLE,,1.0,0.0,CLEAR,, NO UNUSUAL CONDITIONS,, ,A,DAYLIGHT,37.347482,-121.916136,,,,,A,NO PEDESTRIANS INVOLVED,4/21/2020 12:00:00 AM,A,22350,False,1.0,I-880 N/B,,,4/27/2020 11:41:47 AM,A,N,20.0,Coleman Ave.,F,,D,4/27/2020 11:45:08 AM,4/27/2020 11:45:08 AM,,True,2,,,,,,,
1229842,9340-2020-01405,1,False,9340,4/26/2020 7:15:00 PM,1915,282,1368,4313,San Jose,43,True,True,B,SIDE SWIPE,,Sunday,NotApplicable,False,,,False,True,True,Santa Clara Superior,C,OTHER MOTOR VEHICLE,,1.0,0.0,CLEAR,, NO UNUSUAL CONDITIONS,, ,B,DUSK-DAWN,37.316488,-121.955853,,,,,A,NO PEDESTRIANS INVOLVED,4/26/2020 12:00:00 AM,A,22107,False,1.0,I-280 S/B,,,4/27/2020 10:16:15 AM,A,N,1600.0,Winchester Blvd,F,,D,4/27/2020 10:17:03 AM,4/27/2020 10:17:03 AM,,True,2,,,,,,,
1229810,9340-2020-01400,1,False,9340,4/24/2020 6:45:00 PM,1845,087,1368,4313,San Jose,43,True,True,B,SIDE SWIPE,,Friday,NotApplicable,False,,,False,True,True,Santa Clara Superior,C,OTHER MOTOR VEHICLE,,2.0,0.0,CLEAR,, NO UNUSUAL CONDITIONS,, ,A,DAYLIGHT,37.255687,-121.857723,,,,,A,NO PEDESTRIANS INVOLVED,4/24/2020 12:00:00 AM,A,22107,False,1.0,SR-87 S/B to SR-85 S/B,,,4/27/2020 9:48:34 AM,A,N,50.0,SR-85,F,,D,4/27/2020 9:49:13 AM,4/27/2020 9:49:13 AM,,True,2,,,,,,,
1229722,9340-2020-01410,1,False,9340,4/16/2020 12:00:00 PM,1200,088,1368,4313,San Jose,43,True,True,B,SIDE SWIPE,,Thursday,NotApplicable,False,,,False,True,False,Santa Clara Superior,C,OTHER MOTOR VEHICLE,,0.0,0.0,CLEAR,, NO UNUSUAL CONDITIONS,, ,A,DAYLIGHT,37.340169,-121.929072,,,,,A,NO PEDESTRIANS INVOLVED,4/16/2020 12:00:00 AM,A,22107,False,,I-880 N/B,,,4/27/2020 8:24:14 AM,A,N,685.0,Park Ave.,F,,D,4/27/2020 8:47:19 AM,4/27/2020 8:47:19 AM,,True,2,,,,,,,
1229648,9340-2020-01396,1,False,9340,4/23/2020 10:18:00 PM,2218,281,1368,4313,San Jose,43,True,True,E,HIT OBJECT,,Thursday,Yes,False,,,False,True,True,Santa Clara Superior,I,FIXED OBJECT,CONCRETE BARRIER,1.0,0.0,CLEAR,, NO UNUSUAL CONDITIONS,, ,D,DARK-NO STREET LIGHTS,37.33,-121.867709,,,,,A,NO PEDESTRIANS INVOLVED,4/23/2020 12:00:00 AM,A,22107,False,1.0,I-280 S/B,,,4/27/2020 7:15:12 AM,A,S,1100.0,11th St,F,,D,4/27/2020 7:16:46 AM,4/27/2020 7:16:46 AM,,True,2,,,,,,,
1229645,9340-2020-01395,1,False,9340,4/23/2020 10:19:00 PM,2219,281,1368,4313,San Jose,43,True,True,B,SIDE SWIPE,,Thursday,NotApplicable,False,,,False,True,False,Santa Clara Superior,C,OTHER MOTOR VEHICLE,,0.0,0.0,CLEAR,, NO UNUSUAL CONDITIONS,, ,D,DARK-NO STREET LIGHTS,37.330577,-121.866544,,,,,A,NO PEDESTRIANS INVOLVED,4/23/2020 12:00:00 AM,A,22107,False,1.0,I-280 S/B,,,4/27/2020 7:07:22 AM,A,S,1500.0,11th St,F,,D,4/27/2020 7:07:56 AM,4/27/2020 7:07:56 AM,,True,2,,,,,,,
1229359,9340-2020-01391,1,False,9340,4/23/2020 7:20:00 PM,1920,681,1368,4313,San Jose,43,True,True,F,OVERTURNED,,Thursday,Yes,False,,,False,True,True,Santa Clara Superior,A,NON-COLLISION,,1.0,0.0,CLEAR,, NO UNUSUAL CONDITIONS,, ,A,DAYLIGHT,37.362354,-121.842338,,,,,A,NO PEDESTRIANS INVOLVED,4/23/2020 12:00:00 AM,A,22107,False,1.0,I-680 N/B,,,4/24/2020 2:16:02 PM,A,S,350.0,Madden Ave. Pedestrian Overcrossing,F,,D,4/24/2020 2:17:43 PM,4/24/2020 2:17:43 PM,,True,2,,,,,,,
1229301,9340-2020-01371,1,False,9340,4/18/2020 12:25:00 PM,1225,085,1368,4313,San Jose,43,True,True,E,HIT OBJECT,,Saturday,Yes,False,,,False,True,True,Santa Clara Superior,I,FIXED OBJECT,DIRT EMBANKMENT,0.0,0.0,CLEAR,, NO UNUSUAL CONDITIONS,, ,A,DAYLIGHT,37.2706,-121.9928,,,,,A,NO PEDESTRIANS INVOLVED,4/18/2020 12:00:00 AM,A,23152(f),True,1.0,SR-85 S/B,,,4/24/2020 12:16:08 PM,A,S,400.0,SARATOGA AVE.,F,,D,4/24/2020 12:17:09 PM,4/24/2020 12:17:09 PM,,True,2,,,,,,,
1229037,9340-2020-01390,1,False,9340,4/23/2020 10:00:00 AM,1000,089,1368,4313,San Jose,43,True,True,C,REAR END,,Thursday,NotApplicable,False,,,False,True,False,Santa Clara Superior,C,OTHER MOTOR VEHICLE,,0.0,0.0,CLEAR,, NO UNUSUAL CONDITIONS,, ,A,DAYLIGHT,37.420356,-121.914722,,,,,A,NO PEDESTRIANS INVOLVED,4/23/2020 12:00:00 AM,A,22350,False,1.0,SR-880 S/B,,,4/23/2020 3:52:16 PM,A,S,0.2,SR-237,M,,D,4/23/2020 3:53:08 PM,4/23/2020 3:53:08 PM,,True,2,,,,,,,
1228946,9340-2020-01385,1,False,9340,4/22/2020 12:12:00 PM,1212,088,1368,4313,San Jose,43,True,True,C,REAR END,,Wednesday,NotApplicable,False,,,False,True,True,Santa Clara Superior,C,OTHER MOTOR VEHICLE,,1.0,0.0,CLEAR,, CONSTRUCTION-REPAIR ZONE,, ,A,DAYLIGHT,37.3318,-121.9396,,,,,A,NO PEDESTRIANS INVOLVED,4/22/2020 12:00:00 AM,A,22350,False,1.0,I-880 S/B,,,4/23/2020 1:18:51 PM,A,S,1200.0,Bascom Ave,F,,D,4/23/2020 1:19:39 PM,4/23/2020 1:19:39 PM,,True,2,,,,,,,
1228867,9340-2020-01377,1,False,9340,4/20/2020 4:35:00 PM,1635,110,1368,4313,San Jose,43,True,True,B,SIDE SWIPE,,Monday,NotApplicable,False,M,,False,True,False,Santa Clara Superior,C,OTHER MOTOR VEHICLE,,0.0,0.0,CLEAR,, NO UNUSUAL CONDITIONS,, ,A,DAYLIGHT,37.3312,-121.8434,,,,,A,NO PEDESTRIANS INVOLVED,4/20/2020 12:00:00 AM,A,21658(a),False,1.0,US-101 N/B,,,4/23/2020 10:25:32 AM,A,S,1479.0,Story Road,F,,D,4/23/2020 10:26:29 AM,4/23/2020 10:26:29 AM,,True,2,,,,,,,
1228862,9340-2020-01361,1,False,9340,4/14/2020 9:25:00 AM,925,230,1368,4313,San Jose,43,True,True,C,REAR END,,Tuesday,NotApplicable,False,M,,False,True,True,Santa Clara Superior,C,OTHER MOTOR VEHICLE,,1.0,0.0,CLEAR,, NO UNUSUAL CONDITIONS,, ,A,DAYLIGHT,37.4193,-121.9532,,,,,A,NO PEDESTRIANS INVOLVED,4/14/2020 12:00:00 AM,A,22350,False,1.0,SR-237 E/B,,,4/23/2020 10:19:19 AM,A,E,200.0,NORTH FIRST ST.,F,,D,4/23/2020 10:20:42 AM,4/23/2020 10:20:42 AM,,True,2,,,,,,,
1228858,9340-2020-01378,1,False,9340,4/20/2020 2:30:00 PM,1430,120,1368,4313,San Jose,43,True,True,B,SIDE SWIPE,,Monday,Yes,False,,,False,True,True,Santa Clara Superior,C,OTHER MOTOR VEHICLE,,2.0,0.0,CLEAR,, NO UNUSUAL CONDITIONS,, ,A,DAYLIGHT,37.370237,-121.911552,,,,,A,NO PEDESTRIANS INVOLVED,4/20/2020 12:00:00 AM,A,23152(a),True,1.0,US-101 N/B,,,4/23/2020 10:16:04 AM,A,S,2400.0,Brokaw Rd,F,,D,4/23/2020 10:16:51 AM,4/23/2020 10:16:51 AM,,True,2,,,,,,,
1228370,9340-2020-01365,1,False,9340,4/15/2020 9:15:00 PM,2115,110,1368,4313,San Jose,43,True,True,E,HIT OBJECT,,Wednesday,No,False,,,False,True,False,Santa Clara Superior,J,OTHER OBJECT,TIRE TREAD,0.0,0.0,CLEAR,, NO UNUSUAL CONDITIONS,, ,D,DARK-NO STREET LIGHTS,37.3182,-121.8315,,,,,A,NO PEDESTRIANS INVOLVED,4/15/2020 12:00:00 AM,A,22350,False,1.0,US101 S/B,,,4/22/2020 6:19:00 AM,A,S,20.0,TULLY ROAD,F,,D,4/22/2020 6:19:49 AM,4/22/2020 6:19:49 AM,,True,2,,,,,,,
1228163,9340-2020-01376,1,False,9340,4/20/2020 3:10:00 PM,1510,089,1368,4313,San Jose,43,True,True,C,REAR END,,Monday,NotApplicable,False,,,False,True,False,Santa Clara Superior,C,OTHER MOTOR VEHICLE,,2.0,0.0,CLOUDY,, NO UNUSUAL CONDITIONS,, ,A,DAYLIGHT,37.364528,-121.901858,,,,,A,NO PEDESTRIANS INVOLVED,4/20/2020 12:00:00 AM,A,22350,False,1.0,I-880 S/B,,,4/21/2020 12:49:41 PM,A,S,1000.0,OLD BAYSHORE HWY.,F,,D,4/21/2020 12:50:39 PM,4/21/2020 12:50:39 PM,,True,2,,,,,,,
1227913,9340-2020-01372,1,False,9340,4/19/2020 1:05:00 PM,1305,681,1368,4313,San Jose,43,True,True,E,HIT OBJECT,,Sunday,Yes,False,,,False,True,True,Santa Clara Superior,I,FIXED OBJECT,RAISED ASPHALT CURB,1.0,0.0,CLEAR,, NO UNUSUAL CONDITIONS,, ,A,DAYLIGHT,37.381555,-121.860926,,,,,A,NO PEDESTRIANS INVOLVED,4/19/2020 12:00:00 AM,A,22107,False,1.0,I-680 S/B,,,4/21/2020 8:08:19 AM,A,S,0.25,Berryessa Rd,M,,D,4/21/2020 8:09:25 AM,4/21/2020 8:09:25 AM,,True,2,,,,,,,