Collision Id,	Report Number,	Report Version,	Is Preliminary,	NCIC Code,Crash Date Time,	Crash Time Description,	Beat,City Id,	City Code,	City Name,County Code,	City Is Active,	City Is Incorporated,	Collision Type Code,Collision Type Description,	Collision Type Other Desc,	Day Of Week,	DispatchNotified,	HasPhotographs,	HitRun,	IsAttachmentsMailed,	IsDeleted,	IsHighwayRelated,	IsTowAway,	JudicialDistrict,	MotorVehicleInvolvedWithCode,	MotorVehicleInvolvedWithDesc,MotorVehicleInvolvedWithOtherDesc,	NumberInjured,	NumberKilled,Weather 1, Weather 2, Road Condition 1, Road Condition 2, Special Condition,LightingCode, LightingDescription,Latitude,Longitude,MilepostDirection,MilepostDistance,MilepostMarker,MilepostUnitOfMeasure,	PedestrianActionCode,PedestrianActionDesc,PreparedDate,	Primary Collision Factor Code,Primary Collision Factor Violation,PrimaryCollisionFactorIsCited,	PrimaryCollisionPartyNumber,	PrimaryRoad,	ReportingDistrict,	ReportingDistrictCode,ReviewedDate,	RoadwaySurfaceCode,SecondaryDirection,	SecondaryDistance,	SecondaryRoad,	SecondaryUnitOfMeasure,	SketchDesc,	TrafficControlDeviceCode,CreatedDate,	ModifiedDate,IsCountyRoad,IsFreeway,CHP555Version,	IsAdditonalObjectStruck,NotificationDate,	NotificationTimeDescription,	HasDigitalMediaFiles,	EvidenceNumber,	IsLocationReferToNarrative,	IsAOIOneSameAsLocation
1230536,9725-2020-00462,1,False,9725,4/27/2020 3:37:00 PM,1537,015,1368,4313,San Jose,43,True,True,C,REAR END,,Monday,NotApplicable,False,,,False,True,False,Santa Clara Superior,C,OTHER MOTOR VEHICLE,,0.0,0.0,CLEAR,, NO UNUSUAL CONDITIONS,, ,A,DAYLIGHT,37.23693,-121.76038,S,0.2,101 SCL 26.561,M,A,NO PEDESTRIANS INVOLVED,4/27/2020 12:00:00 AM,A,22350,False,2.0,us-101 southbound,,,4/28/2020 2:03:51 PM,A,S,0.2,SR-85,M,,D,4/28/2020 2:05:22 PM,4/28/2020 2:05:22 PM,,True,2,,,,,,,
1230239,9340-2020-01393,1,False,9340,4/23/2020 7:35:00 PM,1935,089,1368,4313,San Jose,43,True,True,E,HIT OBJECT,,Thursday,Yes,False,,,False,True,True,Santa Clara Superior,I,FIXED OBJECT,Concrete Barrier,1.0,0.0,CLEAR,, NO UNUSUAL CONDITIONS,, ,B,DUSK-DAWN,37.367711,-121.901101,,,,,A,NO PEDESTRIANS INVOLVED,4/23/2020 12:00:00 AM,A,23152(a),True,1.0,I-880 N/B,,,4/28/2020 6:19:07 AM,A,N,120.0,Old Bayshore Hwy,F,,D,4/28/2020 6:20:37 AM,4/28/2020 6:20:37 AM,,True,2,,,,,,,
1230204,9340-2020-01403,2,False,9340,4/25/2020 2:55:00 PM,1455,240,1368,4313,San Jose,43,True,True,H,OTHER,SEE NARRATIVE,Saturday,Yes,True,,,False,True,True,Santa Clara Superior,A,NON-COLLISION,,2.0,0.0,CLEAR,, NO UNUSUAL CONDITIONS,, ,A,DAYLIGHT,37.419158,-121.958763,,,,,A,NO PEDESTRIANS INVOLVED,4/25/2020 12:00:00 AM,A,22350,False,1.0,SR-237 E/B TO NORTH FIRST STREET,,,5/3/2020 8:20:19 PM,A,E,80.0,N. FIRST STREET,F,,D,4/27/2020 8:27:49 PM,5/3/2020 8:20:43 PM,,True,2,,,,,,,
1230153,9340-2020-01382,1,False,9340,4/21/2020 10:10:00 PM,2210,240,1368,4313,San Jose,43,True,True,E,HIT OBJECT,,Tuesday,Yes,False,,,False,True,True,Santa Clara Superior,I,FIXED OBJECT,CONCRETE BARRIER ,1.0,0.0,CLEAR,, NO UNUSUAL CONDITIONS,, ,B,DUSK-DAWN,37.4227,-121.9274,,,,,A,NO PEDESTRIANS INVOLVED,4/21/2020 12:00:00 AM,A,22107,False,1.0,SR-237 E/B,,,4/27/2020 3:45:39 PM,A,W,1190.0,McCarthy Blvd,F,,D,4/27/2020 3:47:15 PM,4/27/2020 3:47:15 PM,,True,2,,,,,,,
1230105,9340-2020-01408,1,False,9340,4/15/2020 7:50:00 AM,750,089,1368,4313,San Jose,43,True,True,E,HIT OBJECT,,Wednesday,NotApplicable,False,,,False,True,True,Santa Clara Superior,I,FIXED OBJECT,Concrete wall,1.0,0.0,CLEAR,, NO UNUSUAL CONDITIONS,, ,A,DAYLIGHT,37.36482,-121.90061,,,,,A,NO PEDESTRIANS INVOLVED,4/15/2020 12:00:00 AM,A,22350,False,1.0,I-880 N/B to US-101,,,4/27/2020 2:48:39 PM,A,N,315.0,US-101,F,,D,4/27/2020 2:49:59 PM,4/27/2020 2:49:59 PM,,True,2,,,,,,,
1230032,9725-2020-00453,1,False,9725,4/24/2020 3:15:00 PM,1515,015,1368,4313,San Jose,43,True,True,B,SIDE SWIPE,,Friday,Yes,False,,,False,True,True,San Jose Superior,C,OTHER MOTOR VEHICLE,,0.0,0.0,CLEAR,, NO UNUSUAL CONDITIONS,, ,A,DAYLIGHT,37.24832,-121.78052,,,,,A,NO PEDESTRIANS INVOLVED,4/24/2020 12:00:00 AM,A,23152(a),True,1.0,US-101 S/B,,,4/27/2020 1:48:43 PM,A,N,0.6,Bernal Rd,M,,D,4/27/2020 1:50:22 PM,4/27/2020 1:50:22 PM,,True,2,,,,,,,
1252273,9340-2020-01737,1,False,9340,6/15/2020 3:20:00 PM,1520,120,1368,4313,San Jose,43,True,True,C,REAR END,,Monday,NotApplicable,False,,,False,True,False,Santa Clara Superior,C,OTHER MOTOR VEHICLE,,0.0,0.0,CLEAR,, NO UNUSUAL CONDITIONS,, ,A,DAYLIGHT,37.377823,-121.94786,,,,,A,NO PEDESTRIANS INVOLVED,6/15/2020 12:00:00 AM,A,22350,False,1.0,US-101 S/B,,,6/15/2020 9:57:56 PM,A,N,1800.0,Trimble Rd,F,,D,6/15/2020 9:58:48 PM,6/15/2020 9:58:48 PM,,True,2,,,,,,,
1252271,9340-2020-01727,1,False,9340,6/13/2020 10:55:00 PM,2255,110,1368,4313,San Jose,43,True,True,C,REAR END,,Saturday,NotApplicable,False,,,False,True,True,Santa Clara Superior,C,OTHER MOTOR VEHICLE,,2.0,0.0,CLEAR,, NO UNUSUAL CONDITIONS,, ,C,DARK-STREET LIGHTS,37.316244,-121.829505,,,,,A,NO PEDESTRIANS INVOLVED,6/13/2020 12:00:00 AM,A,22350,False,1.0,US101 S/B,,,6/15/2020 9:19:11 PM,A,S,930.0,Tully Rd,F,,D,6/15/2020 9:21:19 PM,6/15/2020 9:21:19 PM,,True,2,,,,,,,
1252269,9340-2020-01718,1,False,9340,6/12/2020 3:20:00 PM,1520,120,1368,4313,San Jose,43,True,True,C,REAR END,,Friday,NotApplicable,False,,,False,True,False,Santa Clara Superior,C,OTHER MOTOR VEHICLE,,0.0,0.0,CLEAR,, NO UNUSUAL CONDITIONS,, ,A,DAYLIGHT,37.374754,-121.933933,,,,,A,NO PEDESTRIANS INVOLVED,6/12/2020 12:00:00 AM,A,22350,False,1.0,US-101 S/B,,,6/15/2020 9:00:21 PM,A,S,2280.0,DE LA CRUZ BOULEVARD,F,,D,6/15/2020 9:00:54 PM,6/15/2020 9:00:54 PM,,True,2,,,,,,,
1252268,9340-2020-01709,1,False,9340,6/12/2020 8:55:00 AM,855,681,1368,4313,San Jose,43,True,True,E,HIT OBJECT,,Friday,NotApplicable,False,,,False,True,True,Santa Clara Superior,I,FIXED OBJECT,CONCRETE WALL,1.0,0.0,CLOUDY,, NO UNUSUAL CONDITIONS,, ,A,DAYLIGHT,37.33882,-121.85218,,,,,A,NO PEDESTRIANS INVOLVED,6/12/2020 12:00:00 AM,A,22350,False,1.0,I-680 SB TO US-101 SB,,,6/15/2020 8:52:01 PM,A,S,0.5,KING RD.,M,,D,6/15/2020 8:53:27 PM,6/15/2020 8:53:27 PM,,True,2,,,,,,,
1252236,9340-2020-01699,1,False,9340,6/10/2020 2:19:00 PM,1419,088,1368,4313,San Jose,43,True,True,E,HIT OBJECT,,Wednesday,NotApplicable,False,,,False,True,True,Santa Clara Superior,I,FIXED OBJECT,attenuator,1.0,0.0,CLEAR,, NO UNUSUAL CONDITIONS,, ,A,DAYLIGHT,37.3345,-121.936,,,,,A,NO PEDESTRIANS INVOLVED,6/10/2020 12:00:00 AM,A,22350,False,1.0,I-880 n/b to n/b Bascom Ave,,,6/15/2020 4:37:37 PM,A,N,125.0,Bascom Ave,F,,D,6/15/2020 4:39:05 PM,6/15/2020 4:39:05 PM,,True,2,,,,,,,
1251562,9340-2020-01722,1,False,9340,6/13/2020 4:50:00 PM,1650,020,1368,4313,San Jose,43,True,True,H,OTHER,BACKING,Saturday,NotApplicable,False,,,False,False,False,Santa Clara Superior,C,OTHER MOTOR VEHICLE,,0.0,0.0,CLEAR,, NO UNUSUAL CONDITIONS,, ,A,DAYLIGHT,37.366191,-121.822637,,,,,A,NO PEDESTRIANS INVOLVED,6/13/2020 12:00:00 AM,A,22106,False,1.0,Dale Dr,,,6/14/2020 6:38:06 PM,A,S,450.0,Rose Ave,F,,D,6/14/2020 6:38:46 PM,6/14/2020 6:38:46 PM,,,2,,,,,,,
1251555,9340-2020-01691,1,False,9340,6/9/2020 4:30:00 PM,1630,083,1368,4313,San Jose,43,True,True,C,REAR END,,Tuesday,NotApplicable,False,F,,False,True,False,Santa Clara Superior,C,OTHER MOTOR VEHICLE,,1.0,0.0,CLEAR,, NO UNUSUAL CONDITIONS,, ,A,DAYLIGHT,37.251286,-121.836996,,,,,A,NO PEDESTRIANS INVOLVED,6/9/2020 12:00:00 AM,A,22350,False,1.0,SR-85 N/B FROM BLOSSOM HILL RD,,,6/14/2020 3:26:19 PM,A,N,450.0,Blossom Hill Rd,F,,A,6/14/2020 3:26:56 PM,6/14/2020 3:26:56 PM,,True,2,,,,,,,
1251551,9340-2020-01689,2,False,9340,6/5/2020 10:00:00 PM,2200,131,1368,4313,San Jose,43,True,True,D,BROADSIDE,,Friday,Yes,False,,,False,True,False,Santa Clara Superior,C,OTHER MOTOR VEHICLE,,1.0,0.0,CLEAR,, NO UNUSUAL CONDITIONS,, ,C,DARK-STREET LIGHTS,37.376317,-121.820913,,,,,A,NO PEDESTRIANS INVOLVED,6/5/2020 12:00:00 AM,A,23152(a),True,1.0,Alum Rock Ave,,,7/20/2020 7:50:03 PM,A,E,50.0,Kirk Ave,F,,D,6/14/2020 2:18:21 PM,7/20/2020 7:51:56 PM,,,2,,,,,,,
1251549,9340-2020-01661,1,False,9340,6/4/2020 9:49:00 PM,2149,903,1368,4313,San Jose,43,True,True,A,HEAD-ON,,Thursday,NotApplicable,False,,,False,False,True,Santa Clara Superior,E,PARKED MOTOR VEHICLE,,0.0,0.0,CLEAR,, NO UNUSUAL CONDITIONS,, ,C,DARK-STREET LIGHTS,37.3614,-121.8519,,,,,A,NO PEDESTRIANS INVOLVED,6/4/2020 12:00:00 AM,B,UNSAFE TURN,,1.0,Rio Barranca Ct,,,6/14/2020 1:54:00 PM,A,W,200.0,Jose Figueres Ave,F,,D,6/14/2020 1:55:06 PM,6/14/2020 1:55:06 PM,,,2,,,,,,,
1251530,9340-2020-01720,1,False,9340,6/13/2020 2:15:00 PM,1415,110,1368,4313,San Jose,43,True,True,C,REAR END,,Saturday,NotApplicable,False,,,False,True,False,Santa Clara Superior,C,OTHER MOTOR VEHICLE,,0.0,0.0,CLEAR,, NO UNUSUAL CONDITIONS,, ,A,DAYLIGHT,37.327351,-121.839742,,,,,A,NO PEDESTRIANS INVOLVED,6/13/2020 12:00:00 AM,A,22107,False,1.0,US101 N/B,,,6/13/2020 9:47:27 PM,A,,,Story Rd,,,D,6/13/2020 9:49:14 PM,6/13/2020 9:49:14 PM,,True,2,,,,,,,
1251527,9340-2020-01715,1,False,9340,6/12/2020 6:08:00 PM,1808,681,1368,4313,San Jose,43,True,True,C,REAR END,,Friday,NotApplicable,False,,,False,True,True,Santa Clara Superior,C,OTHER MOTOR VEHICLE,,1.0,0.0,CLOUDY,, NO UNUSUAL CONDITIONS,, ,A,DAYLIGHT,37.3642,-121.8435,,,,,A,NO PEDESTRIANS INVOLVED,6/12/2020 12:00:00 AM,A,22350,False,1.0,I-680 N/B,,,6/13/2020 9:19:50 PM,A,S,1220.0,McKee Rd,F,,D,6/13/2020 9:20:38 PM,6/13/2020 9:20:38 PM,,True,2,,,,,,,
1251526,9340-2020-01714,1,False,9340,6/12/2020 6:07:00 PM,1807,681,1368,4313,San Jose,43,True,True,C,REAR END,,Friday,NotApplicable,False,M,,False,True,False,Santa Clara Superior,C,OTHER MOTOR VEHICLE,,0.0,0.0,CLOUDY,, NO UNUSUAL CONDITIONS,, ,A,DAYLIGHT,37.3642,-121.8435,,,,,A,NO PEDESTRIANS INVOLVED,6/12/2020 12:00:00 AM,A,22350,False,1.0,I-680 N/B,,,6/13/2020 9:10:19 PM,A,S,1200.0,McKee Rd,F,,D,6/13/2020 9:10:53 PM,6/13/2020 9:10:53 PM,,True,2,,,,,,,
1251525,9340-2020-01717,1,False,9340,6/12/2020 4:55:00 PM,1655,110,1368,4313,San Jose,43,True,True,C,REAR END,,Friday,NotApplicable,False,,,False,True,True,Santa Clara Superior,C,OTHER MOTOR VEHICLE,,3.0,0.0,CLEAR,, NO UNUSUAL CONDITIONS,, ,A,DAYLIGHT,37.352605,-121.864539,,,,,A,NO PEDESTRIANS INVOLVED,6/12/2020 12:00:00 AM,A,22350,False,1.0,US101 S/B,,,6/13/2020 8:56:02 PM,A,S,700.0,McKee Rd,F,,D,6/13/2020 9:00:50 PM,6/13/2020 9:00:50 PM,,True,2,,,,,,,
1251524,9340-2020-01716,1,False,9340,6/12/2020 3:40:00 PM,1540,085,1368,4313,San Jose,43,True,True,C,REAR END,,Friday,NotApplicable,False,,,False,True,False,Santa Clara Superior,C,OTHER MOTOR VEHICLE,,0.0,0.0,CLEAR,, NO UNUSUAL CONDITIONS,, ,A,DAYLIGHT,37.15756,-121.561747,,,,,A,NO PEDESTRIANS INVOLVED,6/12/2020 12:00:00 AM,A,22350,False,1.0,SR-85 S/B,,,6/13/2020 8:27:58 PM,A,N,2000.0,Union Ave,F,,D,6/13/2020 8:28:32 PM,6/13/2020 8:28:32 PM,,True,2,,,,,,,
1251523,9340-2020-01713,1,False,9340,6/12/2020 3:05:00 PM,1505,681,1368,4313,San Jose,43,True,True,B,SIDE SWIPE,,Friday,NotApplicable,False,,,False,True,True,Santa Clara Superior,C,OTHER MOTOR VEHICLE,,0.0,0.0,CLOUDY,, NO UNUSUAL CONDITIONS,, ,A,DAYLIGHT,37.3618,-121.8421,,,,,A,NO PEDESTRIANS INVOLVED,6/12/2020 12:00:00 AM,A,21658(a),False,1.0,I-680 N/B,,,6/13/2020 7:39:59 PM,A,N,650.0,Alum Rock Ave,F,,D,6/13/2020 7:40:45 PM,6/13/2020 7:40:45 PM,,True,2,,,,,,,
1251522,9340-2020-01711,1,False,9340,6/12/2020 2:45:00 PM,1445,120,1368,4313,San Jose,43,True,True,C,REAR END,,Friday,NotApplicable,False,,,False,True,True,Santa Clara Superior,C,OTHER MOTOR VEHICLE,,0.0,0.0,CLEAR,, NO UNUSUAL CONDITIONS,, ,A,DAYLIGHT,37.37512,-121.93453,,,,,A,NO PEDESTRIANS INVOLVED,6/12/2020 12:00:00 AM,A,22350,False,1.0,US101 S/B,,,6/13/2020 7:28:10 PM,A,N,800.0,SR-87,F,,D,6/13/2020 7:28:57 PM,6/13/2020 7:28:57 PM,,True,2,,,,,,,
1251520,9340-2020-01707,1,False,9340,6/11/2020 3:40:00 PM,1540,172,1368,4313,San Jose,43,True,True,C,REAR END,,Thursday,Yes,False,,,False,True,False,Santa Clara Superior,C,OTHER MOTOR VEHICLE,,1.0,0.0,CLEAR,, NO UNUSUAL CONDITIONS,, Late-Reported,A,DAYLIGHT,37.255088,-121.954356,,,,,A,NO PEDESTRIANS INVOLVED,6/11/2020 12:00:00 AM,A,22350,False,1.0,SR-17 S/B TO SR-85 S/B,,,6/13/2020 7:11:09 PM,A,N,800.0,Bascom Ave,F,,D,6/13/2020 7:12:01 PM,6/13/2020 7:12:01 PM,,True,2,,,,,,,
1251519,9340-2020-01702,1,False,9340,6/10/2020 2:20:00 PM,1420,240,1368,4313,San Jose,43,True,True,C,REAR END,,Wednesday,NotApplicable,False,,,False,True,True,Santa Clara Superior,C,OTHER MOTOR VEHICLE,,1.0,0.0,CLEAR,, NO UNUSUAL CONDITIONS,, ,A,DAYLIGHT,37.419314,-121.951629,,,,,A,NO PEDESTRIANS INVOLVED,6/10/2020 12:00:00 AM,A,22350,False,1.0,SR-237 E/B ,,,6/13/2020 6:56:04 PM,A,E,2100.0,N. FIRST ST.,F,,D,6/13/2020 6:57:14 PM,6/13/2020 6:57:14 PM,,True,2,,,,,,,
1251518,9340-2020-01710,1,False,9340,6/9/2020 10:27:00 PM,2227,281,1368,4313,San Jose,43,True,True,C,REAR END,,Tuesday,NotApplicable,False,M,,False,True,True,Santa Clara Superior,C,OTHER MOTOR VEHICLE,,0.0,0.0,CLEAR,, NO UNUSUAL CONDITIONS,, ,D,DARK-NO STREET LIGHTS,37.323065,-121.896609,,,,,A,NO PEDESTRIANS INVOLVED,6/9/2020 12:00:00 AM,A,22350,False,1.0,I-280 N/B,,,6/13/2020 6:35:48 PM,A,S,500.0,Bird Ave,F,,D,6/13/2020 6:36:27 PM,6/13/2020 6:36:27 PM,,True,2,,,,,,,
1251517,9340-2020-01697,1,False,9340,6/9/2020 4:20:00 PM,1620,120,1368,4313,San Jose,43,True,True,C,REAR END,,Tuesday,Yes,False,,,False,True,True,Santa Clara Superior,C,OTHER MOTOR VEHICLE,,1.0,0.0,CLEAR,, NO UNUSUAL CONDITIONS,, ,A,DAYLIGHT,37.365156,-121.904365,,,,,A,NO PEDESTRIANS INVOLVED,6/9/2020 12:00:00 AM,A,22350,False,1.0,US 101 S/B,,,6/13/2020 6:04:38 PM,A,N,500.0,I-880,F,,D,6/13/2020 6:05:43 PM,6/13/2020 6:05:43 PM,,True,2,,,,,,,
1250936,9340-2020-01705,1,False,9340,6/11/2020 9:50:00 AM,950,087,1368,4313,San Jose,43,True,True,B,SIDE SWIPE,,Thursday,NotApplicable,False,M,,False,True,False,Santa Clara Superior,C,OTHER MOTOR VEHICLE,,0.0,0.0,CLEAR,, NO UNUSUAL CONDITIONS,, ,A,DAYLIGHT,37.317342,-121.889171,,,,,A,NO PEDESTRIANS INVOLVED,6/11/2020 12:00:00 AM,A,22107,False,1.0,SR-87 N/B,,,6/11/2020 2:00:46 PM,A,N,800.0,Willow St,F,,D,6/11/2020 2:01:36 PM,6/11/2020 2:01:36 PM,,True,2,,,,,,,
1250779,9340-2020-01657,2,False,9340,6/4/2020 4:00:00 PM,1600,089,1368,4313,San Jose,43,True,True,C,REAR END,,Thursday,NotApplicable,False,M,,False,True,False,Santa Clara Superior,C,OTHER MOTOR VEHICLE,,0.0,0.0,CLEAR,, NO UNUSUAL CONDITIONS,, ,A,DAYLIGHT,37.37948,-121.90487,,,,,A,NO PEDESTRIANS INVOLVED,6/4/2020 12:00:00 AM,A,22350,False,1.0,I 880 S/B,,,6/23/2020 2:54:59 PM,A,S,450.0,Old Bayshore Hwy,F,,D,6/11/2020 10:02:57 AM,6/23/2020 2:55:01 PM,,True,2,,,,,,,
1250590,9340-2020-01660,1,False,9340,6/4/2020 7:35:00 PM,1935,110,1368,4313,San Jose,43,True,True,B,SIDE SWIPE,,Thursday,NotApplicable,False,M,,False,True,False,Santa Clara Superior,C,OTHER MOTOR VEHICLE,,0.0,0.0,CLEAR,, NO UNUSUAL CONDITIONS,, ,A,DAYLIGHT,37.3178,-121.8328,,,,,A,NO PEDESTRIANS INVOLVED,6/4/2020 12:00:00 AM,A,22350,False,1.0,US-101 S/B TO TULLY RD,,,6/11/2020 6:00:54 AM,A,N,38.0,Tully Rd,F,,A,6/11/2020 6:01:42 AM,6/11/2020 6:01:42 AM,,True,2,,,,,,,
1250533,9340-2020-01681,1,False,9340,6/6/2020 4:30:00 PM,1630,281,1368,4313,San Jose,43,True,True,C,REAR END,,Saturday,NotApplicable,False,,,False,True,False,Santa Clara Superior,C,OTHER MOTOR VEHICLE,,2.0,0.0,CLEAR,, NO UNUSUAL CONDITIONS,, ,A,DAYLIGHT,37.33822,-121.85415,,,,,A,NO PEDESTRIANS INVOLVED,6/6/2020 12:00:00 AM,A,22350,False,1.0,I-280 S/B,,,6/10/2020 5:50:48 PM,A,N,975.0,US-101,F,,D,6/10/2020 5:52:10 PM,6/10/2020 5:52:10 PM,,True,2,,,,,,,
1250476,9340-2020-01698,1,False,9340,6/9/2020 3:40:00 PM,1540,281,1368,4313,San Jose,43,True,True,C,REAR END,,Tuesday,NotApplicable,False,,,False,True,False,Santa Clara Superior,C,OTHER MOTOR VEHICLE,,0.0,0.0,CLEAR,, NO UNUSUAL CONDITIONS,, ,A,DAYLIGHT,37.27499,-121.87808,,,,,A,NO PEDESTRIANS INVOLVED,6/9/2020 12:00:00 AM,A,22350,False,1.0,I-280 S/B,,,6/10/2020 3:59:17 PM,A,N,85.0,10TH ST.,F,REFER TO PG. #4,D,6/10/2020 3:59:48 PM,6/10/2020 3:59:48 PM,,True,2,,,,,,,
1250459,9340-2020-01696,1,False,9340,6/8/2020 4:20:00 PM,1620,120,1368,4313,San Jose,43,True,True,C,REAR END,,Monday,NotApplicable,False,,,False,True,False,Santa Clara Superior,C,OTHER MOTOR VEHICLE,,0.0,0.0,CLEAR,, NO UNUSUAL CONDITIONS,, ,A,DAYLIGHT,37.365359,-121.904905,,,,,A,NO PEDESTRIANS INVOLVED,6/8/2020 12:00:00 AM,A,22350,False,1.0,US 101 S/B,,,6/10/2020 3:39:58 PM,A,N,500.0,I-880,F,,D,6/10/2020 3:40:43 PM,6/10/2020 3:40:43 PM,,True,2,,,,,,,
1250446,9340-2020-01680,1,False,9340,6/8/2020 6:40:00 AM,640,088,1368,4313,San Jose,43,True,True,E,HIT OBJECT,,Monday,NotApplicable,False,,,False,True,False,Santa Clara Superior,I,FIXED OBJECT,TRAFFIC SIGN,0.0,0.0,CLEAR,, NO UNUSUAL CONDITIONS,, ,B,DUSK-DAWN,37.3422,-121.9261,,,,,A,NO PEDESTRIANS INVOLVED,6/8/2020 12:00:00 AM,A,22107,False,1.0,I-880 N/B,,,6/10/2020 3:30:11 PM,A,S,130.0,The Alameda,F,,D,6/10/2020 3:31:28 PM,6/10/2020 3:31:28 PM,,True,2,,,,,,,
1250416,9340-2020-01686,1,False,9340,6/9/2020 3:53:00 PM,1553,083,1368,4313,San Jose,43,True,True,C,REAR END,,Tuesday,NotApplicable,False,,,False,True,True,Santa Clara Superior,C,OTHER MOTOR VEHICLE,,0.0,0.0,CLEAR,, NO UNUSUAL CONDITIONS,, ,A,DAYLIGHT,37.25367,-121.94704,,,,,A,NO PEDESTRIANS INVOLVED,6/9/2020 12:00:00 AM,A,22350,False,1.0,SR-85 S/B,,,6/10/2020 2:52:04 PM,A,S,800.0,Bascom Ave,F,,D,6/10/2020 2:52:45 PM,6/10/2020 2:52:45 PM,,True,2,,,,,,,
1250396,9340-2020-01676,1,False,9340,6/7/2020 10:00:00 PM,2200,681,1368,4313,San Jose,43,True,True,E,HIT OBJECT,,Sunday,NotApplicable,False,M,,False,True,True,Santa Clara Superior,I,FIXED OBJECT,TREE,0.0,0.0,CLEAR,, NO UNUSUAL CONDITIONS,, ,D,DARK-NO STREET LIGHTS,37.2338,-121.5226,,,,,A,NO PEDESTRIANS INVOLVED,6/7/2020 12:00:00 AM,A,22107,False,1.0,HOSTETTER ROAD TO I-680 SB,,,6/10/2020 2:18:53 PM,A,S,250.0,Hostetter Rd,F,,D,6/10/2020 2:20:13 PM,6/10/2020 2:20:13 PM,,True,2,,,,,,,
1250369,9340-2020-01677,1,False,9340,6/7/2020 8:30:00 PM,2030,282,1368,4313,San Jose,43,True,True,B,SIDE SWIPE,,Sunday,NotApplicable,False,F,,False,True,True,Santa Clara Superior,C,OTHER MOTOR VEHICLE,,1.0,0.0,CLEAR,, NO UNUSUAL CONDITIONS,, ,D,DARK-NO STREET LIGHTS,37.3182,-121.9888,,,,,A,NO PEDESTRIANS INVOLVED,6/7/2020 12:00:00 AM,A,22107,False,1.0,I-280 N/B,,,6/10/2020 1:54:06 PM,A,S,3000.0,Lawrence Expy,F,,D,6/10/2020 1:54:56 PM,6/10/2020 1:54:56 PM,,True,2,,,,,,,
1250339,9340-2020-01665,1,False,9340,6/5/2020 4:43:00 PM,1643,281,1368,4313,San Jose,43,True,True,F,OVERTURNED,,Friday,NotApplicable,False,,,False,True,False,Santa Clara Superior,A,NON-COLLISION,,1.0,0.0,CLEAR,, NO UNUSUAL CONDITIONS,, ,A,DAYLIGHT,37.3201,-121.9007,,,,,A,NO PEDESTRIANS INVOLVED,6/5/2020 12:00:00 AM,A,22350,False,1.0,I-280 S/B,,,6/10/2020 1:11:21 PM,A,N,1050.0,Bird Ave,F,,D,6/10/2020 1:12:24 PM,6/10/2020 1:12:24 PM,,True,2,,,,,,,
1250325,9340-2020-01673,1,False,9340,6/7/2020 10:27:00 AM,1027,110,1368,4313,San Jose,43,True,True,B,SIDE SWIPE,,Sunday,NotApplicable,False,M,,False,True,True,Santa Clara Superior,C,OTHER MOTOR VEHICLE,,0.0,0.0,CLEAR,, NO UNUSUAL CONDITIONS,, ,A,DAYLIGHT,37.26773,-121.8026,,,,,A,NO PEDESTRIANS INVOLVED,6/7/2020 12:00:00 AM,A,21658(a),False,2.0,US101 S/B,,,6/10/2020 12:37:21 PM,A,N,0.5,Hellyer Ave,M,,D,6/10/2020 12:38:24 PM,6/10/2020 12:38:24 PM,,True,2,,,,,,,
1250251,9340-2020-01679,1,False,9340,6/7/2020 7:09:00 PM,1909,282,1368,4313,San Jose,43,True,True,E,HIT OBJECT,,Sunday,NotApplicable,False,,,False,True,True,Santa Clara Superior,I,FIXED OBJECT,CONCRETE BARRIER,2.0,0.0,CLEAR,, NO UNUSUAL CONDITIONS,, ,A,DAYLIGHT,37.317582,-121.97576,,,,,A,NO PEDESTRIANS INVOLVED,6/7/2020 12:00:00 AM,A,22107,False,1.0,I-280 S/B,,,6/10/2020 11:25:34 AM,A,N,100.0,Saratoga Ave,F,,D,6/10/2020 11:27:09 AM,6/10/2020 11:27:09 AM,,True,2,,,,,,,
1250176,9340-2020-01671,1,False,9340,6/6/2020 6:50:00 AM,650,120,1368,4313,San Jose,43,True,True,C,REAR END,,Saturday,NotApplicable,False,,,False,True,True,Santa Clara Superior,C,OTHER MOTOR VEHICLE,,0.0,0.0,CLEAR,, NO UNUSUAL CONDITIONS,, ,A,DAYLIGHT,37.378625,-121.950811,,,,,A,NO PEDESTRIANS INVOLVED,6/6/2020 12:00:00 AM,A,22350,False,1.0,US 101 N/B,,,6/10/2020 10:10:13 AM,A,N,200.0,LAFAYETTE ST.,F,,D,6/10/2020 10:11:13 AM,6/10/2020 10:11:13 AM,,True,2,,,,,,,