Collision Id,	Report Number,	Report Version,	Is Preliminary,	NCIC Code,Crash Date Time,	Crash Time Description,	Beat,City Id,	City Code,	City Name,County Code,	City Is Active,	City Is Incorporated,	Collision Type Code,Collision Type Description,	Collision Type Other Desc,	Day Of Week,	DispatchNotified,	HasPhotographs,	HitRun,	IsAttachmentsMailed,	IsDeleted,	IsHighwayRelated,	IsTowAway,	JudicialDistrict,	MotorVehicleInvolvedWithCode,	MotorVehicleInvolvedWithDesc,MotorVehicleInvolvedWithOtherDesc,	NumberInjured,	NumberKilled,Weather 1, Weather 2, Road Condition 1, Road Condition 2, Special Condition,LightingCode, LightingDescription,Latitude,Longitude,MilepostDirection,MilepostDistance,MilepostMarker,MilepostUnitOfMeasure,	PedestrianActionCode,PedestrianActionDesc,PreparedDate,	Primary Collision Factor Code,Primary Collision Factor Violation,PrimaryCollisionFactorIsCited,	PrimaryCollisionPartyNumber,	PrimaryRoad,	ReportingDistrict,	ReportingDistrictCode,ReviewedDate,	RoadwaySurfaceCode,SecondaryDirection,	SecondaryDistance,	SecondaryRoad,	SecondaryUnitOfMeasure,	SketchDesc,	TrafficControlDeviceCode,CreatedDate,	ModifiedDate,IsCountyRoad,IsFreeway,CHP555Version,	IsAdditonalObjectStruck,NotificationDate,	NotificationTimeDescription,	HasDigitalMediaFiles,	EvidenceNumber,	IsLocationReferToNarrative,	IsAOIOneSameAsLocation
1241982,9340-2020-01541,1,False,9340,5/17/2020 11:40:00 AM,1140,681,1368,4313,San Jose,43,True,True,C,REAR END,,Sunday,NotApplicable,False,,,False,True,True,Santa Clara Superior,C,OTHER MOTOR VEHICLE,,1.0,0.0,CLEAR,, NO UNUSUAL CONDITIONS,, ,A,DAYLIGHT,37.348317,-121.840002,,,,,A,NO PEDESTRIANS INVOLVED,5/17/2020 12:00:00 AM,A,22350,False,1.0,i-680 N/B,,,5/26/2020 7:41:31 AM,A,S,800.0,JACKSON AVE ,F,,D,5/26/2020 7:42:20 AM,5/26/2020 7:42:20 AM,,True,2,,,,,,,
1241315,9340-2020-01564,1,False,9340,5/21/2020 4:35:00 PM,1635,120,1368,4313,San Jose,43,True,True,C,REAR END,,Thursday,NotApplicable,False,,,False,True,False,Santa Clara Superior,C,OTHER MOTOR VEHICLE,,0.0,0.0,CLEAR,, NO UNUSUAL CONDITIONS,, ,A,DAYLIGHT,37.3634,-121.8969,,,,,A,NO PEDESTRIANS INVOLVED,5/21/2020 12:00:00 AM,A,22350,False,1.0,US101 S/B,,,5/22/2020 10:16:14 AM,A,S,900.0,I-880,F,,D,5/22/2020 10:17:00 AM,5/22/2020 10:17:00 AM,,True,2,,,,,,,
1263506,9340-2020-01810,1,False,9340,6/25/2020 2:15:00 AM,215,681,1368,4313,San Jose,43,True,True,E,HIT OBJECT,,Thursday,NotApplicable,False,,,False,True,True,Santa Clara Superior,I,FIXED OBJECT,METAL GUARDRAIL,0.0,0.0,CLEAR,, NO UNUSUAL CONDITIONS,, ,C,DARK-STREET LIGHTS,37.391818,-121.870412,,,,,A,NO PEDESTRIANS INVOLVED,6/25/2020 12:00:00 AM,A,22107,False,1.0,I-680 N/B,,,7/6/2020 7:54:09 AM,A,S,500.0,Hostetter Rd,F,,D,7/6/2020 7:54:57 AM,7/6/2020 7:54:57 AM,,True,2,,,,,,,
1263060,9340-2020-01865,1,False,9340,7/2/2020 3:41:00 PM,1541,083,1368,4313,San Jose,43,True,True,C,REAR END,,Thursday,NotApplicable,False,,,False,True,True,Santa Clara Superior,C,OTHER MOTOR VEHICLE,,0.0,0.0,CLEAR,, NO UNUSUAL CONDITIONS,, ,A,DAYLIGHT,37.25048,-121.91471,,,,,A,NO PEDESTRIANS INVOLVED,7/2/2020 12:00:00 AM,A,22350,False,1.0,SR-85 S/B,,,7/3/2020 1:59:20 PM,A,N,1150.0,Camden Ave,F,,D,7/3/2020 2:00:11 PM,7/3/2020 2:00:11 PM,,True,2,,,,,,,
1263039,9340-2020-01849,1,False,9340,7/1/2020 12:40:00 PM,1240,089,1368,4313,San Jose,43,True,True,C,REAR END,,Wednesday,NotApplicable,False,,,False,True,True,Santa Clara Superior,C,OTHER MOTOR VEHICLE,,0.0,0.0,CLEAR,, NO UNUSUAL CONDITIONS,, ,A,DAYLIGHT,37.369499,-121.901668,,,,,A,NO PEDESTRIANS INVOLVED,7/1/2020 12:00:00 AM,A,22350,False,1.0,I-880 S/B,,,7/3/2020 1:39:16 PM,A,N,500.0,Old Bayshore Hwy,F,,D,7/3/2020 1:40:06 PM,7/3/2020 1:40:06 PM,,True,2,,,,,,,
1262980,9340-2020-01846,1,False,9340,7/1/2020 8:40:00 AM,840,681,1368,4313,San Jose,43,True,True,B,SIDE SWIPE,,Wednesday,NotApplicable,False,F,,False,True,False,Santa Clara Superior,C,OTHER MOTOR VEHICLE,,1.0,0.0,CLEAR,, NO UNUSUAL CONDITIONS,, ,A,DAYLIGHT,37.41202,-121.87878,,,,,A,NO PEDESTRIANS INVOLVED,7/1/2020 12:00:00 AM,D,,,,I-680 N/B,,,7/3/2020 12:42:45 PM,A,S,100.0,trimble rd. ped o/c,F,,D,7/3/2020 12:43:48 PM,7/3/2020 12:43:48 PM,,True,2,,,,,,,
1262900,9340-2020-01862,1,False,9340,7/2/2020 3:40:00 PM,1540,120,1368,4313,San Jose,43,True,True,C,REAR END,,Thursday,NotApplicable,False,,,False,True,False,Santa Clara Superior,C,OTHER MOTOR VEHICLE,,0.0,0.0,CLEAR,, NO UNUSUAL CONDITIONS,, ,A,DAYLIGHT,37.37801,-121.948852,,,,,A,NO PEDESTRIANS INVOLVED,7/2/2020 12:00:00 AM,A,22350,False,1.0,US-101 S/B,,,7/3/2020 11:07:00 AM,A,N,2000.0,Trimble Rd,F,,D,7/3/2020 11:07:47 AM,7/3/2020 11:07:47 AM,,True,2,,,,,,,
1262440,9340-2020-01834,1,False,9340,6/28/2020 9:00:00 PM,2100,110,1368,4313,San Jose,43,True,True,B,SIDE SWIPE,,Sunday,Yes,False,,,False,True,True,Santa Clara Superior,C,OTHER MOTOR VEHICLE,,1.0,0.0,CLEAR,, NO UNUSUAL CONDITIONS,, ,D,DARK-NO STREET LIGHTS,37.362214,-121.884952,,,,,A,NO PEDESTRIANS INVOLVED,6/28/2020 12:00:00 AM,A,23152(a),True,1.0,US-101 S/B,,,7/2/2020 2:46:43 PM,A,S,250.0,Hedding St.,F,,D,7/2/2020 2:47:47 PM,7/2/2020 2:47:47 PM,,True,2,,,,,,,
1262378,9340-2020-01813,1,False,9340,6/24/2020 12:45:00 PM,1245,089,1368,4313,San Jose,43,True,True,C,REAR END,,Wednesday,NotApplicable,False,,,False,True,False,Santa Clara Superior,C,OTHER MOTOR VEHICLE,,2.0,0.0,CLEAR,, NO UNUSUAL CONDITIONS,, ,A,DAYLIGHT,37.3662,-121.90146,,,,,A,NO PEDESTRIANS INVOLVED,6/24/2020 12:00:00 AM,A,22350,False,1.0,I-880 S/B,,,7/2/2020 1:47:59 PM,A,S,227.0,Old Bayshore Hwy,F,,D,7/2/2020 1:48:46 PM,7/2/2020 1:48:46 PM,,True,2,,,,,,,
1262114,9340-2020-01826,1,False,9340,6/26/2020 2:50:00 PM,1450,281,1368,4313,San Jose,43,True,True,B,SIDE SWIPE,,Friday,NotApplicable,False,M,,False,True,False,Santa Clara Superior,C,OTHER MOTOR VEHICLE,,0.0,0.0,CLEAR,, NO UNUSUAL CONDITIONS,, ,A,DAYLIGHT,37.3175,-121.9334,,,,,A,NO PEDESTRIANS INVOLVED,6/26/2020 12:00:00 AM,A,22107,False,1.0, i-280 n/b to sr 17,,,7/2/2020 9:26:34 AM,A,N,450.0,Bascom Ave,F,,D,7/2/2020 9:27:51 AM,7/2/2020 9:27:51 AM,,True,2,,,,,,,
1262076,9340-2020-01816,1,False,9340,6/25/2020 6:00:00 PM,1800,088,1368,4313,San Jose,43,True,True,B,SIDE SWIPE,,Thursday,NotApplicable,False,,,False,True,False,Santa Clara Superior,C,OTHER MOTOR VEHICLE,,0.0,0.0,CLEAR,, NO UNUSUAL CONDITIONS,, ,A,DAYLIGHT,37.3555,-121.9099,,,,,A,NO PEDESTRIANS INVOLVED,6/25/2020 12:00:00 AM,A,22107,False,,I-880 NORTHBOUND,,,7/2/2020 8:40:43 AM,A,S,1250.0,1st St,F,,D,7/2/2020 8:51:46 AM,7/2/2020 8:51:46 AM,,True,2,,,,,,,
1261481,9340-2020-01842,1,False,9340,6/30/2020 5:25:00 PM,1725,087,1368,4313,San Jose,43,True,True,C,REAR END,,Tuesday,NotApplicable,False,,,False,True,False,Santa Clara Superior,C,OTHER MOTOR VEHICLE,,0.0,0.0,CLEAR,, NO UNUSUAL CONDITIONS,, ,A,DAYLIGHT,37.298676,-121.874874,,,,,A,NO PEDESTRIANS INVOLVED,6/30/2020 12:00:00 AM,A,22350,False,1.0,SR-87 S/B,,,7/1/2020 10:25:47 AM,A,S,1500.0,ALMADEN EXPWY,F,,D,7/1/2020 10:26:45 AM,7/1/2020 10:26:45 AM,,True,2,,,,,,,
1261404,9340-2020-01843,1,False,9340,6/30/2020 3:50:00 PM,1550,089,1368,4313,San Jose,43,True,True,C,REAR END,,Tuesday,NotApplicable,False,,,False,True,True,Santa Clara Superior,C,OTHER MOTOR VEHICLE,,1.0,0.0,CLEAR,, NO UNUSUAL CONDITIONS,, ,A,DAYLIGHT,37.375873,-121.903049,,,,,A,NO PEDESTRIANS INVOLVED,6/30/2020 12:00:00 AM,A,22350,False,1.0,I-880 S/B,,,7/1/2020 9:11:22 AM,A,S,2500.0,BROKAW RD.,F,,D,7/1/2020 9:14:17 AM,7/1/2020 9:14:17 AM,,True,2,,,,,,,
1261295,9340-2020-01807,1,False,9340,6/23/2020 7:45:00 PM,1945,903,1368,4313,San Jose,43,True,True,B,SIDE SWIPE,,Tuesday,NotApplicable,False,,,False,False,False,Santa Clara Superior,C,OTHER MOTOR VEHICLE,,0.0,0.0,CLEAR,, NO UNUSUAL CONDITIONS,, ,A,DAYLIGHT,37.28132,-121.813314,,,,,A,NO PEDESTRIANS INVOLVED,6/23/2020 12:00:00 AM,A,21755(A),False,1.0,985 HELLYER AVE,,,7/1/2020 7:31:47 AM,A,S,1011.0,Hellyer Ave,F,,D,7/1/2020 7:33:29 AM,7/1/2020 7:33:29 AM,,,2,,,,,,,
1261030,9340-2020-01798,1,False,9340,6/22/2020 7:50:00 AM,750,110,1368,4313,San Jose,43,True,True,B,SIDE SWIPE,,Monday,NotApplicable,False,,,False,True,True,Santa Clara Superior,C,OTHER MOTOR VEHICLE,,0.0,0.0,CLEAR,, NO UNUSUAL CONDITIONS,, ,A,DAYLIGHT,37.344488,-121.856494,,,,,A,NO PEDESTRIANS INVOLVED,6/22/2020 12:00:00 AM,A,21658(a),False,1.0,US 101 N/B,,,6/30/2020 2:24:13 PM,A,S,300.0,San Antonio St,F,,D,6/30/2020 2:25:04 PM,6/30/2020 2:25:04 PM,,True,2,,,,,,,
1261003,9340-2020-01837,1,False,9340,6/29/2020 5:30:00 AM,530,120,1368,4313,San Jose,43,True,True,E,HIT OBJECT,,Monday,NotApplicable,False,,,False,True,True,Santa Clara Superior,I,FIXED OBJECT,EXIT SIGN,0.0,0.0,CLEAR,, NO UNUSUAL CONDITIONS,, ,A,DAYLIGHT,37.369,-121.9087,,,,,A,NO PEDESTRIANS INVOLVED,6/29/2020 12:00:00 AM,A,22107,False,1.0,US101 N/B,,,6/30/2020 1:58:40 PM,A,S,70.0,Old Bayshore Hwy,F,,D,6/30/2020 1:59:25 PM,6/30/2020 1:59:25 PM,,True,2,,,,,,,
1260741,9340-2020-01836,1,False,9340,6/29/2020 5:15:00 AM,515,110,1368,4313,San Jose,43,True,True,E,HIT OBJECT,,Monday,NotApplicable,False,M,,False,True,True,Santa Clara Superior,I,FIXED OBJECT,DIRT EMBANKMENT,0.0,0.0,CLEAR,, NO UNUSUAL CONDITIONS,, ,B,DUSK-DAWN,37.33368,-121.84514,,,,,A,NO PEDESTRIANS INVOLVED,6/29/2020 12:00:00 AM,A,22107,False,1.0,US-101 N/B TO I280 N/B / I-680 N/B,,,6/30/2020 9:37:45 AM,A,S,200.0,STORY RD.,F,,D,6/30/2020 9:38:29 AM,6/30/2020 9:38:29 AM,,True,2,,,,,,,
1260658,9340-2020-01811,1,False,9340,6/24/2020 9:40:00 PM,2140,281,1368,4313,San Jose,43,True,True,E,HIT OBJECT,,Wednesday,NotApplicable,False,,,False,True,False,Santa Clara Superior,J,OTHER OBJECT,UNKNOWN OBJECT,1.0,0.0,CLEAR,, NO UNUSUAL CONDITIONS,, ,D,DARK-NO STREET LIGHTS,37.3327,-121.8635,,,,,A,NO PEDESTRIANS INVOLVED,6/24/2020 12:00:00 AM,A,22350,False,1.0,I-280 N/B,,,6/30/2020 8:50:17 AM,A,,,11th St,,,D,6/30/2020 8:53:13 AM,6/30/2020 8:53:13 AM,,True,2,,,,,,,
1260648,9340-2020-01805,1,False,9340,6/23/2020 2:50:00 PM,1450,240,1368,4313,San Jose,43,True,True,C,REAR END,,Tuesday,NotApplicable,False,,,False,True,False,Santa Clara Superior,C,OTHER MOTOR VEHICLE,,1.0,0.0,CLEAR,, NO UNUSUAL CONDITIONS,, ,A,DAYLIGHT,37.419303,-121.952153,,,,,A,NO PEDESTRIANS INVOLVED,6/23/2020 12:00:00 AM,A,22350,False,1.0,SR-237 E/B,,,6/30/2020 8:43:41 AM,A,E,2000.0,N. 1ST ST.,F,,D,6/30/2020 8:44:50 AM,6/30/2020 8:44:50 AM,,True,2,,,,,,,
1260583,9340-2020-01772,1,False,9340,6/20/2020 2:26:00 AM,226,120,1368,4313,San Jose,43,True,True,B,SIDE SWIPE,,Saturday,Yes,False,,,False,True,True,Santa Clara Superior,C,OTHER MOTOR VEHICLE,,1.0,0.0,CLEAR,, NO UNUSUAL CONDITIONS,, ,C,DARK-STREET LIGHTS,37.379837,-121.956665,,,,,A,NO PEDESTRIANS INVOLVED,6/20/2020 12:00:00 AM,A,22350,False,1.0,US101 S/B,,,6/30/2020 7:38:28 AM,A,S,2203.0,San Tomas Expy,F,,D,6/30/2020 7:39:46 AM,6/30/2020 7:39:46 AM,,True,2,,,,,,,
1260576,9340-2020-01771,1,False,9340,6/20/2020 2:25:00 AM,225,120,1368,4313,San Jose,43,True,True,C,REAR END,,Saturday,Yes,False,,,False,True,True,Santa Clara Superior,C,OTHER MOTOR VEHICLE,,2.0,0.0,CLEAR,, NO UNUSUAL CONDITIONS,, ,C,DARK-STREET LIGHTS,37.380011,-121.957032,,,,,A,NO PEDESTRIANS INVOLVED,6/20/2020 12:00:00 AM,A,23152(a),True,1.0,US101 S/B,,,6/30/2020 7:31:11 AM,A,S,2070.0,San Tomas Expy,F,,D,6/30/2020 7:32:19 AM,6/30/2020 7:32:19 AM,,True,2,,,,,,,
1260437,9340-2020-01819,1,False,9340,6/25/2020 5:45:00 PM,1745,083,1368,4313,San Jose,43,True,True,C,REAR END,,Thursday,NotApplicable,False,,,False,True,True,Santa Clara Superior,C,OTHER MOTOR VEHICLE,,1.0,0.0,CLEAR,, NO UNUSUAL CONDITIONS,, ,A,DAYLIGHT,37.251901,-121.937758,,,,,A,NO PEDESTRIANS INVOLVED,6/25/2020 12:00:00 AM,A,22350,False,1.0,SR-85 S/B,,,6/29/2020 8:35:22 PM,A,N,1700.0,UNION AVENUE,F,,D,6/29/2020 8:38:04 PM,6/29/2020 8:38:04 PM,,True,2,,,,,,,
1260433,9340-2020-01793,1,False,9340,6/22/2020 10:50:00 AM,1050,240,1368,4313,San Jose,43,True,True,E,HIT OBJECT,,Monday,Yes,False,,,False,True,False,Santa Clara Superior,I,FIXED OBJECT,TREE,2.0,0.0,CLEAR,, NO UNUSUAL CONDITIONS,, ,A,DAYLIGHT,37.418261,-121.957647,,,,,A,NO PEDESTRIANS INVOLVED,6/22/2020 12:00:00 AM,A,22107,False,1.0,SR-237 E/B TO N. FIRST STREET,,,6/29/2020 7:17:45 PM,A,E,70.0,1st St,F,,D,6/29/2020 7:18:43 PM,6/29/2020 7:18:43 PM,,True,2,,,,,,,
1260430,9340-2020-01786,1,False,9340,6/21/2020 10:30:00 AM,1030,281,1368,4313,San Jose,43,True,True,A,HEAD-ON,,Sunday,Yes,False,,,False,True,True,Santa Clara Superior,C,OTHER MOTOR VEHICLE,,1.0,0.0,CLEAR,, NO UNUSUAL CONDITIONS,, ,A,DAYLIGHT,37.3258,-121.88382,,,,,A,NO PEDESTRIANS INVOLVED,6/21/2020 12:00:00 AM,A,22107,False,1.0,I-280 S/B,,,6/29/2020 7:09:23 PM,A,S,525.0,Almaden Ave,F,,D,6/29/2020 7:10:40 PM,6/29/2020 7:10:40 PM,,True,2,,,,,,,
1259766,9340-2020-01835,1,False,9340,6/29/2020 3:35:00 AM,335,110,1368,4313,San Jose,43,True,True,B,SIDE SWIPE,,Monday,NotApplicable,False,F,,False,True,False,Santa Clara Superior,C,OTHER MOTOR VEHICLE,,1.0,0.0,CLEAR,, NO UNUSUAL CONDITIONS,, ,C,DARK-STREET LIGHTS,37.318709,-121.831443,,,,,A,NO PEDESTRIANS INVOLVED,6/29/2020 12:00:00 AM,A,22107,False,1.0,US101 N/B,,,6/29/2020 8:42:46 AM,A,N,470.0,Tully Rd,F,,D,6/29/2020 8:43:34 AM,6/29/2020 8:43:34 AM,,True,2,,,,,,,
1259699,9340-2020-01814,1,False,9340,6/25/2020 5:25:00 AM,525,110,1368,4313,San Jose,43,True,True,C,REAR END,,Thursday,NotApplicable,False,,,False,True,True,Santa Clara Superior,E,PARKED MOTOR VEHICLE,,1.0,0.0,CLEAR,, NO UNUSUAL CONDITIONS,, ,B,DUSK-DAWN,37.362912,-121.89159,,,,,A,NO PEDESTRIANS INVOLVED,6/25/2020 12:00:00 AM,A,22107,False,2.0,US101 S/B,,,6/29/2020 7:28:55 AM,A,S,19.0,13th St,F,,D,6/29/2020 7:29:59 AM,6/29/2020 7:29:59 AM,,True,2,,,,,,,
1259590,9340-2020-01833,1,False,9340,6/28/2020 7:20:00 PM,1920,089,1368,4313,San Jose,43,True,True,B,SIDE SWIPE,,Sunday,NotApplicable,False,M,,False,True,False,Santa Clara Superior,C,OTHER MOTOR VEHICLE,,0.0,0.0,CLEAR,, NO UNUSUAL CONDITIONS,, ,A,DAYLIGHT,37.357,-121.9282,S,200.0,880 SCL 3.565,F,A,NO PEDESTRIANS INVOLVED,6/28/2020 12:00:00 AM,A,21658(a),False,1.0,I-880 N/B,,,6/28/2020 9:31:58 PM,A,S,200.0,FIRST ST.,F,,D,6/28/2020 9:33:28 PM,6/28/2020 9:33:28 PM,,True,2,,,,,,,
1259577,9340-2020-01829,1,False,9340,6/26/2020 6:40:00 PM,1840,681,1368,4313,San Jose,43,True,True,B,SIDE SWIPE,,Friday,NotApplicable,False,,,False,True,False,Santa Clara Superior,C,OTHER MOTOR VEHICLE,,0.0,0.0,CLEAR,, NO UNUSUAL CONDITIONS,, ,A,DAYLIGHT,37.224,-121.5045,,,,,A,NO PEDESTRIANS INVOLVED,6/26/2020 12:00:00 AM,A,22107,False,1.0,I-680 N/B FROM MCKEE RD,,,6/28/2020 7:55:12 PM,A,S,80.0,McKee Rd,F,,D,6/28/2020 7:58:53 PM,6/28/2020 7:58:53 PM,,True,2,,,,,,,
1259573,9340-2020-01827,1,False,9340,6/26/2020 4:30:00 PM,1630,281,1368,4313,San Jose,43,True,True,E,HIT OBJECT,,Friday,NotApplicable,False,,,False,True,True,Santa Clara Superior,I,FIXED OBJECT,dirt embankment,2.0,0.0,CLEAR,, NO UNUSUAL CONDITIONS,, ,A,DAYLIGHT,37.3282,-121.8737,,,,,A,NO PEDESTRIANS INVOLVED,6/26/2020 12:00:00 AM,A,22107,False,1.0,I-280 N/B ,,,6/28/2020 6:54:41 PM,A,S,700.0,7th St,F,,D,6/28/2020 6:58:17 PM,6/28/2020 6:58:17 PM,,True,2,,,,,,,
1259572,9340-2020-01828,1,False,9340,6/26/2020 4:20:00 PM,1620,281,1368,4313,San Jose,43,True,True,F,OVERTURNED,,Friday,Yes,False,,,False,True,True,Santa Clara Superior,A,NON-COLLISION,,1.0,0.0,CLEAR,, NO UNUSUAL CONDITIONS,, ,A,DAYLIGHT,37.328473,-121.870847,,,,,A,NO PEDESTRIANS INVOLVED,6/26/2020 12:00:00 AM,A,22107,False,1.0,I-280 S/B,,,6/28/2020 6:45:21 PM,A,S,200.0,11th St,F,,D,6/28/2020 6:46:16 PM,6/28/2020 6:46:16 PM,,True,2,,,,,,,
1259554,9340-2020-01790,1,False,9340,6/22/2020 1:00:00 AM,100,110,1368,4313,San Jose,43,True,True,E,HIT OBJECT,,Monday,NotApplicable,False,M,,False,True,True,Santa Clara Superior,I,FIXED OBJECT,GUARDRAIL,0.0,0.0,CLEAR,, NO UNUSUAL CONDITIONS,, ,C,DARK-STREET LIGHTS,37.264224,-121.801346,,,,,A,NO PEDESTRIANS INVOLVED,6/22/2020 12:00:00 AM,A,22107,False,1.0,US101 S/B,,,6/28/2020 2:59:43 PM,A,N,2800.0,Blossom Hill Rd,F,,D,6/28/2020 3:00:48 PM,6/28/2020 3:00:48 PM,,True,2,,,,,,,
1259546,9340-2020-01762,1,False,9340,6/18/2020 2:50:00 PM,1450,281,1368,4313,San Jose,43,True,True,C,REAR END,,Thursday,NotApplicable,False,,,False,True,False,Santa Clara Superior,C,OTHER MOTOR VEHICLE,,1.0,0.0,CLEAR,, NO UNUSUAL CONDITIONS,, ,A,DAYLIGHT,37.3277,-121.8754,,,,,A,NO PEDESTRIANS INVOLVED,6/18/2020 12:00:00 AM,A,22350,False,1.0,I-280 S/B,,,6/28/2020 2:39:23 PM,A,S,100.0,Seventh St,F,,D,6/28/2020 2:41:20 PM,6/28/2020 2:41:20 PM,,True,2,,,,,,,
1259157,9340-2020-01756,1,False,9340,6/18/2020 8:40:00 AM,840,110,1368,4313,San Jose,43,True,True,B,SIDE SWIPE,,Thursday,NotApplicable,False,,,False,True,False,Santa Clara Superior,C,OTHER MOTOR VEHICLE,,0.0,0.0,CLEAR,, NO UNUSUAL CONDITIONS,, ,A,DAYLIGHT,37.342114,-121.854215,,,,,A,NO PEDESTRIANS INVOLVED,6/18/2020 12:00:00 AM,A,22107,False,1.0,US 101 N/B,,,6/26/2020 12:40:23 PM,A,N,500.0,I-680,F,,D,6/26/2020 12:41:08 PM,6/26/2020 12:41:08 PM,,True,2,,,,,,,
1258855,9340-2020-01809,1,False,9340,6/23/2020 10:02:00 PM,2202,088,1368,4313,San Jose,43,True,True,C,REAR END,,Tuesday,NotApplicable,False,M,,False,True,True,Santa Clara Superior,C,OTHER MOTOR VEHICLE,,0.0,0.0,CLEAR,, NO UNUSUAL CONDITIONS,, ,A,DAYLIGHT,37.3598,-121.9066,,,,,A,NO PEDESTRIANS INVOLVED,6/23/2020 12:00:00 AM,A,22350,False,1.0, I-880 S/B TO N. FIRST ST.,,,6/26/2020 7:52:30 AM,A,N,460.0,N. FIRST ST.,F,,D,6/26/2020 7:53:16 AM,6/26/2020 7:53:16 AM,,True,2,,,,,,,
1258849,9340-2020-01789,1,False,9340,6/22/2020 12:10:00 AM,10,120,1368,4313,San Jose,43,True,True,C,REAR END,,Monday,NotApplicable,False,,,False,True,True,Santa Clara Superior,C,OTHER MOTOR VEHICLE,,2.0,0.0,CLEAR,, NO UNUSUAL CONDITIONS,, ,D,DARK-NO STREET LIGHTS,37.36344,-121.89563,,,,,A,NO PEDESTRIANS INVOLVED,6/22/2020 12:00:00 AM,A,22107,False,1.0,US101 N/B,,,6/26/2020 7:48:35 AM,A,N,1150.0,Oakland Rd,F,,D,6/26/2020 7:50:08 AM,6/26/2020 7:50:08 AM,,True,2,,,,,,,
1258846,9340-2020-01780,1,False,9340,6/21/2020 12:05:00 AM,5,681,1368,4313,San Jose,43,True,True,E,HIT OBJECT,,Sunday,Yes,False,,,False,True,True,Santa Clara Superior,I,FIXED OBJECT,GUARDRAIL,0.0,0.0,CLEAR,, NO UNUSUAL CONDITIONS,, ,C,DARK-STREET LIGHTS,37.377108,-121.855325,,,,,A,NO PEDESTRIANS INVOLVED,6/21/2020 12:00:00 AM,A,23152(a),True,1.0,S/B I-680,,,6/26/2020 7:43:30 AM,A,S,0.65,Berryessa Rd,M,,D,6/26/2020 7:44:30 AM,6/26/2020 7:44:30 AM,,True,2,,,,,,,
1257625,9340-2020-01755,1,False,9340,6/18/2020 7:40:00 AM,740,110,1368,4313,San Jose,43,True,True,B,SIDE SWIPE,,Thursday,Yes,False,,,False,True,True,Santa Clara Superior,C,OTHER MOTOR VEHICLE,,1.0,0.0,CLEAR,, NO UNUSUAL CONDITIONS,, ,A,DAYLIGHT,37.36238,-121.884274,,,,,A,NO PEDESTRIANS INVOLVED,6/18/2020 12:00:00 AM,A,22107,False,1.0,US 101 N/B ,,,6/25/2020 3:00:34 PM,A,S,300.0,HEDDING ST.,F,,D,6/25/2020 3:01:37 PM,6/25/2020 3:01:37 PM,,True,2,,,,,,,
1257608,9340-2020-01785,1,False,9340,6/21/2020 6:48:00 PM,1848,282,1368,4313,San Jose,43,True,True,A,HEAD-ON,,Sunday,Yes,True,F,,False,True,True,Santa Clara Superior,C,OTHER MOTOR VEHICLE,,1.0,0.0,CLEAR,, NO UNUSUAL CONDITIONS,, ,A,DAYLIGHT,37.317696,-121.975528,,,,,A,NO PEDESTRIANS INVOLVED,6/21/2020 12:00:00 AM,A,21651(b),False,1.0,I-280 N/B to Saratoga Ave.,,,6/25/2020 2:44:29 PM,A,N,169.0,Saratoga Ave,F,,D,6/25/2020 2:46:10 PM,6/25/2020 2:46:10 PM,,True,2,,,,,,,
1257266,9340-2020-01741,2,False,9340,6/16/2020 7:15:00 AM,715,681,1368,4313,San Jose,43,True,True,B,SIDE SWIPE,,Tuesday,NotApplicable,False,,,False,True,True,Santa Clara Superior,C,OTHER MOTOR VEHICLE,,1.0,0.0,CLEAR,, NO UNUSUAL CONDITIONS,, ,A,DAYLIGHT,37.38403,-121.86075,,,,,A,NO PEDESTRIANS INVOLVED,6/16/2020 12:00:00 AM,A,22107,False,2.0,I-680 N/B TO BERRYESSA RD.,,,6/25/2020 8:46:10 AM,A,S,900.0,BERRYESSA RD.,F,,D,6/25/2020 8:47:20 AM,6/26/2020 10:49:57 AM,,True,2,,,,,,,
1257102,9340-2020-01802,1,False,9340,6/23/2020 4:20:00 PM,1620,171,1368,4313,San Jose,43,True,True,B,SIDE SWIPE,,Tuesday,NotApplicable,False,M,,False,True,False,Santa Clara Superior,C,OTHER MOTOR VEHICLE,,0.0,0.0,CLEAR,, NO UNUSUAL CONDITIONS,, ,A,DAYLIGHT,37.1518,-121.9848,,,,,A,NO PEDESTRIANS INVOLVED,6/23/2020 12:00:00 AM,A,20002(a),False,1.0,SR-17 S/B,,,6/24/2020 7:51:45 PM,A,N,1.0,Summit Rd,M,,D,6/24/2020 7:52:35 PM,6/24/2020 7:52:35 PM,,True,2,,,,,,,
1257068,9340-2020-01774,1,False,9340,6/19/2020 6:10:00 PM,1810,681,1368,4313,San Jose,43,True,True,B,SIDE SWIPE,,Friday,NotApplicable,False,M,,False,True,True,Santa Clara Superior,C,OTHER MOTOR VEHICLE,,2.0,0.0,CLEAR,, NO UNUSUAL CONDITIONS,, ,A,DAYLIGHT,37.347577,-121.184067,,,,,A,NO PEDESTRIANS INVOLVED,6/19/2020 12:00:00 AM,A,22107,False,1.0,I-680 N/B,,,6/24/2020 5:03:03 PM,A,S,1700.0,Jackson Ave,F,,D,6/24/2020 5:04:26 PM,6/24/2020 5:04:26 PM,,True,2,,,,,,,