Collision Id,	Report Number,	Report Version,	Is Preliminary,	NCIC Code,Crash Date Time,	Crash Time Description,	Beat,City Id,	City Code,	City Name,County Code,	City Is Active,	City Is Incorporated,	Collision Type Code,Collision Type Description,	Collision Type Other Desc,	Day Of Week,	DispatchNotified,	HasPhotographs,	HitRun,	IsAttachmentsMailed,	IsDeleted,	IsHighwayRelated,	IsTowAway,	JudicialDistrict,	MotorVehicleInvolvedWithCode,	MotorVehicleInvolvedWithDesc,MotorVehicleInvolvedWithOtherDesc,	NumberInjured,	NumberKilled,Weather 1, Weather 2, Road Condition 1, Road Condition 2, Special Condition,LightingCode, LightingDescription,Latitude,Longitude,MilepostDirection,MilepostDistance,MilepostMarker,MilepostUnitOfMeasure,	PedestrianActionCode,PedestrianActionDesc,PreparedDate,	Primary Collision Factor Code,Primary Collision Factor Violation,PrimaryCollisionFactorIsCited,	PrimaryCollisionPartyNumber,	PrimaryRoad,	ReportingDistrict,	ReportingDistrictCode,ReviewedDate,	RoadwaySurfaceCode,SecondaryDirection,	SecondaryDistance,	SecondaryRoad,	SecondaryUnitOfMeasure,	SketchDesc,	TrafficControlDeviceCode,CreatedDate,	ModifiedDate,IsCountyRoad,IsFreeway,CHP555Version,	IsAdditonalObjectStruck,NotificationDate,	NotificationTimeDescription,	HasDigitalMediaFiles,	EvidenceNumber,	IsLocationReferToNarrative,	IsAOIOneSameAsLocation
1282947,9340-2020-02155,1,False,9340,8/3/2020 2:55:00 PM,1455,110,1368,4313,San Jose,43,True,True,D,BROADSIDE,,Monday,NotApplicable,False,,,False,True,False,Santa Clara Superior,C,OTHER MOTOR VEHICLE,,0.0,0.0,CLEAR,, NO UNUSUAL CONDITIONS,, ,A,DAYLIGHT,37.30755,-121.8212,,,,,A,NO PEDESTRIANS INVOLVED,8/3/2020 12:00:00 AM,A,21658(a),False,1.0,US101 S/B,,,8/10/2020 8:08:36 AM,A,N,1000.0,Capitol Expy,F,,D,8/10/2020 8:11:03 AM,8/10/2020 8:11:03 AM,,True,2,,,,,,,
1282941,9340-2020-02134,1,False,9340,8/2/2020 11:30:00 PM,2330,281,1368,4313,San Jose,43,True,True,B,SIDE SWIPE,,Sunday,NotApplicable,False,M,,False,True,False,Santa Clara Superior,C,OTHER MOTOR VEHICLE,,0.0,0.0,CLEAR,, NO UNUSUAL CONDITIONS,, ,D,DARK-NO STREET LIGHTS,37.3214,-121.89934,,,,,A,NO PEDESTRIANS INVOLVED,8/2/2020 12:00:00 AM,A,22107,False,1.0,I-280 S/B (To SR-87),,,8/10/2020 8:05:49 AM,A,N,350.0,Bird Ave,F,,D,8/10/2020 8:06:33 AM,8/10/2020 8:06:33 AM,,True,2,,,,,,,
1282924,9340-2020-02144,1,False,9340,8/3/2020 4:45:00 AM,445,120,1368,4313,San Jose,43,True,True,E,HIT OBJECT,,Monday,Yes,False,,,False,True,False,Santa Clara Superior,I,FIXED OBJECT,GUARDRAIL,1.0,0.0,CLEAR,, NO UNUSUAL CONDITIONS,, ,C,DARK-STREET LIGHTS,37.36538,-121.90453,,,,,A,NO PEDESTRIANS INVOLVED,8/3/2020 12:00:00 AM,A,23152(a),True,1.0,US101 N/B,,,8/10/2020 7:46:01 AM,A,N,815.0,I-880,F,,D,8/10/2020 7:47:07 AM,8/10/2020 7:47:07 AM,,True,2,,,,,,,
1282903,9340-2020-02128,1,False,9340,8/2/2020 6:40:00 AM,640,120,1368,4313,San Jose,43,True,True,C,REAR END,,Sunday,Yes,False,,,False,True,True,Santa Clara Superior,C,OTHER MOTOR VEHICLE,,1.0,0.0,CLOUDY,, NO UNUSUAL CONDITIONS,, ,A,DAYLIGHT,37.377606,-121.945409,,,,,A,NO PEDESTRIANS INVOLVED,8/2/2020 12:00:00 AM,A,22350,False,1.0,US101 N/B,,,8/10/2020 7:22:08 AM,A,N,610.0,De la Cruz Blvd,F,,D,8/10/2020 7:23:43 AM,8/10/2020 7:23:43 AM,,True,2,,,,,,,
1282657,9725-2020-00823,1,False,9725,7/29/2020 6:40:00 PM,1840,013,1368,4313,San Jose,43,True,True,B,SIDE SWIPE,,Wednesday,NotApplicable,False,,,False,True,False,Santa Clara Superior,C,OTHER MOTOR VEHICLE,,0.0,0.0,CLEAR,, NO UNUSUAL CONDITIONS,, ,A,DAYLIGHT,37.233286,-121.75367,,,,,A,NO PEDESTRIANS INVOLVED,7/29/2020 12:00:00 AM,A,21658(a),False,,US-101 N/B,,,8/8/2020 12:33:47 AM,A,N,0.42,Metcalf Rd,M,,D,8/8/2020 12:34:38 AM,8/8/2020 12:34:38 AM,,True,2,,,,,,,
1282589,9340-2020-02151,1,False,9340,8/4/2020 3:50:00 PM,1550,230,1368,4313,San Jose,43,True,True,C,REAR END,,Tuesday,NotApplicable,False,M,,False,True,True,Santa Clara Superior,C,OTHER MOTOR VEHICLE,,2.0,0.0,CLEAR,, NO UNUSUAL CONDITIONS,, ,A,DAYLIGHT,37.418851,-121.964954,,,,,A,NO PEDESTRIANS INVOLVED,8/4/2020 12:00:00 AM,A,22350,False,1.0,SR-237 E/B,,,8/7/2020 2:44:32 PM,A,W,1500.0,N. FIRST ST,F,,D,8/7/2020 2:45:35 PM,8/7/2020 2:45:35 PM,,True,2,,,,,,,
1282586,9340-2020-02122,2,False,9340,8/1/2020 5:48:00 PM,1748,088,1368,4313,San Jose,43,True,True,B,SIDE SWIPE,,Saturday,NotApplicable,False,M,,False,True,False,Santa Clara Superior,C,OTHER MOTOR VEHICLE,,0.0,0.0,CLEAR,, NO UNUSUAL CONDITIONS,, ,A,DAYLIGHT,37.3466,-121.9211,,,,,A,NO PEDESTRIANS INVOLVED,8/1/2020 12:00:00 AM,A,21658(a),False,1.0,I-880 N/B,,,10/24/2020 10:21:50 AM,A,S,900.0,Coleman Ave,F,,D,8/7/2020 2:37:18 PM,10/24/2020 10:22:17 AM,,True,2,,,,,,,
1282578,9340-2020-02113,1,False,9340,7/31/2020 4:58:00 PM,1658,120,1368,4313,San Jose,43,True,True,C,REAR END,,Friday,Yes,False,,,False,True,True,Santa Clara Superior,C,OTHER MOTOR VEHICLE,,0.0,0.0,CLEAR,, NO UNUSUAL CONDITIONS,, ,A,DAYLIGHT,37.379978,-121.957534,,,,,A,NO PEDESTRIANS INVOLVED,7/31/2020 12:00:00 AM,A,23152(a),True,1.0,US101 S/B,,,8/7/2020 2:28:27 PM,A,S,2100.0,Montague Expy,F,,D,8/7/2020 2:29:48 PM,8/7/2020 2:29:48 PM,,True,2,,,,,,,
1282305,9340-2020-02130,1,False,9340,8/2/2020 7:08:00 PM,1908,087,1368,4313,San Jose,43,True,True,B,SIDE SWIPE,,Sunday,NotApplicable,False,M,,False,True,True,Santa Clara Superior,C,OTHER MOTOR VEHICLE,,0.0,0.0,CLEAR,, NO UNUSUAL CONDITIONS,, ,A,DAYLIGHT,37.360159,-121.915617,,,,,A,NO PEDESTRIANS INVOLVED,8/2/2020 12:00:00 AM,A,21658(a),False,1.0,SR-87 N/B,,,8/7/2020 9:31:02 AM,A,S,1752.0,Skyport Dr,F,,D,8/7/2020 9:31:49 AM,8/7/2020 9:31:49 AM,,True,2,,,,,,,
1282185,9340-2020-02038,1,False,9340,7/23/2020 10:50:00 AM,1050,110,1368,4313,San Jose,43,True,True,B,SIDE SWIPE,,Thursday,NotApplicable,False,,,False,True,False,Santa Clara Superior,C,OTHER MOTOR VEHICLE,,0.0,0.0,CLEAR,, NO UNUSUAL CONDITIONS,, ,A,DAYLIGHT,37.262691,-121.800751,,,,,A,NO PEDESTRIANS INVOLVED,7/23/2020 12:00:00 AM,A,21658(a),False,1.0,US 101 S/B,,,8/7/2020 7:18:40 AM,A,N,500.0,BLOSSOM HILL RD.,F,,D,8/7/2020 7:19:44 AM,8/7/2020 7:19:44 AM,,True,2,,,,,,,
1281976,9340-2020-02118,1,False,9340,8/1/2020 11:00:00 AM,1100,282,1368,4313,San Jose,43,True,True,C,REAR END,,Saturday,NotApplicable,False,,,False,True,False,Santa Clara Superior,C,OTHER MOTOR VEHICLE,,0.0,0.0,CLEAR,, NO UNUSUAL CONDITIONS,, ,A,DAYLIGHT,37.316595,-121.959721,,,,,A,NO PEDESTRIANS INVOLVED,8/1/2020 12:00:00 AM,D,,,,I-280 N/B,,,8/6/2020 2:39:11 PM,A,N,2745.0,WINCHESTER BLVD.,F,,D,8/6/2020 2:39:56 PM,8/6/2020 2:39:56 PM,,True,2,,,,,,,
1281967,9340-2020-02141,1,False,9340,8/3/2020 4:40:00 PM,1640,088,1368,4313,San Jose,43,True,True,E,HIT OBJECT,,Monday,NotApplicable,False,,,False,True,True,Santa Clara Superior,I,FIXED OBJECT,CRASH ATTENUATOR GUARDRAI,1.0,0.0,CLEAR,, NO UNUSUAL CONDITIONS,, ,A,DAYLIGHT,37.33454,-121.93577,,,,,A,NO PEDESTRIANS INVOLVED,8/3/2020 12:00:00 AM,A,22350,False,1.0,I-880 N/B,,,8/6/2020 2:29:19 PM,A,N,137.0,Bascom Ave,F,,D,8/6/2020 2:30:06 PM,8/6/2020 2:30:06 PM,,True,2,,,,,,,
1281872,9340-2020-02139,1,False,9340,8/3/2020 5:00:00 PM,1700,282,1368,4313,San Jose,43,True,True,E,HIT OBJECT,,Monday,NotApplicable,False,,,False,True,False,Santa Clara Superior,J,OTHER OBJECT,LADDER,0.0,0.0,CLEAR,, NO UNUSUAL CONDITIONS,, ,A,DAYLIGHT,37.316668,-121.950679,,,,,A,NO PEDESTRIANS INVOLVED,8/3/2020 12:00:00 AM,C,,,,I-280 S/B,,,8/6/2020 1:16:01 PM,A,N,100.0, WINCHESTER BLVD.,F,,D,8/6/2020 1:16:50 PM,8/6/2020 1:16:50 PM,,True,2,,,,,,,
1281861,9340-2020-02137,1,False,9340,8/3/2020 3:25:00 PM,1525,681,1368,4313,San Jose,43,True,True,C,REAR END,,Monday,NotApplicable,False,,,False,True,False,Santa Clara Superior,C,OTHER MOTOR VEHICLE,,1.0,0.0,CLEAR,, NO UNUSUAL CONDITIONS,, ,A,DAYLIGHT,37.385344,-121.862425,,,,,A,NO PEDESTRIANS INVOLVED,8/3/2020 12:00:00 AM,A,22106,False,1.0,I-680 N/B TO BERRYESSA RD.,,,8/6/2020 1:07:00 PM,A,N,30.0, BERRYESSA RD.,F,,D,8/6/2020 1:07:47 PM,8/6/2020 1:07:47 PM,,True,2,,,,,,,
1281741,9340-2020-02083,1,False,9340,7/29/2020 1:40:00 AM,140,281,1368,4313,San Jose,43,True,True,E,HIT OBJECT,,Wednesday,NotApplicable,False,M,,False,True,True,Santa Clara Superior,I,FIXED OBJECT,CONCRETE WALL,0.0,0.0,CLOUDY,, NO UNUSUAL CONDITIONS,, ,C,DARK-STREET LIGHTS,37.325048,-121.886535,,,,,A,NO PEDESTRIANS INVOLVED,7/29/2020 12:00:00 AM,A,22107,False,1.0,I-280 N/B,,,8/6/2020 10:44:20 AM,A,S,1720.0,SR-87,F,,D,8/6/2020 10:45:08 AM,8/6/2020 10:45:08 AM,,True,2,,,,,,,
1281672,9340-2020-02132,1,False,9340,8/2/2020 8:45:00 PM,2045,281,1368,4313,San Jose,43,True,True,F,OVERTURNED,,Sunday,NotApplicable,False,,,False,True,True,Santa Clara Superior,A,NON-COLLISION,,0.0,0.0,CLEAR,, NO UNUSUAL CONDITIONS,, ,D,DARK-NO STREET LIGHTS,37.3176,-121.9345,,,,,A,NO PEDESTRIANS INVOLVED,8/2/2020 12:00:00 AM,A,22107,False,1.0,I-280 N/B TO SR-17 S/B AND I-880 N/B,,,8/6/2020 9:45:18 AM,A,S,300.0,Macarthur Ave,F,,D,8/6/2020 9:47:22 AM,8/6/2020 9:47:22 AM,,True,2,,,,,,,
1281561,9340-2020-02145,1,False,9340,8/3/2020 6:55:00 PM,1855,087,1368,4313,San Jose,43,True,True,E,HIT OBJECT,,Monday,NotApplicable,False,,,False,True,True,Santa Clara Superior,I,FIXED OBJECT,CONCRETE BARRIER,1.0,0.0,CLEAR,, NO UNUSUAL CONDITIONS,, ,A,DAYLIGHT,37.2665,-121.8591,,,,,A,NO PEDESTRIANS INVOLVED,8/3/2020 12:00:00 AM,A,22107,False,1.0,SR-87 N/B,,,8/6/2020 8:31:51 AM,A,S,3063.0,Capitol Expy,F,,D,8/6/2020 8:32:55 AM,8/6/2020 8:32:55 AM,,True,2,,,,,,,
1281534,9340-2020-02135,1,False,9340,8/1/2020 9:35:00 PM,2135,088,1368,4313,San Jose,43,True,True,B,SIDE SWIPE,,Saturday,NotApplicable,False,M,,False,True,False,Santa Clara Superior,C,OTHER MOTOR VEHICLE,,0.0,0.0,CLEAR,, NO UNUSUAL CONDITIONS,, ,C,DARK-STREET LIGHTS,37.322467,-121.939732,,,,,A,NO PEDESTRIANS INVOLVED,8/1/2020 12:00:00 AM,A,22107,False,1.0,I-880 N/B FROM STEVENS CREEK BLVD E/B,,,8/6/2020 7:57:08 AM,A,S,200.0,Stevens Creek Blvd,F,,D,8/6/2020 7:57:53 AM,8/6/2020 7:57:53 AM,,True,2,,,,,,,
1281502,9340-2020-02091,2,False,9340,7/29/2020 5:20:00 PM,1720,083,1368,4313,San Jose,43,True,True,C,REAR END,,Wednesday,NotApplicable,False,M,,False,True,False,Santa Clara Superior,C,OTHER MOTOR VEHICLE,,0.0,0.0,CLEAR,, NO UNUSUAL CONDITIONS,, ,A,DAYLIGHT,37.2515,-121.8388,,,,,A,NO PEDESTRIANS INVOLVED,7/29/2020 12:00:00 AM,A,22350,False,1.0,SR-85 S/B,,,1/20/2021 8:23:02 AM,A,N,600.0,Blossom Hill Rd,F,,D,8/6/2020 7:20:45 AM,1/20/2021 8:23:15 AM,,True,2,,,,,,,
1281256,9340-2020-02121,1,False,9340,8/1/2020 7:15:00 PM,1915,281,1368,4313,San Jose,43,True,True,C,REAR END,,Saturday,NotApplicable,False,M,,False,True,False,Santa Clara Superior,C,OTHER MOTOR VEHICLE,,0.0,0.0,CLEAR,, NO UNUSUAL CONDITIONS,, ,A,DAYLIGHT,37.3275,-121.8784,,,,,A,NO PEDESTRIANS INVOLVED,8/1/2020 12:00:00 AM,A,22350,False,1.0,I-280 S/B,,,8/5/2020 3:05:19 PM,A,N,700.0,11th St,F,,D,8/5/2020 3:06:07 PM,8/5/2020 3:06:07 PM,,True,2,,,,,,,
1281253,9340-2020-02100,1,False,9340,7/30/2020 5:30:00 PM,1730,087,1368,4313,San Jose,43,True,True,B,SIDE SWIPE,,Thursday,NotApplicable,False,,,False,True,True,Santa Clara Superior,C,OTHER MOTOR VEHICLE,,0.0,0.0,CLEAR,, NO UNUSUAL CONDITIONS,, ,A,DAYLIGHT,37.323447,-121.189183,,,,,A,NO PEDESTRIANS INVOLVED,7/30/2020 12:00:00 AM,A,21658(a),False,1.0,SR-87 N/B,,,8/5/2020 3:00:59 PM,A,S,50.0,I-280,F,,D,8/5/2020 3:01:44 PM,8/5/2020 3:01:44 PM,,True,2,,,,,,,
1281045,9340-2020-02153,1,False,9340,8/4/2020 2:45:00 PM,1445,120,1368,4313,San Jose,43,True,True,B,SIDE SWIPE,,Tuesday,NotApplicable,False,M,,False,True,False,Santa Clara Superior,C,OTHER MOTOR VEHICLE,,0.0,0.0,CLEAR,, NO UNUSUAL CONDITIONS,, ,A,DAYLIGHT,37.376004,-121.940351,,,,,A,NO PEDESTRIANS INVOLVED,8/4/2020 12:00:00 AM,A,22107,False,1.0,US-101 S/B (FROM DE LA CRUZ BLVD),,,8/5/2020 10:43:06 AM,A,S,400.0,De la Cruz Blvd,F,,A,8/5/2020 10:43:51 AM,8/5/2020 10:43:51 AM,,True,2,,,,,,,
1280906,9340-2020-02125,1,False,9340,8/2/2020 4:30:00 AM,430,282,1368,4313,San Jose,43,True,True,E,HIT OBJECT,,Sunday,Yes,False,,,False,True,True,Santa Clara Superior,I,FIXED OBJECT,RAISED CONCRETE CURB,0.0,0.0,CLEAR,, NO UNUSUAL CONDITIONS,, ,B,DUSK-DAWN,37.3178,-121.9743,,,,,A,NO PEDESTRIANS INVOLVED,8/2/2020 12:00:00 AM,A,23152(a),True,1.0,I-280 N/B TO SARATOGA N/B,,,8/5/2020 8:37:58 AM,A,S,20.0,Saratoga Ave,F,,D,8/5/2020 8:39:33 AM,8/5/2020 8:39:33 AM,,True,2,,,,,,,
1280839,9340-2020-02059,1,False,9340,7/24/2020 11:08:00 AM,1108,089,1368,4313,San Jose,43,True,True,E,HIT OBJECT,,Friday,NotApplicable,False,M,,False,True,True,Santa Clara Superior,I,FIXED OBJECT,Jersey wall,0.0,0.0,CLEAR,, NO UNUSUAL CONDITIONS,, ,A,DAYLIGHT,37.365029,-121.900954,,,,,A,NO PEDESTRIANS INVOLVED,7/24/2020 12:00:00 AM,A,22107,False,1.0,I-880 N/B to US-101 N/B,,,8/5/2020 7:10:20 AM,A,N,300.0,US-101,F,,D,8/5/2020 7:11:21 AM,8/5/2020 7:11:21 AM,,True,2,,,,,,,
1280616,9340-2020-02075,1,False,9340,7/28/2020 8:00:00 AM,800,110,1368,4313,San Jose,43,True,True,C,REAR END,,Tuesday,NotApplicable,False,,,False,True,True,Santa Clara Superior,C,OTHER MOTOR VEHICLE,,0.0,0.0,CLEAR,, NO UNUSUAL CONDITIONS,, ,A,DAYLIGHT,37.34827,-121.86023,,,,,A,NO PEDESTRIANS INVOLVED,7/28/2020 12:00:00 AM,A,22350,False,1.0,US 101 N/B,,,8/4/2020 2:30:00 PM,A,S,300.0,Alum Rock Ave,F,,D,8/4/2020 2:30:57 PM,8/4/2020 2:30:57 PM,,True,2,,,,,,,
1280599,9725-2020-00829,1,False,9725,7/31/2020 1:50:00 PM,1350,902,1368,4313,San Jose,43,True,True,C,REAR END,,Friday,NotApplicable,False,,,False,False,False,San Jose Superior,C,OTHER MOTOR VEHICLE,,0.0,0.0,CLEAR,, NO UNUSUAL CONDITIONS,, Private Property,A,DAYLIGHT,37.22977,-121.7787,,,,,A,NO PEDESTRIANS INVOLVED,7/31/2020 12:00:00 AM,B,Unsafe Backing,,1.0,180 Martinvale Ln. (DMV parking lot),,,8/4/2020 2:14:18 PM,A,N,2000.0,Santa Teresa Blvd,F,,D,8/4/2020 2:15:08 PM,8/4/2020 2:15:08 PM,,,2,,,,,,,
1280512,9340-2020-02123,1,False,9340,8/1/2020 10:15:00 PM,2215,110,1368,4313,San Jose,43,True,True,B,SIDE SWIPE,,Saturday,NotApplicable,False,M,,False,True,False,Santa Clara Superior,C,OTHER MOTOR VEHICLE,,0.0,0.0,CLEAR,, NO UNUSUAL CONDITIONS,, ,D,DARK-NO STREET LIGHTS,37.26461,-121.801453,,,,,A,NO PEDESTRIANS INVOLVED,8/1/2020 12:00:00 AM,A,22107,False,1.0,us 101 s/b,,,8/4/2020 12:49:18 PM,A,N,0.5,Blossom Hill Road,M,,D,8/4/2020 12:50:03 PM,8/4/2020 12:50:03 PM,,True,2,,,,,,,
1280417,9340-2020-02119,1,False,9340,8/1/2020 12:55:00 PM,1255,110,1368,4313,San Jose,43,True,True,E,HIT OBJECT,,Saturday,Yes,False,,,False,True,False,Santa Clara Superior,I,FIXED OBJECT,Concrete Wall,1.0,0.0,CLEAR,, NO UNUSUAL CONDITIONS,, ,A,DAYLIGHT,37.3061,-121.8196,,,,,A,NO PEDESTRIANS INVOLVED,8/1/2020 12:00:00 AM,A,23152(a),True,1.0,US-101 S/B,,,8/4/2020 11:17:36 AM,A,N,1320.0,Capitol Expy.,F,,D,8/4/2020 11:18:39 AM,8/4/2020 11:18:39 AM,,True,2,,,,,,,
1280299,9340-2020-02116,1,False,9340,7/31/2020 1:15:00 PM,1315,089,1368,4313,San Jose,43,True,True,B,SIDE SWIPE,,Friday,NotApplicable,False,,,False,True,False,Santa Clara Superior,C,OTHER MOTOR VEHICLE,,0.0,0.0,CLEAR,, NO UNUSUAL CONDITIONS,, ,A,DAYLIGHT,37.364197,-121.902056,,,,,A,NO PEDESTRIANS INVOLVED,7/31/2020 12:00:00 AM,A,21658(a),False,1.0,I-880 S/B,,,8/4/2020 9:49:49 AM,A,N,50.0,US101,F,,D,8/4/2020 9:50:33 AM,8/4/2020 9:50:33 AM,,True,2,,,,,,,
1280256,9340-2020-02105,1,False,9340,7/31/2020 5:50:00 AM,550,110,1368,4313,San Jose,43,True,True,C,REAR END,,Friday,NotApplicable,False,,,False,True,True,Santa Clara Superior,C,OTHER MOTOR VEHICLE,,0.0,0.0,CLOUDY,, NO UNUSUAL CONDITIONS,, ,B,DUSK-DAWN,37.344206,-121.8562,,,,,A,NO PEDESTRIANS INVOLVED,7/31/2020 12:00:00 AM,A,22350,False,1.0,US 101 N/B,,,8/4/2020 9:19:23 AM,A,S,1000.0,SAN ANTONIO ST.,F,,D,8/4/2020 9:20:09 AM,8/4/2020 9:20:09 AM,,True,2,,,,,,,
1280251,9340-2020-02111,1,False,9340,7/31/2020 4:40:00 PM,1640,089,1368,4313,San Jose,43,True,True,B,SIDE SWIPE,,Friday,NotApplicable,False,,,False,True,False,Santa Clara Superior,C,OTHER MOTOR VEHICLE,,0.0,0.0,CLEAR,, NO UNUSUAL CONDITIONS,, ,A,DAYLIGHT,37.3967,-121.9079,S,600.0,880 SCL 6.701,F,A,NO PEDESTRIANS INVOLVED,7/31/2020 12:00:00 AM,A,22107,False,1.0,I-880 S/B,,,8/4/2020 9:14:13 AM,A,S,600.0,Montague Expy,F,,D,8/4/2020 9:15:24 AM,8/4/2020 9:15:24 AM,,True,2,,,,,,,
1280244,9340-2020-02103,1,False,9340,7/30/2020 11:10:00 PM,2310,110,1368,4313,San Jose,43,True,True,E,HIT OBJECT,,Thursday,NotApplicable,False,M,,False,True,True,Santa Clara Superior,I,FIXED OBJECT,GUARDRAIL,0.0,0.0,CLEAR,, NO UNUSUAL CONDITIONS,, ,D,DARK-NO STREET LIGHTS,37.337114,-121.84806,,,,,A,NO PEDESTRIANS INVOLVED,7/30/2020 12:00:00 AM,A,22107,False,1.0,US-101 N/B FROM STORY ROAD W/B,,,8/4/2020 9:04:41 AM,A,N,250.0,Story Rd,F,,D,8/4/2020 9:05:25 AM,8/4/2020 9:05:25 AM,,True,2,,,,,,,
1280168,9340-2020-02108,1,False,9340,7/30/2020 2:40:00 PM,1440,281,1368,4313,San Jose,43,True,True,C,REAR END,,Thursday,NotApplicable,True,M,,False,True,False,Santa Clara Superior,C,OTHER MOTOR VEHICLE,,0.0,0.0,CLEAR,, NO UNUSUAL CONDITIONS,, ,A,DAYLIGHT,37.3231,-121.9391,,,,,A,NO PEDESTRIANS INVOLVED,7/30/2020 12:00:00 AM,A,22350,False,1.0,I-280 N/B TO STEVENS CREEK BLVD.,,,8/4/2020 7:43:23 AM,A,S,10.0,Stevens Creek Blvd,F,,D,8/4/2020 7:45:01 AM,8/4/2020 7:45:01 AM,,True,2,,,,,,,
1280162,9340-2020-02096,2,False,9340,7/30/2020 9:35:00 AM,935,087,1368,4313,San Jose,43,True,True,E,HIT OBJECT,,Thursday,NotApplicable,False,,,False,True,True,Santa Clara Superior,I,FIXED OBJECT,Concrete Wall,0.0,0.0,CLEAR,, NO UNUSUAL CONDITIONS,, ,A,DAYLIGHT,37.3734,-121.9276,,,,,A,NO PEDESTRIANS INVOLVED,7/30/2020 12:00:00 AM,A,22350,False,1.0,SR-87 N/B to US-101 N/B,,,8/4/2020 7:33:16 AM,A,N,2190.0,Skyport Dr.,F,,D,8/4/2020 7:34:05 AM,8/7/2020 10:32:41 AM,,True,2,,,,,,,
1280150,9340-2020-02138,1,False,9340,7/29/2020 2:05:00 PM,1405,088,1368,4313,San Jose,43,True,True,C,REAR END,,Wednesday,NotApplicable,False,,,False,True,False,Santa Clara Superior,C,OTHER MOTOR VEHICLE,,0.0,0.0,CLEAR,, NO UNUSUAL CONDITIONS,, ,A,DAYLIGHT,37.327155,-121.940939,,,,,A,NO PEDESTRIANS INVOLVED,7/29/2020 12:00:00 AM,A,22350,False,1.0,I-880 S/B,,,8/4/2020 7:14:12 AM,A,N,1400.0,Stevens Creek Blvd,F,,D,8/4/2020 7:14:57 AM,8/4/2020 7:14:57 AM,,True,2,,,,,,,
1280142,9340-2020-02095,1,False,9340,7/29/2020 8:50:00 PM,2050,120,1368,4313,San Jose,43,True,True,B,SIDE SWIPE,,Wednesday,NotApplicable,False,,,False,True,False,Santa Clara Superior,C,OTHER MOTOR VEHICLE,,0.0,0.0,CLEAR,, OBSTRUCTION ON ROADWAY*,, ,D,DARK-NO STREET LIGHTS,37.36773,-121.94107,,,,,A,NO PEDESTRIANS INVOLVED,7/29/2020 12:00:00 AM,A,22107,False,1.0,US101 N/B,,,8/4/2020 7:07:58 AM,A,S,100.0,TRIMBLE RD.,F,,D,8/4/2020 7:08:51 AM,8/4/2020 7:08:51 AM,,True,2,,,,,,,
1279899,9340-2020-02107,1,False,9340,7/30/2020 3:30:00 PM,1530,281,1368,4313,San Jose,43,True,True,C,REAR END,,Thursday,NotApplicable,False,,,False,True,False,Santa Clara Superior,C,OTHER MOTOR VEHICLE,,0.0,0.0,CLEAR,, NO UNUSUAL CONDITIONS,, ,A,DAYLIGHT,37.323,-121.8955,,,,,A,NO PEDESTRIANS INVOLVED,7/30/2020 12:00:00 AM,A,22350,False,1.0,I-280 S/B TO SR-87,,,8/3/2020 2:57:05 PM,A,N,150.0,Bird Ave,F,,D,8/3/2020 2:57:49 PM,8/3/2020 2:57:49 PM,,True,2,,,,,,,
1279873,9340-2020-02087,1,False,9340,7/29/2020 11:10:00 AM,1110,087,1368,4313,San Jose,43,True,True,E,HIT OBJECT,,Wednesday,Yes,False,,,False,True,False,Santa Clara Superior,I,FIXED OBJECT,Concrete Wall,1.0,0.0,CLEAR,, NO UNUSUAL CONDITIONS,, ,A,DAYLIGHT,37.3319,-121.8967,,,,,A,NO PEDESTRIANS INVOLVED,7/29/2020 12:00:00 AM,A,22107,False,1.0,SR-87 S/B,,,8/3/2020 2:41:45 PM,A,S,1000.0,Julian St.,F,,D,8/3/2020 2:42:48 PM,8/3/2020 2:42:48 PM,,True,2,,,,,,,
1279776,9340-2020-02127,1,False,9340,8/2/2020 6:30:00 AM,630,120,1368,4313,San Jose,43,True,True,C,REAR END,,Sunday,Yes,False,,,False,True,True,Santa Clara Superior,C,OTHER MOTOR VEHICLE,,1.0,0.0,CLOUDY,, NO UNUSUAL CONDITIONS,, ,A,DAYLIGHT,37.377772,-121.946545,,,,,A,NO PEDESTRIANS INVOLVED,8/2/2020 12:00:00 AM,A,23152(a),True,1.0,US101 N/B,,,8/3/2020 1:44:33 PM,A,N,580.0,De la Cruz Blvd,F,,D,8/3/2020 1:45:40 PM,8/3/2020 1:45:40 PM,,True,2,,,,,,,
1279745,9340-2020-02099,1,False,9340,7/30/2020 1:30:00 PM,1330,281,1368,4313,San Jose,43,True,True,B,SIDE SWIPE,,Thursday,NotApplicable,False,,,False,True,False,Santa Clara Superior,C,OTHER MOTOR VEHICLE,,0.0,0.0,CLEAR,, NO UNUSUAL CONDITIONS,, ,A,DAYLIGHT,37.321985,-121.892031,,,,,A,NO PEDESTRIANS INVOLVED,7/30/2020 12:00:00 AM,A,22107,False,,I-280 S/B TO SR-87 S/B,,,8/3/2020 1:20:35 PM,A,S,1600.0,Bird Ave,F,,D,8/3/2020 1:21:22 PM,8/3/2020 1:21:22 PM,,True,2,,,,,,,