Collision Id,	Report Number,	Report Version,	Is Preliminary,	NCIC Code,Crash Date Time,	Crash Time Description,	Beat,City Id,	City Code,	City Name,County Code,	City Is Active,	City Is Incorporated,	Collision Type Code,Collision Type Description,	Collision Type Other Desc,	Day Of Week,	DispatchNotified,	HasPhotographs,	HitRun,	IsAttachmentsMailed,	IsDeleted,	IsHighwayRelated,	IsTowAway,	JudicialDistrict,	MotorVehicleInvolvedWithCode,	MotorVehicleInvolvedWithDesc,MotorVehicleInvolvedWithOtherDesc,	NumberInjured,	NumberKilled,Weather 1, Weather 2, Road Condition 1, Road Condition 2, Special Condition,LightingCode, LightingDescription,Latitude,Longitude,MilepostDirection,MilepostDistance,MilepostMarker,MilepostUnitOfMeasure,	PedestrianActionCode,PedestrianActionDesc,PreparedDate,	Primary Collision Factor Code,Primary Collision Factor Violation,PrimaryCollisionFactorIsCited,	PrimaryCollisionPartyNumber,	PrimaryRoad,	ReportingDistrict,	ReportingDistrictCode,ReviewedDate,	RoadwaySurfaceCode,SecondaryDirection,	SecondaryDistance,	SecondaryRoad,	SecondaryUnitOfMeasure,	SketchDesc,	TrafficControlDeviceCode,CreatedDate,	ModifiedDate,IsCountyRoad,IsFreeway,CHP555Version,	IsAdditonalObjectStruck,NotificationDate,	NotificationTimeDescription,	HasDigitalMediaFiles,	EvidenceNumber,	IsLocationReferToNarrative,	IsAOIOneSameAsLocation
1341249,9340-2020-03059,1,False,9340,11/5/2020 4:55:00 PM,1655,681,1368,4313,San Jose,43,True,True,C,REAR END,,Thursday,NotApplicable,False,,,False,True,True,Santa Clara Superior,C,OTHER MOTOR VEHICLE,,0.0,0.0,CLEAR,, NO UNUSUAL CONDITIONS,, ,A,DAYLIGHT,37.363,-121.8433,,,,,A,NO PEDESTRIANS INVOLVED,11/5/2020 12:00:00 AM,A,22350,False,1.0,I-680 S/B,,,11/6/2020 2:50:02 PM,A,N,700.0,Alum Rock Ave,F,,D,11/6/2020 2:50:41 PM,11/6/2020 2:50:41 PM,,True,2,,,,,,,
1341238,9340-2020-03058,1,False,9340,11/5/2020 6:15:00 PM,1815,083,1368,4313,San Jose,43,True,True,C,REAR END,,Thursday,NotApplicable,False,M,,False,True,False,Santa Clara Superior,C,OTHER MOTOR VEHICLE,,0.0,0.0,CLEAR,, NO UNUSUAL CONDITIONS,, ,C,DARK-STREET LIGHTS,37.254,-121.8432,,,,,A,NO PEDESTRIANS INVOLVED,11/5/2020 12:00:00 AM,A,22350,False,1.0,SR-85 S/B,,,11/6/2020 2:37:46 PM,A,N,1500.0,Blossom Hill Road,F,,D,11/6/2020 2:38:21 PM,11/6/2020 2:38:21 PM,,True,2,,,,,,,
1341233,9340-2020-03061,1,False,9340,11/5/2020 6:20:00 PM,1820,120,1368,4313,San Jose,43,True,True,C,REAR END,,Thursday,NotApplicable,False,,,False,True,False,Santa Clara Superior,C,OTHER MOTOR VEHICLE,,0.0,0.0,CLEAR,, NO UNUSUAL CONDITIONS,, ,D,DARK-NO STREET LIGHTS,37.2231,-121.56672,,,,,A,NO PEDESTRIANS INVOLVED,11/5/2020 12:00:00 AM,A,22107,False,1.0,US101 S/B,,,11/6/2020 2:28:44 PM,A,N,1800.0,SR-87,F,,D,11/6/2020 2:29:13 PM,11/6/2020 2:29:13 PM,,True,2,,,,,,,
1341186,9340-2020-03036,1,False,9340,11/2/2020 3:35:00 PM,1535,087,1368,4313,San Jose,43,True,True,C,REAR END,,Monday,NotApplicable,False,M,,False,True,False,Santa Clara Superior,C,OTHER MOTOR VEHICLE,,0.0,0.0,CLEAR,, NO UNUSUAL CONDITIONS,, ,B,DUSK-DAWN,37.323351,-121.891823,,,,,A,NO PEDESTRIANS INVOLVED,11/2/2020 12:00:00 AM,A,22350,False,1.0,SR-87 S/B S/O I-280,,,11/6/2020 1:45:56 PM,A,S,50.0,I-280,F,,D,11/6/2020 1:46:23 PM,11/6/2020 1:46:23 PM,,True,2,,,,,,,
1341133,9340-2020-03017,1,False,9340,11/1/2020 2:15:00 AM,215,110,1368,4313,San Jose,43,True,True,C,REAR END,,Sunday,NotApplicable,False,M,,False,True,False,Santa Clara Superior,C,OTHER MOTOR VEHICLE,,1.0,0.0,CLEAR,, NO UNUSUAL CONDITIONS,, ,C,DARK-STREET LIGHTS,37.306524,-121.82012,,,,,A,NO PEDESTRIANS INVOLVED,11/1/2020 12:00:00 AM,A,22350,False,1.0,US101 S/B,,,11/6/2020 1:00:59 PM,A,N,1520.0,Capitol Expy,F,,D,11/6/2020 1:01:38 PM,11/6/2020 1:01:38 PM,,True,2,,,,,,,
1340836,9340-2020-03012,1,False,9340,11/1/2020 12:03:00 AM,3,089,1368,4313,San Jose,43,True,True,C,REAR END,,Sunday,NotApplicable,False,,,False,True,False,Santa Clara Superior,C,OTHER MOTOR VEHICLE,,0.0,0.0,CLEAR,, NO UNUSUAL CONDITIONS,, ,C,DARK-STREET LIGHTS,37.386,-121.9049,,,,,A,NO PEDESTRIANS INVOLVED,11/1/2020 12:00:00 AM,A,22350,False,1.0,I-880 N/B,,,11/6/2020 8:59:42 AM,A,N,500.0,Brokaw Rd,F,,D,11/6/2020 9:00:12 AM,11/6/2020 9:00:12 AM,,True,2,,,,,,,
1340819,9340-2020-03011,1,False,9340,11/1/2020 2:00:00 AM,200,120,1368,4313,San Jose,43,True,True,E,HIT OBJECT,,Sunday,Yes,False,,,False,True,True,Santa Clara Superior,I,FIXED OBJECT,RAISED CONCRETE MEDIAN,0.0,0.0,CLEAR,, NO UNUSUAL CONDITIONS,, ,C,DARK-STREET LIGHTS,37.3634,-121.8916,,,,,A,NO PEDESTRIANS INVOLVED,11/1/2020 12:00:00 AM,A,23152(a),True,1.0,US-101 N/B (FROM OAKLAND RD.),,,11/6/2020 8:47:24 AM,A,N,15.0,OAKLAND RD.,F,,D,11/6/2020 8:48:02 AM,11/6/2020 8:48:02 AM,,True,2,,,,,,,
1340807,9340-2020-03016,1,False,9340,11/1/2020 1:30:00 AM,130,110,1368,4313,San Jose,43,True,True,C,REAR END,,Sunday,NotApplicable,False,M,,False,True,False,Santa Clara Superior,C,OTHER MOTOR VEHICLE,,0.0,0.0,CLEAR,, NO UNUSUAL CONDITIONS,, ,C,DARK-STREET LIGHTS,37.349823,-121.862378,,,,,A,NO PEDESTRIANS INVOLVED,11/1/2020 12:00:00 AM,A,22350,False,1.0,US-101 S/B TO SANTA CLARA ST,,,11/6/2020 8:40:34 AM,A,N,8.0,Santa Clara St,F,,A,11/6/2020 8:41:57 AM,11/6/2020 8:41:57 AM,,True,2,,,,,,,
1340747,9340-2020-03045,1,False,9340,11/5/2020 12:05:00 AM,5,083,1368,4313,San Jose,43,True,True,C,REAR END,,Thursday,Yes,False,M,,False,True,True,Santa Clara Superior,C,OTHER MOTOR VEHICLE,,0.0,0.0,CLEAR,, NO UNUSUAL CONDITIONS,, ,D,DARK-NO STREET LIGHTS,37.2524,-121.8866,,,,,A,NO PEDESTRIANS INVOLVED,11/5/2020 12:00:00 AM,A,23152(a),True,1.0,SR-85 N/B,,,11/6/2020 7:53:28 AM,A,N,0.5,Almaden Expy,M,,D,11/6/2020 7:54:10 AM,11/6/2020 7:54:10 AM,,True,2,,,,,,,
1340687,9340-2020-02997,1,False,9340,10/30/2020 3:00:00 PM,1500,681,1368,4313,San Jose,43,True,True,C,REAR END,,Friday,NotApplicable,False,,,False,True,False,Santa Clara Superior,C,OTHER MOTOR VEHICLE,,0.0,0.0,CLEAR,, NO UNUSUAL CONDITIONS,, ,A,DAYLIGHT,37.347713,-121.841254,,,,,A,NO PEDESTRIANS INVOLVED,10/30/2020 12:00:00 AM,A,22350,False,1.0,I-680 S/B,,,11/6/2020 6:40:25 AM,A,N,2150.0,King Road,F,,D,11/6/2020 6:40:52 AM,11/6/2020 6:40:52 AM,,True,2,,,,,,,
1340669,9340-2020-02954,1,False,9340,10/27/2020 5:25:00 AM,525,120,1368,4313,San Jose,43,True,True,C,REAR END,,Tuesday,NotApplicable,False,,,False,True,True,Santa Clara Superior,C,OTHER MOTOR VEHICLE,,1.0,0.0,CLEAR,, NO UNUSUAL CONDITIONS,, ,D,DARK-NO STREET LIGHTS,37.362646,-121.89183,,,,,A,NO PEDESTRIANS INVOLVED,10/27/2020 12:00:00 AM,A,22350,False,2.0,US-101 S/B to Oakland Road,,,11/6/2020 6:27:19 AM,A,S,110.0,Oakland Road,F,,A,11/6/2020 6:28:07 AM,11/6/2020 6:28:07 AM,,True,2,,,,,,,
1340508,9340-2020-02984,1,False,9340,10/28/2020 9:15:00 PM,2115,681,1368,4313,San Jose,43,True,True,B,SIDE SWIPE,,Wednesday,NotApplicable,False,,,False,True,False,Santa Clara Superior,C,OTHER MOTOR VEHICLE,,0.0,0.0,CLEAR,, NO UNUSUAL CONDITIONS,, ,D,DARK-NO STREET LIGHTS,37.351756,-121.837829,,,,,A,NO PEDESTRIANS INVOLVED,10/28/2020 12:00:00 AM,A,22107,False,1.0,I-680 N/B,,,11/5/2020 3:18:47 PM,A,S,188.0,Jackson Ave,F,,D,11/5/2020 3:19:35 PM,11/5/2020 3:19:35 PM,,True,2,,,,,,,
1340303,9340-2020-03021,1,False,9340,11/1/2020 5:55:00 AM,555,281,1368,4313,San Jose,43,True,True,E,HIT OBJECT,,Sunday,NotApplicable,False,,,False,True,True,Santa Clara Superior,I,FIXED OBJECT,WOODEN SIGN POST,0.0,0.0,CLEAR,, NO UNUSUAL CONDITIONS,, ,B,DUSK-DAWN,37.317068,-121.924002,,,,,A,NO PEDESTRIANS INVOLVED,11/1/2020 12:00:00 AM,A,22107,False,1.0,I-280 N/B,,,11/5/2020 12:30:21 PM,A,N,17.0,Leigh Ave,F,,A,11/5/2020 12:30:49 PM,11/5/2020 12:30:49 PM,,True,2,,,,,,,
1340297,9340-2020-03001,1,False,9340,10/30/2020 6:55:00 PM,1855,281,1368,4313,San Jose,43,True,True,C,REAR END,,Friday,Yes,False,,,False,True,True,Santa Clara Superior,C,OTHER MOTOR VEHICLE,,1.0,0.0,CLEAR,, NO UNUSUAL CONDITIONS,, ,D,DARK-NO STREET LIGHTS,37.3174,-121.9348,,,,,A,NO PEDESTRIANS INVOLVED,10/30/2020 12:00:00 AM,A,22107,False,1.0,I-280 N/B,,,11/5/2020 12:24:40 PM,A,S,256.0,Macarthur Ave,F,,D,11/5/2020 12:25:21 PM,11/5/2020 12:25:21 PM,,True,2,,,,,,,
1340167,9340-2020-03026,1,False,9340,11/2/2020 11:45:00 AM,1145,087,1368,4313,San Jose,43,True,True,B,SIDE SWIPE,,Monday,NotApplicable,False,M,,False,True,False,Santa Clara Superior,C,OTHER MOTOR VEHICLE,,0.0,0.0,CLEAR,, NO UNUSUAL CONDITIONS,, ,A,DAYLIGHT,37.273182,-121.862758,,,,,A,NO PEDESTRIANS INVOLVED,11/2/2020 12:00:00 AM,A,21658(a),True,1.0,SR-87 S/B ,,,11/5/2020 10:31:46 AM,A,S,300.0,Capitol Expressway,F,,D,11/5/2020 10:32:24 AM,11/5/2020 10:32:24 AM,,True,2,,,,,,,
1340100,9340-2020-03030,1,False,9340,10/31/2020 5:40:00 PM,1740,681,1368,4313,San Jose,43,True,True,B,SIDE SWIPE,,Saturday,NotApplicable,False,,,False,True,False,Santa Clara Superior,C,OTHER MOTOR VEHICLE,,0.0,0.0,CLEAR,, NO UNUSUAL CONDITIONS,, ,B,DUSK-DAWN,37.34878,-121.83997,,,,,A,NO PEDESTRIANS INVOLVED,10/31/2020 12:00:00 AM,A,21658(a),False,1.0,I-680 S/B,,,11/5/2020 9:59:19 AM,A,S,1490.0,Jackson Ave,F,,D,11/5/2020 9:59:47 AM,11/5/2020 9:59:47 AM,,True,2,,,,,,,
1340036,9340-2020-03042,1,False,9340,11/4/2020 6:30:00 PM,1830,681,1368,4313,San Jose,43,True,True,C,REAR END,,Wednesday,NotApplicable,False,,,False,True,True,Santa Clara Superior,C,OTHER MOTOR VEHICLE,,0.0,0.0,CLEAR,, NO UNUSUAL CONDITIONS,, ,C,DARK-STREET LIGHTS,37.3657,-121.845,,,,,A,NO PEDESTRIANS INVOLVED,11/4/2020 12:00:00 AM,A,22350,False,1.0,I-680 S/B FROM MCKEE ROAD,,,11/5/2020 9:15:04 AM,A,S,6008.0,McKee Rd,F,,A,11/5/2020 9:16:23 AM,11/5/2020 9:16:23 AM,,True,2,,,,,,,
1339992,9340-2020-03023,1,False,9340,11/2/2020 6:50:00 AM,650,230,1368,4313,San Jose,43,True,True,C,REAR END,,Monday,NotApplicable,False,,,False,True,True,Santa Clara Superior,C,OTHER MOTOR VEHICLE,,0.0,0.0,CLEAR,, NO UNUSUAL CONDITIONS,, ,A,DAYLIGHT,37.419444,-121.947835,,,,,A,NO PEDESTRIANS INVOLVED,11/2/2020 12:00:00 AM,A,22350,False,1.0,SR-237 W/B,,,11/5/2020 8:42:01 AM,A,W,1200.0,Zanker Ln,F,,D,11/5/2020 8:42:28 AM,11/5/2020 8:42:28 AM,,True,2,,,,,,,
1339983,9340-2020-02985,1,False,9340,10/28/2020 10:10:00 PM,2210,087,1368,4313,San Jose,43,True,True,B,SIDE SWIPE,,Wednesday,Yes,False,M,,False,True,True,Santa Clara Superior,C,OTHER MOTOR VEHICLE,,1.0,0.0,CLEAR,, NO UNUSUAL CONDITIONS,, ,C,DARK-STREET LIGHTS,37.301727,-121.876974,,,,,A,NO PEDESTRIANS INVOLVED,10/28/2020 12:00:00 AM,A,22107,False,1.0,SR-87 S/B,,,11/5/2020 8:30:53 AM,A,N,1320.0,Almaden Expy,F,,D,11/5/2020 8:31:38 AM,11/5/2020 8:31:38 AM,,True,2,,,,,,,
1339941,9340-2020-02944,1,False,9340,10/26/2020 6:15:00 AM,615,230,1368,4313,San Jose,43,True,True,B,SIDE SWIPE,,Monday,NotApplicable,False,M,,False,True,False,Santa Clara Superior,C,OTHER MOTOR VEHICLE,,0.0,0.0,CLEAR,, NO UNUSUAL CONDITIONS,, ,B,DUSK-DAWN,37.41877,-121.96274,,,,,A,NO PEDESTRIANS INVOLVED,10/26/2020 12:00:00 AM,A,22107,False,1.0,SR-237 E/B,,,11/5/2020 7:45:43 AM,A,W,1200.0,N. First St.,F,,D,11/5/2020 7:51:25 AM,11/5/2020 7:51:25 AM,,True,2,,,,,,,
1339733,9340-2020-03018,1,False,9340,11/1/2020 6:50:00 AM,650,088,1368,4313,San Jose,43,True,True,C,REAR END,,Sunday,NotApplicable,False,,,False,True,True,Santa Clara Superior,C,OTHER MOTOR VEHICLE,,1.0,0.0,CLEAR,, NO UNUSUAL CONDITIONS,, ,A,DAYLIGHT,37.3514,-121.9148,,,,,A,NO PEDESTRIANS INVOLVED,11/1/2020 12:00:00 AM,A,22350,False,1.0,I-880 S/B,,,11/4/2020 8:57:01 PM,A,N,1000.0,Coleman Ave,F,,D,11/4/2020 8:58:00 PM,11/4/2020 8:58:00 PM,,True,2,,,,,,,
1339729,9340-2020-03020,1,False,9340,11/1/2020 8:21:00 PM,2021,110,1368,4313,San Jose,43,True,True,C,REAR END,,Sunday,NotApplicable,False,M,,False,True,True,Santa Clara Superior,C,OTHER MOTOR VEHICLE,,0.0,0.0,CLEAR,, NO UNUSUAL CONDITIONS,, ,D,DARK-NO STREET LIGHTS,37.260352,-121.798955,,,,,A,NO PEDESTRIANS INVOLVED,11/1/2020 12:00:00 AM,A,22350,False,1.0,US-101 N/B,,,11/4/2020 8:32:37 PM,A,N,1500.0,Blossom Hill Rd,F,,D,11/4/2020 8:33:05 PM,11/4/2020 8:33:05 PM,,True,2,,,,,,,
1339728,9340-2020-03004,1,False,9340,10/31/2020 12:55:00 AM,55,088,1368,4313,San Jose,43,True,True,E,HIT OBJECT,,Saturday,Yes,False,,,False,True,True,Santa Clara Superior,I,FIXED OBJECT,METERING LIGHT,0.0,0.0,CLEAR,, NO UNUSUAL CONDITIONS,, ,C,DARK-STREET LIGHTS,37.2031,-121.5534,,,,,A,NO PEDESTRIANS INVOLVED,10/31/2020 12:00:00 AM,A,23152(a),True,1.0,N/B I-880 FROM THE ALAMEDA,,,11/4/2020 8:21:44 PM,A,S,250.0,The Alameda,F,,A,11/4/2020 8:22:24 PM,11/4/2020 8:22:24 PM,,True,2,,,,,,,
1339506,9340-2020-03008,1,False,9340,10/31/2020 12:50:00 PM,1250,110,1368,4313,San Jose,43,True,True,B,SIDE SWIPE,,Saturday,NotApplicable,False,,,False,True,True,Santa Clara Superior,C,OTHER MOTOR VEHICLE,,1.0,0.0,CLEAR,, NO UNUSUAL CONDITIONS,, ,A,DAYLIGHT,37.3215,-121.8346,,,,,A,NO PEDESTRIANS INVOLVED,10/31/2020 12:00:00 AM,A,21658(a),False,1.0,US-101 S/B,,,11/4/2020 2:31:13 PM,A,N,1000.0,Tully Rd,F,,D,11/4/2020 2:32:26 PM,11/4/2020 2:32:26 PM,,True,2,,,,,,,
1339483,9340-2020-03007,1,False,9340,10/31/2020 11:38:00 AM,1138,110,1368,4313,San Jose,43,True,True,E,HIT OBJECT,,Saturday,NotApplicable,False,F,,False,True,True,Santa Clara Superior,I,FIXED OBJECT,Guard Rail,1.0,0.0,CLEAR,, NO UNUSUAL CONDITIONS,, ,A,DAYLIGHT,37.2657,-121.8018,,,,,A,NO PEDESTRIANS INVOLVED,10/31/2020 12:00:00 AM,A,22107,False,1.0,US-101 S/B,,,11/4/2020 2:06:36 PM,A,N,2500.0,Blossom Hill Rd,F,,D,11/4/2020 2:07:19 PM,11/4/2020 2:07:19 PM,,True,2,,,,,,,
1339455,9340-2020-03009,1,False,9340,10/31/2020 4:58:00 PM,1658,088,1368,4313,San Jose,43,True,True,B,SIDE SWIPE,,Saturday,NotApplicable,False,M,,False,True,True,Santa Clara Superior,C,OTHER MOTOR VEHICLE,,1.0,0.0,CLEAR,, NO UNUSUAL CONDITIONS,, ,A,DAYLIGHT,37.3507,-121.9154,,,,,A,NO PEDESTRIANS INVOLVED,10/31/2020 12:00:00 AM,A,22107,False,1.0,I-880 N/B,,,11/4/2020 1:40:01 PM,A,N,982.0,Coleman Ave,F,,D,11/4/2020 1:40:45 PM,11/4/2020 1:40:45 PM,,True,2,,,,,,,
1339442,9340-2020-03014,1,False,9340,10/31/2020 9:35:00 PM,2135,120,1368,4313,San Jose,43,True,True,B,SIDE SWIPE,,Saturday,NotApplicable,False,,,False,True,True,Santa Clara Superior,C,OTHER MOTOR VEHICLE,,0.0,0.0,CLEAR,, NO UNUSUAL CONDITIONS,, ,C,DARK-STREET LIGHTS,37.375483,-121.936342,,,,,A,NO PEDESTRIANS INVOLVED,10/31/2020 12:00:00 AM,A,21658(a),False,1.0,US101 S/B,,,11/4/2020 1:27:25 PM,A,S,1500.0,De la Cruz Blvd,F,,D,11/4/2020 1:27:55 PM,11/4/2020 1:27:55 PM,,True,2,,,,,,,
1339362,9340-2020-03005,1,False,9340,10/30/2020 11:30:00 PM,2330,110,1368,4313,San Jose,43,True,True,E,HIT OBJECT,,Friday,Yes,False,,,False,True,True,Santa Clara Superior,I,FIXED OBJECT,GRASSY EMBANKMENT,0.0,0.0,CLEAR,, NO UNUSUAL CONDITIONS,, ,C,DARK-STREET LIGHTS,37.304573,-121.818562,,,,,A,NO PEDESTRIANS INVOLVED,10/30/2020 12:00:00 AM,A,23152(a),True,1.0,US-101 S/B to Capitol Expwy.,,,11/4/2020 12:52:04 PM,A,N,680.0,Capitol Expy,F,,D,11/4/2020 12:52:44 PM,11/4/2020 12:52:44 PM,,True,2,,,,,,,
1339338,9340-2020-03000,1,False,9340,10/30/2020 3:40:00 PM,1540,083,1368,4313,San Jose,43,True,True,C,REAR END,,Friday,NotApplicable,False,,,False,True,False,Santa Clara Superior,C,OTHER MOTOR VEHICLE,,1.0,0.0,CLEAR,, NO UNUSUAL CONDITIONS,, ,A,DAYLIGHT,37.25059,-121.9149,,,,,A,NO PEDESTRIANS INVOLVED,10/30/2020 12:00:00 AM,A,22350,False,1.0,SR-85 S/B,,,11/4/2020 12:35:09 PM,A,N,1.0,Camden Ave,M,,D,11/4/2020 12:35:41 PM,11/4/2020 12:35:41 PM,,True,2,,,,,,,
1339332,9340-2020-02995,1,False,9340,10/30/2020 6:45:00 AM,645,087,1368,4313,San Jose,43,True,True,C,REAR END,,Friday,NotApplicable,False,,,False,True,True,Santa Clara Superior,C,OTHER MOTOR VEHICLE,,1.0,0.0,CLEAR,, NO UNUSUAL CONDITIONS,, ,D,DARK-NO STREET LIGHTS,37.2581,-121.8587,,,,,A,NO PEDESTRIANS INVOLVED,10/30/2020 12:00:00 AM,A,22350 VC,False,1.0,SR-87 NB FROM SR-85 SB,,,11/4/2020 12:32:29 PM,A,N,872.0,SR-85 N/B,F,,A,11/4/2020 12:33:29 PM,11/4/2020 12:33:29 PM,,True,2,,,,,,,
1339283,9340-2020-02998,1,False,9340,10/30/2020 3:45:00 PM,1545,089,1368,4313,San Jose,43,True,True,C,REAR END,,Friday,NotApplicable,False,,,False,True,False,Santa Clara Superior,C,OTHER MOTOR VEHICLE,,0.0,0.0,CLEAR,, NO UNUSUAL CONDITIONS,, ,A,DAYLIGHT,37.37129,-121.90178,N,300.0,880 SCL 4.275,F,A,NO PEDESTRIANS INVOLVED,10/30/2020 12:00:00 AM,A,22350,False,1.0,I-880 S/B,,,11/4/2020 11:36:36 AM,A,N,300.0,Old Bayshore Hwy,F,,D,11/4/2020 11:37:19 AM,11/4/2020 11:37:19 AM,,True,2,,,,,,,
1339262,9340-2020-02986,1,False,9340,10/28/2020 8:40:00 PM,2040,281,1368,4313,San Jose,43,True,True,F,OVERTURNED,,Wednesday,Yes,False,,,False,True,True,Santa Clara Superior,J,OTHER OBJECT,DIRT EMBANKMENT,1.0,0.0,CLEAR,, NO UNUSUAL CONDITIONS,, ,C,DARK-STREET LIGHTS,37.3152,-121.9159,,,,,A,NO PEDESTRIANS INVOLVED,10/28/2020 12:00:00 AM,A,22107,False,1.0,I-280 SOUTHBOUND,,,11/4/2020 11:09:03 AM,A,N,210.0,Meridian Ave,F,,D,11/4/2020 11:09:43 AM,11/4/2020 11:09:43 AM,,True,2,,,,,,,
1339258,9340-2020-02947,1,False,9340,10/26/2020 5:05:00 PM,1705,281,1368,4313,San Jose,43,True,True,B,SIDE SWIPE,,Monday,NotApplicable,False,M,,False,True,False,Santa Clara Superior,C,OTHER MOTOR VEHICLE,,0.0,0.0,CLEAR,, NO UNUSUAL CONDITIONS,, ,A,DAYLIGHT,37.31729,-121.90476,,,,,A,NO PEDESTRIANS INVOLVED,10/26/2020 12:00:00 AM,A,22107,False,1.0,I-280 N/B,,,11/4/2020 11:06:07 AM,A,S,1850.0,Race St,F,,D,11/4/2020 11:06:42 AM,11/4/2020 11:06:42 AM,,True,2,,,,,,,
1339253,9340-2020-02930,1,False,9340,10/25/2020 11:00:00 AM,1100,281,1368,4313,San Jose,43,True,True,A,HEAD-ON,,Sunday,NotApplicable,False,M,,False,True,False,Santa Clara Superior,C,OTHER MOTOR VEHICLE,,0.0,0.0,CLEAR,, NO UNUSUAL CONDITIONS,, ,A,DAYLIGHT,37.316074,-121.90772,,,,,A,NO PEDESTRIANS INVOLVED,10/25/2020 12:00:00 AM,A,22106,True,1.0,I-280 N/B TO RACE ST./SOUTHWEST EXPY,,,11/4/2020 11:04:12 AM,A,S,750.0,Race St,F,,D,11/4/2020 11:04:52 AM,11/4/2020 11:04:52 AM,,True,2,,,,,,,
1339196,9340-2020-02927,1,False,9340,10/24/2020 9:40:00 PM,2140,120,1368,4313,San Jose,43,True,True,F,OVERTURNED,,Saturday,Yes,False,,,False,True,True,Santa Clara Superior,A,NON-COLLISION,,0.0,0.0,CLEAR,, NO UNUSUAL CONDITIONS,, ,D,DARK-NO STREET LIGHTS,37.2151,-121.5407,,,,,A,NO PEDESTRIANS INVOLVED,10/25/2020 12:00:00 AM,A,23152(a),True,1.0,US-101 N/B to I-880 N/B,,,11/4/2020 10:22:27 AM,A,S,380.0,I-880,F,,D,11/4/2020 10:23:13 AM,11/4/2020 10:23:13 AM,,True,2,,,,,,,
1338968,9725-2020-01251,1,False,9725,10/27/2020 7:28:00 PM,1928,085,1368,4313,San Jose,43,True,True,E,HIT OBJECT,,Tuesday,Yes,False,,,False,True,True,Santa Clara Superior,I,FIXED OBJECT,LIGHT POLE,1.0,0.0,CLEAR,, NO UNUSUAL CONDITIONS,, ,C,DARK-STREET LIGHTS,37.23891,-121.76281,,,,,A,NO PEDESTRIANS INVOLVED,10/27/2020 12:00:00 AM,A,22107,False,1.0,SR-85 NORTHBOUND,,,11/4/2020 7:59:23 AM,A,N,180.0,US-101,F,,D,11/4/2020 8:00:16 AM,11/4/2020 8:00:16 AM,,True,2,,,,,,,
1360009,9340-2020-03402,1,False,9340,11/29/2020 2:00:00 AM,200,281,1368,4313,San Jose,43,True,True,E,HIT OBJECT,,Sunday,NotApplicable,False,M,,False,True,True,Santa Clara Superior,I,FIXED OBJECT,CONCRETE WALL,0.0,0.0,CLEAR,, NO UNUSUAL CONDITIONS,, ,C,DARK-STREET LIGHTS,37.334185,-121.861149,,,,,A,NO PEDESTRIANS INVOLVED,11/29/2020 12:00:00 AM,A,22107,False,1.0,I-280 N/B,,,12/7/2020 9:02:27 AM,A,S,700.0,10th St,F,,D,12/7/2020 9:02:56 AM,12/7/2020 9:02:56 AM,,True,2,,,,,,,
1359889,9340-2020-03309,1,False,9340,11/25/2020 8:15:00 AM,815,088,1368,4313,San Jose,43,True,True,B,SIDE SWIPE,,Wednesday,NotApplicable,False,M,,False,True,False,Santa Clara Superior,C,OTHER MOTOR VEHICLE,,0.0,0.0,CLEAR,, NO UNUSUAL CONDITIONS,, ,A,DAYLIGHT,37.342,-121.9268,,,,,A,NO PEDESTRIANS INVOLVED,11/25/2020 12:00:00 AM,A,21658(a),False,1.0,I-880 S/B,,,12/7/2020 7:54:19 AM,A,S,10.0,The Alameda,F,,D,12/7/2020 7:55:10 AM,12/7/2020 7:55:10 AM,,True,2,,,,,,,
1359453,9725-2020-01387,1,False,9725,11/25/2020 2:51:00 PM,1451,085,1368,4313,San Jose,43,True,True,B,SIDE SWIPE,,Wednesday,NotApplicable,False,,,False,True,True,Santa Clara Superior,I,FIXED OBJECT,GUARDRAIL,0.0,0.0,CLEAR,, NO UNUSUAL CONDITIONS,, ,A,DAYLIGHT,37.24011,-121.79421,N,0.3,85 SCL 1.215,M,A,NO PEDESTRIANS INVOLVED,11/25/2020 12:00:00 AM,A,22107,False,2.0,SR-85 SOUTHBOUND,,,12/4/2020 3:58:23 PM,A,S,0.3,Via del Oro,M,,D,12/4/2020 3:58:58 PM,12/4/2020 3:58:58 PM,,True,2,,,,,,,
1359437,9725-2020-01385,1,False,9725,11/24/2020 11:50:00 PM,2350,015,1368,4313,San Jose,43,True,True,C,REAR END,,Tuesday,Yes,False,,,False,True,True,San Jose Superior,C,OTHER MOTOR VEHICLE,,0.0,0.0,CLEAR,, NO UNUSUAL CONDITIONS,, ,D,DARK-NO STREET LIGHTS,37.24353,-121.77375,,,,,A,NO PEDESTRIANS INVOLVED,11/24/2020 12:00:00 AM,A,23152(a),True,1.0,US 101 SB TO BERNAL RD ,,,12/4/2020 3:40:37 PM,A,N,750.0,Bernal Rd,F,,D,12/4/2020 3:41:23 PM,12/4/2020 3:41:23 PM,,True,2,,,,,,,