Collision Id,	Report Number,	Report Version,	Is Preliminary,	NCIC Code,Crash Date Time,	Crash Time Description,	Beat,City Id,	City Code,	City Name,County Code,	City Is Active,	City Is Incorporated,	Collision Type Code,Collision Type Description,	Collision Type Other Desc,	Day Of Week,	DispatchNotified,	HasPhotographs,	HitRun,	IsAttachmentsMailed,	IsDeleted,	IsHighwayRelated,	IsTowAway,	JudicialDistrict,	MotorVehicleInvolvedWithCode,	MotorVehicleInvolvedWithDesc,MotorVehicleInvolvedWithOtherDesc,	NumberInjured,	NumberKilled,Weather 1, Weather 2, Road Condition 1, Road Condition 2, Special Condition,LightingCode, LightingDescription,Latitude,Longitude,MilepostDirection,MilepostDistance,MilepostMarker,MilepostUnitOfMeasure,	PedestrianActionCode,PedestrianActionDesc,PreparedDate,	Primary Collision Factor Code,Primary Collision Factor Violation,PrimaryCollisionFactorIsCited,	PrimaryCollisionPartyNumber,	PrimaryRoad,	ReportingDistrict,	ReportingDistrictCode,ReviewedDate,	RoadwaySurfaceCode,SecondaryDirection,	SecondaryDistance,	SecondaryRoad,	SecondaryUnitOfMeasure,	SketchDesc,	TrafficControlDeviceCode,CreatedDate,	ModifiedDate,IsCountyRoad,IsFreeway,CHP555Version,	IsAdditonalObjectStruck,NotificationDate,	NotificationTimeDescription,	HasDigitalMediaFiles,	EvidenceNumber,	IsLocationReferToNarrative,	IsAOIOneSameAsLocation
1359340,9340-2020-03394,1,False,9340,11/26/2020 10:45:00 AM,1045,281,1368,4313,San Jose,43,True,True,E,HIT OBJECT,,Thursday,NotApplicable,False,,,False,True,False,Santa Clara Superior,J,OTHER OBJECT,METAL DEBRIS,0.0,0.0,CLEAR,, NO UNUSUAL CONDITIONS,, ,A,DAYLIGHT,37.31375,-121.91526,,,,,A,NO PEDESTRIANS INVOLVED,11/26/2020 12:00:00 AM,C,,,,I-280 S/B TO MERIDIAN AVE,,,12/4/2020 1:54:03 PM,A,N,117.0,Meridian Ave,F,,D,12/4/2020 1:54:50 PM,12/4/2020 1:54:50 PM,,True,2,,,,,,,
1359117,9340-2020-03389,2,False,9340,12/1/2020 9:05:00 PM,2105,089,1368,4313,San Jose,43,True,True,C,REAR END,,Tuesday,NotApplicable,False,M,,False,True,True,Santa Clara Superior,C,OTHER MOTOR VEHICLE,,0.0,0.0,CLEAR,, NO UNUSUAL CONDITIONS,, ,C,DARK-STREET LIGHTS,37.357581,-121.907666,S,80.0,880 SCL 3.598,F,A,NO PEDESTRIANS INVOLVED,12/1/2020 12:00:00 AM,A,22350,False,1.0,I-880 N/B,,,1/6/2021 1:43:57 PM,A,S,80.0,FIRST ST.,F,,D,12/4/2020 10:29:31 AM,1/6/2021 1:44:24 PM,,True,2,,,,,,,
1359088,9340-2020-03382,1,False,9340,12/2/2020 3:55:00 PM,1555,282,1368,4313,San Jose,43,True,True,C,REAR END,,Wednesday,NotApplicable,False,,,False,True,True,Santa Clara Superior,C,OTHER MOTOR VEHICLE,,0.0,0.0,CLEAR,, NO UNUSUAL CONDITIONS,, ,A,DAYLIGHT,37.3178,-121.97793,,,,,A,NO PEDESTRIANS INVOLVED,12/2/2020 12:00:00 AM,A,22350,False,1.0,I-280 S/B,,,12/4/2020 10:05:42 AM,A,N,750.0,Saratoga Ave,F,,D,12/4/2020 10:06:10 AM,12/4/2020 10:06:10 AM,,True,2,,,,,,,
1358935,9340-2020-03401,1,False,9340,11/30/2020 1:30:00 AM,130,281,1368,4313,San Jose,43,True,True,E,HIT OBJECT,,Monday,NotApplicable,False,,,False,True,True,Santa Clara Superior,I,FIXED OBJECT,CONCRETE WALL,1.0,0.0,CLEAR,, NO UNUSUAL CONDITIONS,, ,C,DARK-STREET LIGHTS,37.193,-121.5317,,,,,A,NO PEDESTRIANS INVOLVED,11/30/2020 12:00:00 AM,A,22106,False,1.0,I-280 N/B,,,12/4/2020 8:35:58 AM,A,N,310.0,Almaden Ave,F,,D,12/4/2020 8:37:11 AM,12/4/2020 8:37:11 AM,,True,2,,,,,,,
1358871,9340-2020-03400,1,False,9340,11/29/2020 5:10:00 AM,510,281,1368,4313,San Jose,43,True,True,C,REAR END,,Sunday,NotApplicable,False,M,,False,True,False,Santa Clara Superior,C,OTHER MOTOR VEHICLE,,0.0,0.0,CLEAR,, NO UNUSUAL CONDITIONS,, ,C,DARK-STREET LIGHTS,37.192,-121.569,,,,,A,NO PEDESTRIANS INVOLVED,11/29/2020 12:00:00 AM,A,22350,False,1.0,I-280 S/B,,,12/4/2020 7:54:14 AM,A,S,50.0,Macarthur Ave,F,,D,12/4/2020 7:54:49 AM,12/4/2020 7:54:49 AM,,True,2,,,,,,,
1358826,9340-2020-03269,1,False,9340,11/20/2020 10:10:00 PM,2210,120,1368,4313,San Jose,43,True,True,B,SIDE SWIPE,,Friday,Yes,False,F,,False,True,True,Santa Clara Superior,C,OTHER MOTOR VEHICLE,,1.0,0.0,CLEAR,, NO UNUSUAL CONDITIONS,, ,C,DARK-STREET LIGHTS,37.36272,-121.89225,,,,,A,NO PEDESTRIANS INVOLVED,11/21/2020 12:00:00 AM,A,21658(a),False,1.0,US-101 SB TO OAKLAND ROAD,,,12/4/2020 7:09:29 AM,A,N,180.0,Oakland Rd,F,,D,12/4/2020 7:10:19 AM,12/4/2020 7:10:19 AM,,True,2,,,,,,,
1358538,9340-2020-03312,1,False,9340,11/25/2020 5:52:00 AM,552,110,1368,4313,San Jose,43,True,True,B,SIDE SWIPE,,Wednesday,NotApplicable,False,M,,False,True,False,Santa Clara Superior,C,OTHER MOTOR VEHICLE,,0.0,0.0,CLOUDY,, NO UNUSUAL CONDITIONS,, ,A,DAYLIGHT,37.254898,-121.792963,,,,,A,NO PEDESTRIANS INVOLVED,11/25/2020 12:00:00 AM,A,22107,False,1.0,US-101 S/B,,,12/3/2020 2:06:49 PM,A,N,110.0,Blossom Hill Rd,F,,D,12/3/2020 2:07:18 PM,12/3/2020 2:07:18 PM,,True,2,,,,,,,
1358433,9340-2020-03385,1,False,9340,12/1/2020 8:55:00 PM,2055,088,1368,4313,San Jose,43,True,True,B,SIDE SWIPE,,Tuesday,NotApplicable,False,,,False,True,True,Santa Clara Superior,C,OTHER MOTOR VEHICLE,,1.0,0.0,CLEAR,, NO UNUSUAL CONDITIONS,, ,C,DARK-STREET LIGHTS,37.358075,-121.90729,S,20.0,880 SCL 3.598,F,A,NO PEDESTRIANS INVOLVED,12/1/2020 12:00:00 AM,A,22107,False,1.0,I-880 N/B,,,12/3/2020 12:51:00 PM,A,S,20.0,FIRST ST.,F,,D,12/3/2020 12:51:40 PM,12/3/2020 12:51:40 PM,,True,2,,,,,,,
1358395,9340-2020-03373,2,False,9340,12/1/2020 3:25:00 PM,1525,110,1368,4313,San Jose,43,True,True,B,SIDE SWIPE,,Tuesday,NotApplicable,False,M,,False,True,False,Santa Clara Superior,C,OTHER MOTOR VEHICLE,,0.0,0.0,CLEAR,, NO UNUSUAL CONDITIONS,, ,A,DAYLIGHT,37.336455,-121.849049,,,,,A,NO PEDESTRIANS INVOLVED,12/1/2020 12:00:00 AM,A,21658(a),False,1.0,US-101 N/B,,,1/20/2021 8:03:00 AM,A,N,1000.0,Tully Road,F,,D,12/3/2020 12:14:02 PM,1/20/2021 8:03:02 AM,,True,2,,,,,,,
1358383,9340-2020-03347,1,False,9340,11/30/2020 8:25:00 AM,825,087,1368,4313,San Jose,43,True,True,B,SIDE SWIPE,,Monday,NotApplicable,False,,,False,True,False,Santa Clara Superior,C,OTHER MOTOR VEHICLE,,0.0,0.0,CLEAR,, NO UNUSUAL CONDITIONS,, ,A,DAYLIGHT,37.295,-121.8729,,,,,A,NO PEDESTRIANS INVOLVED,11/30/2020 12:00:00 AM,A,22107,False,1.0,SR-87 N/B,,,12/3/2020 12:01:56 PM,A,N,25.0,Curtner Ave.,F,,D,12/3/2020 12:02:24 PM,12/3/2020 12:02:24 PM,,True,2,,,,,,,
1358380,9340-2020-03346,1,False,9340,11/30/2020 8:24:00 AM,824,087,1368,4313,San Jose,43,True,True,C,REAR END,,Monday,NotApplicable,False,,,False,True,False,Santa Clara Superior,C,OTHER MOTOR VEHICLE,,0.0,0.0,CLEAR,, NO UNUSUAL CONDITIONS,, ,A,DAYLIGHT,37.2948,-121.8729,,,,,A,NO PEDESTRIANS INVOLVED,11/30/2020 12:00:00 AM,A,22350,False,1.0,SR-87 N/B,,,12/3/2020 11:56:26 AM,A,N,10.0,Curtner Ave,F,,D,12/3/2020 11:56:53 AM,12/3/2020 11:56:53 AM,,True,2,,,,,,,
1358324,9340-2020-03368,1,False,9340,11/29/2020 6:10:00 PM,1810,088,1368,4313,San Jose,43,True,True,C,REAR END,,Sunday,NotApplicable,False,,,False,True,False,Santa Clara Superior,C,OTHER MOTOR VEHICLE,,0.0,0.0,CLEAR,, NO UNUSUAL CONDITIONS,, ,C,DARK-STREET LIGHTS,37.3307,-121.9401,,,,,A,NO PEDESTRIANS INVOLVED,11/29/2020 12:00:00 AM,A,22350,False,1.0, I-880 N/B N of West Hedding,,,12/3/2020 11:27:42 AM,A,N,220.0,West Hedding St. ,F,,D,12/3/2020 11:28:28 AM,12/3/2020 11:28:28 AM,,True,2,,,,,,,
1358200,9340-2020-03350,1,False,9340,11/29/2020 4:25:00 PM,1625,120,1368,4313,San Jose,43,True,True,E,HIT OBJECT,,Sunday,NotApplicable,False,,,False,True,False,Santa Clara Superior,I,FIXED OBJECT,CONCRETE WALL,0.0,0.0,CLEAR,, NO UNUSUAL CONDITIONS,, ,A,DAYLIGHT,37.2217,-121.5537,,,,,A,NO PEDESTRIANS INVOLVED,11/29/2020 12:00:00 AM,A,22107,False,1.0,US-101 SB TO SR-87 SB,,,12/3/2020 9:51:13 AM,A,N,1400.0,Airport Pky,F,,D,12/3/2020 9:51:43 AM,12/3/2020 9:51:43 AM,,True,2,,,,,,,
1358172,9340-2020-03331,1,False,9340,11/27/2020 8:00:00 PM,2000,110,1368,4313,San Jose,43,True,True,E,HIT OBJECT,,Friday,NotApplicable,False,,,False,True,False,Santa Clara Superior,I,FIXED OBJECT,Concrete Barrier,0.0,0.0,CLEAR,, NO UNUSUAL CONDITIONS,, ,D,DARK-NO STREET LIGHTS,37.3471,-121.8591,,,,,A,NO PEDESTRIANS INVOLVED,11/27/2020 12:00:00 AM,A,22107,False,1.0,US-101 NORTHBOUND,,,12/3/2020 9:38:25 AM,A,N,300.0,EAST SAN ANTONIO STREET O/C,F,,D,12/3/2020 9:39:14 AM,12/3/2020 9:39:14 AM,,True,2,,,,,,,
1358163,9340-2020-03334,1,False,9340,11/27/2020 7:25:00 PM,1925,110,1368,4313,San Jose,43,True,True,C,REAR END,,Friday,No,False,M,,False,True,False,Santa Clara Superior,C,OTHER MOTOR VEHICLE,,0.0,0.0,CLEAR,, NO UNUSUAL CONDITIONS,, ,C,DARK-STREET LIGHTS,37.345072,-121.857605,,,,,A,NO PEDESTRIANS INVOLVED,11/27/2020 12:00:00 AM,A,22350,False,1.0,US101 S/B,,,12/3/2020 9:33:34 AM,A,N,2500.0,I-280,F,,D,12/3/2020 9:34:02 AM,12/3/2020 9:34:02 AM,,True,2,,,,,,,
1358139,9340-2020-03384,1,False,9340,12/2/2020 5:35:00 PM,1735,281,1368,4313,San Jose,43,True,True,C,REAR END,,Wednesday,NotApplicable,False,,,False,True,False,Santa Clara Superior,C,OTHER MOTOR VEHICLE,,0.0,0.0,CLEAR,, NO UNUSUAL CONDITIONS,, ,C,DARK-STREET LIGHTS,37.31718,-121.9338,,,,,A,NO PEDESTRIANS INVOLVED,12/2/2020 12:00:00 AM,A,22106,False,2.0,I-280 S/B,,,12/3/2020 9:23:29 AM,A,N,200.0,BASCOM AVE.,F,,D,12/3/2020 9:24:10 AM,12/3/2020 9:24:10 AM,,True,2,,,,,,,
1358111,9340-2020-03383,1,False,9340,12/2/2020 5:30:00 PM,1730,281,1368,4313,San Jose,43,True,True,C,REAR END,,Wednesday,NotApplicable,False,,,False,True,False,Santa Clara Superior,C,OTHER MOTOR VEHICLE,,0.0,0.0,CLEAR,, NO UNUSUAL CONDITIONS,, ,C,DARK-STREET LIGHTS,37.31718,-121.9338,,,,,A,NO PEDESTRIANS INVOLVED,12/2/2020 12:00:00 AM,A,22350,False,2.0,I-280 S/B,,,12/3/2020 9:11:12 AM,A,N,200.0,BASCOM AVE.,F,,D,12/3/2020 9:11:40 AM,12/3/2020 9:11:40 AM,,True,2,,,,,,,
1358073,9340-2020-03333,1,False,9340,11/27/2020 4:45:00 PM,1645,083,1368,4313,San Jose,43,True,True,B,SIDE SWIPE,,Friday,Yes,False,,,False,True,True,Santa Clara Superior,C,OTHER MOTOR VEHICLE,,1.0,0.0,CLEAR,, NO UNUSUAL CONDITIONS,, ,D,DARK-NO STREET LIGHTS,37.247325,-121.829608,,,,,A,NO PEDESTRIANS INVOLVED,11/27/2020 12:00:00 AM,A,22107,False,1.0,SR-85 N/B,,,12/3/2020 8:38:42 AM,A,S,75.0,Snell Ave,F,,D,12/3/2020 8:39:28 AM,12/3/2020 8:39:28 AM,,True,2,,,,,,,
1358055,9340-2020-03304,1,False,9340,11/24/2020 10:59:00 PM,2259,089,1368,4313,San Jose,43,True,True,C,REAR END,,Tuesday,Yes,False,,,False,True,True,Santa Clara Superior,C,OTHER MOTOR VEHICLE,,1.0,0.0,CLEAR,, NO UNUSUAL CONDITIONS,, ,C,DARK-STREET LIGHTS,37.3926,-121.9063,,,,,A,NO PEDESTRIANS INVOLVED,11/24/2020 12:00:00 AM,A,23152(f),True,1.0,I-880 S/B,,,12/3/2020 8:27:23 AM,A,S,500.0,Montague Expy,F,,D,12/3/2020 8:28:03 AM,12/3/2020 8:28:03 AM,,True,2,,,,,,,
1358048,9340-2020-03321,1,False,9340,11/26/2020 12:20:00 PM,1220,120,1368,4313,San Jose,43,True,True,C,REAR END,,Thursday,Yes,False,F,,False,True,True,Santa Clara Superior,C,OTHER MOTOR VEHICLE,,3.0,0.0,CLEAR,, NO UNUSUAL CONDITIONS,, ,A,DAYLIGHT,37.3636,-121.8983,,,,,A,NO PEDESTRIANS INVOLVED,11/26/2020 12:00:00 AM,A,22350,False,1.0,US-101 N/B,,,12/3/2020 8:23:01 AM,A,N,41.0,10th St overcrossing,F,,D,12/3/2020 8:24:19 AM,12/3/2020 8:24:19 AM,,True,2,,,,,,,
1358033,9340-2020-03319,1,False,9340,11/25/2020 8:55:00 PM,2055,110,1368,4313,San Jose,43,True,True,C,REAR END,,Wednesday,NotApplicable,False,M,,False,True,True,Santa Clara Superior,C,OTHER MOTOR VEHICLE,,1.0,0.0,CLEAR,, NO UNUSUAL CONDITIONS,, ,C,DARK-STREET LIGHTS,37.359619,-121.873952,,,,,A,NO PEDESTRIANS INVOLVED,11/25/2020 12:00:00 AM,A,22350,False,1.0,US-101 S/B,,,12/3/2020 8:08:04 AM,A,N,900.0,McKee Rd,F,,D,12/3/2020 8:09:02 AM,12/3/2020 8:09:02 AM,,True,2,,,,,,,
1357734,9340-2020-03353,1,False,9340,11/30/2020 4:05:00 PM,1605,281,1368,4313,San Jose,43,True,True,C,REAR END,,Monday,NotApplicable,False,,,False,True,True,Santa Clara Superior,C,OTHER MOTOR VEHICLE,,0.0,0.0,CLEAR,, NO UNUSUAL CONDITIONS,, ,A,DAYLIGHT,37.3184,-121.90192,,,,,A,NO PEDESTRIANS INVOLVED,11/30/2020 12:00:00 AM,A,21658(a),False,2.0,I-280 N/B,,,12/2/2020 3:46:55 PM,A,S,100.0,11TH ST.,F,,D,12/2/2020 3:47:29 PM,12/2/2020 3:47:29 PM,,True,2,,,,,,,
1357723,9340-2020-03359,1,False,9340,11/29/2020 6:20:00 AM,620,110,1368,4313,San Jose,43,True,True,E,HIT OBJECT,,Sunday,NotApplicable,False,,,False,True,False,Santa Clara Superior,I,FIXED OBJECT,DIRT SHOULDER,0.0,0.0,CLEAR,, NO UNUSUAL CONDITIONS,, ,A,DAYLIGHT,37.353114,-121.865866,,,,,A,NO PEDESTRIANS INVOLVED,11/29/2020 12:00:00 AM,A,22350,False,1.0,US 101 S/B MCKEE RD.,,,12/2/2020 3:41:41 PM,A,S,300.0,MCKEE RD.,F,,D,12/2/2020 3:42:28 PM,12/2/2020 3:42:28 PM,,True,2,,,,,,,
1357717,9340-2020-03342,1,False,9340,11/30/2020 8:15:00 AM,815,088,1368,4313,San Jose,43,True,True,E,HIT OBJECT,,Monday,NotApplicable,False,,,False,True,False,Santa Clara Superior,J,OTHER OBJECT,Wood debris,0.0,0.0,CLEAR,, NO UNUSUAL CONDITIONS,, ,A,DAYLIGHT,37.332676,-121.938843,,,,,A,NO PEDESTRIANS INVOLVED,11/30/2020 12:00:00 AM,C,,,,I-880 S/B,,,12/2/2020 3:34:46 PM,A,S,500.0,Bascom Ave,F,,D,12/2/2020 3:35:15 PM,12/2/2020 3:35:15 PM,,True,2,,,,,,,
1357641,9340-2020-03322,1,False,9340,11/26/2020 12:00:00 AM,2500,085,1368,4313,San Jose,43,True,True,E,HIT OBJECT,,Thursday,NotApplicable,False,M,,False,True,True,Santa Clara Superior,I,FIXED OBJECT,METAL GUARD RAIL,0.0,0.0,CLEAR,, NO UNUSUAL CONDITIONS,, ,A,DAYLIGHT,37.248087,-121.830887,,,,,A,NO PEDESTRIANS INVOLVED,11/26/2020 12:00:00 AM,A,22107,False,1.0,SR-85 N/B,,,12/2/2020 2:30:15 PM,A,N,282.0,SNELL AVENUE,F,,D,12/2/2020 2:31:19 PM,12/2/2020 2:31:19 PM,,True,2,,,,,,,
1357514,9340-2020-03310,1,False,9340,11/25/2020 5:53:00 AM,553,110,1368,4313,San Jose,43,True,True,C,REAR END,,Wednesday,NotApplicable,False,,,False,True,True,Santa Clara Superior,C,OTHER MOTOR VEHICLE,,0.0,0.0,CLOUDY,, NO UNUSUAL CONDITIONS,, ,A,DAYLIGHT,37.258375,-121.797774,,,,,A,NO PEDESTRIANS INVOLVED,11/25/2020 12:00:00 AM,A,22350,False,1.0,US-101 S/B,,,12/2/2020 12:54:59 PM,A,N,125.0,Blossom Hill Rd,F,,D,12/2/2020 12:55:27 PM,12/2/2020 12:55:27 PM,,True,2,,,,,,,
1357511,9340-2020-03308,1,False,9340,11/25/2020 5:51:00 AM,551,110,1368,4313,San Jose,43,True,True,C,REAR END,,Wednesday,NotApplicable,False,,,False,True,True,Santa Clara Superior,C,OTHER MOTOR VEHICLE,,0.0,0.0,CLOUDY,, NO UNUSUAL CONDITIONS,, ,A,DAYLIGHT,37.258375,-121.797774,,,,,A,NO PEDESTRIANS INVOLVED,11/25/2020 12:00:00 AM,A,22350,False,1.0,US-101 S/B,,,12/2/2020 12:53:21 PM,A,N,150.0,Blossom Hill Rd,F,,D,12/2/2020 12:53:52 PM,12/2/2020 12:53:52 PM,,True,2,,,,,,,
1357413,9340-2020-03332,1,False,9340,11/27/2020 7:47:00 PM,1947,089,1368,4313,San Jose,43,True,True,F,OVERTURNED,,Friday,Yes,False,,,False,True,True,Santa Clara Superior,A,NON-COLLISION,,0.0,0.0,CLEAR,, NO UNUSUAL CONDITIONS,, ,C,DARK-STREET LIGHTS,37.366422,-121.901066,,,,,A,NO PEDESTRIANS INVOLVED,11/27/2020 12:00:00 AM,A,22107,False,1.0,I-880 N/B,,,12/2/2020 11:38:09 AM,A,S,260.0,Old Bayshore Hwy,F,,D,12/2/2020 11:38:36 AM,12/2/2020 11:38:36 AM,,True,2,,,,,,,
1357410,9340-2020-03323,1,False,9340,11/26/2020 5:00:00 PM,1700,120,1368,4313,San Jose,43,True,True,B,SIDE SWIPE,,Thursday,NotApplicable,False,,,False,True,False,Santa Clara Superior,C,OTHER MOTOR VEHICLE,,0.0,0.0,CLEAR,, NO UNUSUAL CONDITIONS,, ,D,DARK-NO STREET LIGHTS,37.2233,-121.5617,,,,,A,NO PEDESTRIANS INVOLVED,11/26/2020 12:00:00 AM,A,21658(a),False,1.0,US101 S/B,,,12/2/2020 11:35:27 AM,A,S,1000.0,De la Cruz Blvd,F,,D,12/2/2020 11:35:56 AM,12/2/2020 11:35:56 AM,,True,2,,,,,,,
1357399,9340-2020-03345,1,False,9340,11/29/2020 6:14:00 PM,1814,088,1368,4313,San Jose,43,True,True,C,REAR END,,Sunday,NotApplicable,False,,,False,True,False,Santa Clara Superior,C,OTHER MOTOR VEHICLE,,1.0,0.0,CLEAR,, NO UNUSUAL CONDITIONS,, ,C,DARK-STREET LIGHTS,37.3305,-121.9402,,,,,A,NO PEDESTRIANS INVOLVED,11/29/2020 12:00:00 AM,A,22350,False,1.0,I-880 N/B,,,12/2/2020 11:29:35 AM,A,N,200.0,Hedding St,F,,D,12/2/2020 11:30:04 AM,12/2/2020 11:30:04 AM,,True,2,,,,,,,
1357373,9340-2020-03326,1,False,9340,11/26/2020 11:50:00 AM,1150,087,1368,4313,San Jose,43,True,True,D,BROADSIDE,,Thursday,NotApplicable,False,,,False,True,True,Santa Clara Superior,C,OTHER MOTOR VEHICLE,,0.0,0.0,CLEAR,, NO UNUSUAL CONDITIONS,, ,A,DAYLIGHT,37.27089,-121.86136,,,,,A,NO PEDESTRIANS INVOLVED,11/26/2020 12:00:00 AM,A,22107,False,1.0,SR-87 N/B,,,12/2/2020 11:16:37 AM,A,S,1350.0,Capitol Expy,F,,D,12/2/2020 11:17:05 AM,12/2/2020 11:17:05 AM,,True,2,,,,,,,
1357351,9340-2020-03355,1,False,9340,11/25/2020 12:05:00 AM,5,089,1368,4313,San Jose,43,True,True,B,SIDE SWIPE,,Wednesday,No,False,,,False,True,True,Santa Clara Superior,C,OTHER MOTOR VEHICLE,,1.0,0.0,CLEAR,, NO UNUSUAL CONDITIONS,, ,D,DARK-NO STREET LIGHTS,37.393,-121.9066,,,,,A,NO PEDESTRIANS INVOLVED,11/25/2020 12:00:00 AM,A,22107,False,1.0,I-880 S/B,,,12/2/2020 11:03:58 AM,A,N,500.0,Montague Expy,F,,D,12/2/2020 11:04:39 AM,12/2/2020 11:04:39 AM,,True,2,,,,,,,
1357305,9340-2020-03305,1,False,9340,11/25/2020 5:10:00 AM,510,681,1368,4313,San Jose,43,True,True,C,REAR END,,Wednesday,NotApplicable,False,,,False,True,True,Santa Clara Superior,C,OTHER MOTOR VEHICLE,,0.0,0.0,CLOUDY,, NO UNUSUAL CONDITIONS,, ,D,DARK-NO STREET LIGHTS,37.377931,-121.856353,,,,,A,NO PEDESTRIANS INVOLVED,11/25/2020 12:00:00 AM,A,22350,False,1.0,I-680 S/B,,,12/2/2020 10:37:28 AM,A,S,2500.0,Berryessa Rd,F,,D,12/2/2020 10:37:55 AM,12/2/2020 10:37:55 AM,,True,2,,,,,,,
1357169,9340-2020-03318,1,False,9340,11/25/2020 3:15:00 PM,1515,681,1368,4313,San Jose,43,True,True,B,SIDE SWIPE,,Wednesday,NotApplicable,False,,,False,True,False,Santa Clara Superior,C,OTHER MOTOR VEHICLE,,0.0,0.0,CLEAR,, NO UNUSUAL CONDITIONS,, ,A,DAYLIGHT,37.355191,-121.838484,,,,,A,NO PEDESTRIANS INVOLVED,11/25/2020 12:00:00 AM,A,21658(a),False,1.0,I-680 S/B,,,12/2/2020 9:15:39 AM,A,S,340.0,Capitol Expressway,F,,D,12/2/2020 9:16:09 AM,12/2/2020 9:16:09 AM,,True,2,,,,,,,
1357071,9340-2020-03303,1,False,9340,11/24/2020 6:00:00 PM,1800,681,1368,4313,San Jose,43,True,True,C,REAR END,,Tuesday,NotApplicable,False,,,False,True,True,Santa Clara Superior,C,OTHER MOTOR VEHICLE,,2.0,0.0,CLEAR,, NO UNUSUAL CONDITIONS,, ,D,DARK-NO STREET LIGHTS,37.37009,-121.848421,,,,,A,NO PEDESTRIANS INVOLVED,11/24/2020 12:00:00 AM,A,22350,False,1.0,I-680 S/B,,,12/2/2020 8:35:50 AM,A,N,950.0,McKee Rd,F,,D,12/2/2020 8:36:35 AM,12/2/2020 8:36:35 AM,,True,2,,,,,,,
1357024,9340-2020-03307,1,False,9340,11/25/2020 5:50:00 AM,550,110,1368,4313,San Jose,43,True,True,C,REAR END,,Wednesday,Yes,False,,,False,True,True,Santa Clara Superior,C,OTHER MOTOR VEHICLE,,1.0,0.0,CLOUDY,, NO UNUSUAL CONDITIONS,, ,B,DUSK-DAWN,37.258375,-121.797774,,,,,A,NO PEDESTRIANS INVOLVED,11/25/2020 12:00:00 AM,A,22350,False,1.0,US101 S/B,,,12/2/2020 8:03:51 AM,A,N,200.0,Blossom Hill Rd,F,,D,12/2/2020 8:04:36 AM,12/2/2020 8:04:36 AM,,True,2,,,,,,,
1356627,9340-2020-03311,1,False,9340,11/25/2020 1:05:00 PM,1305,681,1368,4313,San Jose,43,True,True,C,REAR END,,Wednesday,NotApplicable,False,,,False,True,True,Santa Clara Superior,C,OTHER MOTOR VEHICLE,,0.0,0.0,CLEAR,, NO UNUSUAL CONDITIONS,, ,A,DAYLIGHT,37.364009,-121.843453,,,,,A,NO PEDESTRIANS INVOLVED,11/25/2020 12:00:00 AM,A,22350,False,1.0,I-680 N/B,,,12/1/2020 2:18:11 PM,A,S,1950.0,McKee Rd,F,REFER TO PG. #3,D,12/1/2020 2:18:32 PM,12/1/2020 2:18:32 PM,,True,2,,,,,,,
1356444,9340-2020-03274,1,False,9340,11/20/2020 5:30:00 PM,1730,110,1368,4313,San Jose,43,True,True,C,REAR END,,Friday,NotApplicable,False,M,,False,True,False,Santa Clara Superior,C,OTHER MOTOR VEHICLE,,0.0,0.0,CLEAR,, NO UNUSUAL CONDITIONS,, ,D,DARK-NO STREET LIGHTS,37.3225,-121.8357,,,,,A,NO PEDESTRIANS INVOLVED,11/20/2020 12:00:00 AM,A,22350,False,1.0,US-101 SOUTHBOUND ,,,12/1/2020 12:18:20 PM,A,N,1500.0,Tully Rd,F,,D,12/1/2020 12:18:53 PM,12/1/2020 12:18:53 PM,,True,2,,,,,,,
1356275,9340-2020-03268,1,False,9340,11/21/2020 1:05:00 AM,105,083,1368,4313,San Jose,43,True,True,C,REAR END,,Saturday,Yes,False,,,False,True,True,Santa Clara Superior,C,OTHER MOTOR VEHICLE,,2.0,0.0,CLEAR,, NO UNUSUAL CONDITIONS,, ,C,DARK-STREET LIGHTS,37.255516,-121.86576,,,,,A,NO PEDESTRIANS INVOLVED,11/21/2020 12:00:00 AM,A,23152(a),True,1.0,SR-85 S/B,,,12/1/2020 10:19:08 AM,A,N,2360.0,Santa Teresa Blvd,F,,D,12/1/2020 10:19:56 AM,12/1/2020 10:19:56 AM,,True,2,,,,,,,