Collision Id,	Report Number,	Report Version,	Is Preliminary,	NCIC Code,Crash Date Time,	Crash Time Description,	Beat,City Id,	City Code,	City Name,County Code,	City Is Active,	City Is Incorporated,	Collision Type Code,Collision Type Description,	Collision Type Other Desc,	Day Of Week,	DispatchNotified,	HasPhotographs,	HitRun,	IsAttachmentsMailed,	IsDeleted,	IsHighwayRelated,	IsTowAway,	JudicialDistrict,	MotorVehicleInvolvedWithCode,	MotorVehicleInvolvedWithDesc,MotorVehicleInvolvedWithOtherDesc,	NumberInjured,	NumberKilled,Weather 1, Weather 2, Road Condition 1, Road Condition 2, Special Condition,LightingCode, LightingDescription,Latitude,Longitude,MilepostDirection,MilepostDistance,MilepostMarker,MilepostUnitOfMeasure,	PedestrianActionCode,PedestrianActionDesc,PreparedDate,	Primary Collision Factor Code,Primary Collision Factor Violation,PrimaryCollisionFactorIsCited,	PrimaryCollisionPartyNumber,	PrimaryRoad,	ReportingDistrict,	ReportingDistrictCode,ReviewedDate,	RoadwaySurfaceCode,SecondaryDirection,	SecondaryDistance,	SecondaryRoad,	SecondaryUnitOfMeasure,	SketchDesc,	TrafficControlDeviceCode,CreatedDate,	ModifiedDate,IsCountyRoad,IsFreeway,CHP555Version,	IsAdditonalObjectStruck,NotificationDate,	NotificationTimeDescription,	HasDigitalMediaFiles,	EvidenceNumber,	IsLocationReferToNarrative,	IsAOIOneSameAsLocation
1352739,9340-2020-03228,1,False,9340,11/18/2020 7:00:00 AM,700,120,1368,4313,San Jose,43,True,True,C,REAR END,,Wednesday,NotApplicable,False,,,False,True,False,Santa Clara Superior,C,OTHER MOTOR VEHICLE,,0.0,0.0,RAINING,, NO UNUSUAL CONDITIONS,, ,A,DAYLIGHT,37.377941,-121.945888,,,,,A,NO PEDESTRIANS INVOLVED,11/18/2020 12:00:00 AM,A,22350,False,1.0,US-101 Northbound,,,11/24/2020 12:16:58 PM,B,N,2000.0,De la Cruz Blvd,F,,D,11/24/2020 12:17:24 PM,11/24/2020 12:17:24 PM,,True,2,,,,,,,
1352726,9340-2020-03152,1,False,9340,11/13/2020 9:33:00 PM,2133,281,1368,4313,San Jose,43,True,True,C,REAR END,,Friday,NotApplicable,False,F,,False,True,True,Santa Clara Superior,C,OTHER MOTOR VEHICLE,,1.0,0.0,CLOUDY,, NO UNUSUAL CONDITIONS,, ,C,DARK-STREET LIGHTS,37.325012,-121.887874,,,,,A,NO PEDESTRIANS INVOLVED,11/13/2020 12:00:00 AM,A,22350,False,1.0,I-280 N/B TO SR-87 N/B,,,11/24/2020 12:10:43 PM,B,S,300.0,SR-87,F,,A,11/24/2020 12:11:22 PM,11/24/2020 12:11:22 PM,,True,2,,,,,,,
1352608,9340-2020-03259,1,False,9340,11/20/2020 6:07:00 PM,1807,083,1368,4313,San Jose,43,True,True,C,REAR END,,Friday,NotApplicable,False,,,False,True,True,Santa Clara Superior,C,OTHER MOTOR VEHICLE,,0.0,0.0,CLEAR,, NO UNUSUAL CONDITIONS,, ,A,DAYLIGHT,37.255101,-121.848698,,,,,A,NO PEDESTRIANS INVOLVED,11/20/2020 12:00:00 AM,A,22350,False,1.0,SR-85 S/B,,,11/24/2020 10:48:27 AM,A,S,270.0,SR-87,F,,D,11/24/2020 10:48:56 AM,11/24/2020 10:48:56 AM,,True,2,,,,,,,
1352380,9340-2020-03239,1,False,9340,11/18/2020 6:15:00 PM,1815,087,1368,4313,San Jose,43,True,True,E,HIT OBJECT,,Wednesday,NotApplicable,False,,,False,True,True,Santa Clara Superior,I,FIXED OBJECT,CONCRETE WALL,0.0,0.0,CLEAR,, NO UNUSUAL CONDITIONS,, ,C,DARK-STREET LIGHTS,37.327432,-121.89414,,,,,A,NO PEDESTRIANS INVOLVED,11/18/2020 12:00:00 AM,A,22107,False,1.0,SR-87 N/B,,,11/24/2020 8:01:51 AM,A,S,200.0,Santa Clara Street,F,,D,11/24/2020 8:02:27 AM,11/24/2020 8:02:27 AM,,True,2,,,,,,,
1352301,9340-2020-03214,1,False,9340,11/17/2020 9:57:00 PM,2157,282,1368,4313,San Jose,43,True,True,C,REAR END,,Tuesday,NotApplicable,False,,,False,True,True,Santa Clara Superior,C,OTHER MOTOR VEHICLE,,0.0,0.0,RAINING,, NO UNUSUAL CONDITIONS,, ,C,DARK-STREET LIGHTS,37.3171,-121.9435,,,,,A,NO PEDESTRIANS INVOLVED,11/18/2020 12:00:00 AM,A,22350,False,1.0,I-280 S/B,,,11/24/2020 6:34:33 AM,B,N,925.0,SR-17,F,,D,11/24/2020 6:35:31 AM,11/24/2020 6:35:31 AM,,True,2,,,,,,,
1352293,9340-2020-03194,1,False,9340,11/16/2020 2:55:00 PM,1455,083,1368,4313,San Jose,43,True,True,C,REAR END,,Monday,NotApplicable,False,,,False,True,False,Santa Clara Superior,C,OTHER MOTOR VEHICLE,,0.0,0.0,CLEAR,, NO UNUSUAL CONDITIONS,, ,A,DAYLIGHT,37.15291,-121.50232,,,,,A,NO PEDESTRIANS INVOLVED,11/16/2020 12:00:00 AM,A,22350,False,1.0,SR-85 S/B TO BLOSSOM HILL Rd.,,,11/24/2020 6:27:41 AM,A,N,20.0,Blossom Hill Rd,F,,A,11/24/2020 6:30:05 AM,11/24/2020 6:30:05 AM,,True,2,,,,,,,
1351651,9340-2020-03204,1,False,9340,11/17/2020 3:35:00 PM,1535,282,1368,4313,San Jose,43,True,True,C,REAR END,,Tuesday,Yes,False,,,False,True,True,Santa Clara Superior,C,OTHER MOTOR VEHICLE,,2.0,0.0,CLOUDY,RAINING, NO UNUSUAL CONDITIONS,, ,A,DAYLIGHT,37.316884,-121.947333,,,,,A,NO PEDESTRIANS INVOLVED,11/17/2020 12:00:00 AM,A,22350,False,1.0,I-280 N/B,,,11/23/2020 1:53:52 PM,B,N,1950.0,I-880,F,,D,11/23/2020 1:54:36 PM,11/23/2020 1:54:36 PM,,True,2,,,,,,,
1351634,9340-2020-03246,1,False,9340,11/19/2020 4:40:00 PM,1640,120,1368,4313,San Jose,43,True,True,C,REAR END,,Thursday,NotApplicable,False,M,,False,True,False,Santa Clara Superior,C,OTHER MOTOR VEHICLE,,0.0,0.0,CLEAR,, NO UNUSUAL CONDITIONS,, ,B,DUSK-DAWN,37.37737,-121.9455,,,,,A,NO PEDESTRIANS INVOLVED,11/19/2020 12:00:00 AM,A,22350,False,1.0,US101 S/B,,,11/23/2020 1:47:53 PM,A,N,1000.0,De la Cruz Blvd,F,,D,11/23/2020 1:48:22 PM,11/23/2020 1:48:22 PM,,True,2,,,,,,,
1351526,9340-2020-03247,1,False,9340,11/19/2020 8:00:00 PM,2000,110,1368,4313,San Jose,43,True,True,B,SIDE SWIPE,,Thursday,NotApplicable,False,M,,False,True,False,Santa Clara Superior,C,OTHER MOTOR VEHICLE,,0.0,0.0,CLEAR,, NO UNUSUAL CONDITIONS,, ,D,DARK-NO STREET LIGHTS,37.31416,-121.82756,,,,,A,NO PEDESTRIANS INVOLVED,11/19/2020 12:00:00 AM,A,22107,False,1.0,US101 N/B,,,11/23/2020 12:44:16 PM,A,S,1000.0,Tully Rd,F,,D,11/23/2020 12:46:34 PM,11/23/2020 12:46:34 PM,,True,2,,,,,,,
1351374,9340-2020-03225,1,False,9340,11/18/2020 8:59:00 AM,859,110,1368,4313,San Jose,43,True,True,E,HIT OBJECT,,Wednesday,NotApplicable,False,,,False,True,True,Santa Clara Superior,I,FIXED OBJECT,GUARDRAIL,0.0,0.0,CLOUDY,, NO UNUSUAL CONDITIONS,, ,A,DAYLIGHT,37.336487,-121.850024,,,,,A,NO PEDESTRIANS INVOLVED,11/18/2020 12:00:00 AM,A,22107,False,1.0,US101 S/B TO STORY RD W/B,,,11/23/2020 11:08:06 AM,B,N,300.0,Story Rd,F,,D,11/23/2020 11:09:57 AM,11/23/2020 11:09:57 AM,,True,2,,,,,,,
1351362,9340-2020-03262,1,False,9340,11/20/2020 7:15:00 PM,1915,087,1368,4313,San Jose,43,True,True,B,SIDE SWIPE,,Friday,NotApplicable,False,,,False,True,False,Santa Clara Superior,C,OTHER MOTOR VEHICLE,,0.0,0.0,CLEAR,, NO UNUSUAL CONDITIONS,, ,D,DARK-NO STREET LIGHTS,37.31849,-121.88991,,,,,A,NO PEDESTRIANS INVOLVED,11/20/2020 12:00:00 AM,A,21658(a),False,1.0,SR-87 S/B,,,11/23/2020 11:03:38 AM,A,S,2000.0,I-280,F,,D,11/23/2020 11:04:26 AM,11/23/2020 11:04:26 AM,,True,2,,,,,,,
1351325,9340-2020-03202,1,False,9340,11/17/2020 10:15:00 AM,1015,087,1368,4313,San Jose,43,True,True,B,SIDE SWIPE,,Tuesday,NotApplicable,False,,,False,True,False,Santa Clara Superior,C,OTHER MOTOR VEHICLE,,0.0,0.0,CLOUDY,WIND, NO UNUSUAL CONDITIONS,, ,A,DAYLIGHT,37.324781,-121.889969,,,,,A,NO PEDESTRIANS INVOLVED,11/17/2020 12:00:00 AM,A,21658(a),False,1.0,I-280 n/b from SR-87 n/b,,,11/23/2020 10:31:57 AM,A,N,1300.0,Virginia St,F,,D,11/23/2020 10:32:25 AM,11/23/2020 10:32:25 AM,,True,2,,,,,,,
1351224,9340-2020-03185,1,False,9340,11/16/2020 6:10:00 PM,1810,281,1368,4313,San Jose,43,True,True,C,REAR END,,Monday,NotApplicable,False,,,False,True,False,Santa Clara Superior,C,OTHER MOTOR VEHICLE,,0.0,0.0,CLEAR,, NO UNUSUAL CONDITIONS,, ,C,DARK-STREET LIGHTS,37.366925,-121.881969,,,,,A,NO PEDESTRIANS INVOLVED,11/16/2020 12:00:00 AM,A,22350,False,1.0,I-280 NORTHBOUND,,,11/23/2020 9:24:18 AM,A,S,1500.0,SR-87,F,,D,11/23/2020 9:24:46 AM,11/23/2020 9:24:46 AM,,True,2,,,,,,,
1351209,9340-2020-03193,1,False,9340,11/16/2020 5:30:00 PM,1730,087,1368,4313,San Jose,43,True,True,C,REAR END,,Monday,NotApplicable,False,,,False,True,False,Santa Clara Superior,C,OTHER MOTOR VEHICLE,,0.0,0.0,CLEAR,, NO UNUSUAL CONDITIONS,, ,A,DAYLIGHT,37.309115,-121.882904,,,,,A,NO PEDESTRIANS INVOLVED,11/16/2020 12:00:00 AM,A,22350,False,1.0,SR-87 S/B,,,11/23/2020 9:19:21 AM,A,S,345.0,Alma Ave,F,,D,11/23/2020 9:19:48 AM,11/23/2020 9:19:48 AM,,True,2,,,,,,,
1351141,9340-2020-03184,1,False,9340,11/16/2020 4:00:00 PM,1600,120,1368,4313,San Jose,43,True,True,C,REAR END,,Monday,NotApplicable,False,,,False,True,True,Santa Clara Superior,C,OTHER MOTOR VEHICLE,,0.0,0.0,CLEAR,, NO UNUSUAL CONDITIONS,, ,A,DAYLIGHT,37.378022,-121.948941,,,,,A,NO PEDESTRIANS INVOLVED,11/16/2020 12:00:00 AM,A,22350,False,1.0,US-101 SOUTHBOUND,,,11/23/2020 8:44:52 AM,A,N,2000.0,De la Cruz Blvd,F,,D,11/23/2020 8:45:19 AM,11/23/2020 8:45:19 AM,,True,2,,,,,,,
1351075,9340-2020-03212,1,False,9340,11/17/2020 9:55:00 PM,2155,282,1368,4313,San Jose,43,True,True,C,REAR END,,Tuesday,NotApplicable,False,,,False,True,True,Santa Clara Superior,C,OTHER MOTOR VEHICLE,,0.0,0.0,RAINING,, NO UNUSUAL CONDITIONS,, ,C,DARK-STREET LIGHTS,37.3171,-121.9435,,,,,A,NO PEDESTRIANS INVOLVED,11/17/2020 12:00:00 AM,A,22350,False,1.0,I-280 S/B,,,11/23/2020 7:56:57 AM,B,N,915.0,SR-17,F,,D,11/23/2020 7:57:28 AM,11/23/2020 7:57:28 AM,,True,2,,,,,,,
1351073,9340-2020-03157,1,False,9340,11/13/2020 11:25:00 PM,2325,110,1368,4313,San Jose,43,True,True,B,SIDE SWIPE,,Friday,NotApplicable,False,M,,False,True,False,Santa Clara Superior,C,OTHER MOTOR VEHICLE,,0.0,0.0,CLOUDY,, NO UNUSUAL CONDITIONS,, ,D,DARK-NO STREET LIGHTS,37.356917,-121.869386,,,,,A,NO PEDESTRIANS INVOLVED,11/13/2020 12:00:00 AM,A,22107,False,1.0,US101 S/B,,,11/23/2020 7:54:17 AM,B,N,1500.0,McKee Rd,F,,D,11/23/2020 7:55:20 AM,11/23/2020 7:55:20 AM,,True,2,,,,,,,
1351025,9340-2020-03192,1,False,9340,11/16/2020 7:00:00 PM,1900,681,1368,4313,San Jose,43,True,True,B,SIDE SWIPE,,Monday,NotApplicable,False,M,,False,True,False,Santa Clara Superior,C,OTHER MOTOR VEHICLE,,0.0,0.0,CLEAR,, NO UNUSUAL CONDITIONS,, ,C,DARK-STREET LIGHTS,37.362421,-121.842984,,,,,A,NO PEDESTRIANS INVOLVED,11/16/2020 12:00:00 AM,A,22107,False,1.0,I-680 S/B,,,11/23/2020 6:59:49 AM,A,N,1108.0,Alum Rock Ave,F,,D,11/23/2020 7:00:21 AM,11/23/2020 7:00:21 AM,,True,2,,,,,,,
1351023,9340-2020-03171,1,False,9340,11/15/2020 8:50:00 AM,850,087,1368,4313,San Jose,43,True,True,B,SIDE SWIPE,,Sunday,NotApplicable,False,M,,False,True,False,Santa Clara Superior,C,OTHER MOTOR VEHICLE,,0.0,0.0,CLEAR,, NO UNUSUAL CONDITIONS,, ,A,DAYLIGHT,37.322992,-121.891489,,,,,A,NO PEDESTRIANS INVOLVED,11/15/2020 12:00:00 AM,A,21658(a),False,1.0,SR-87 N/B,,,11/23/2020 6:55:50 AM,A,S,1000.0,I-280,F,,D,11/23/2020 6:56:23 AM,11/23/2020 6:56:23 AM,,True,2,,,,,,,
1351017,9340-2020-03176,1,False,9340,11/15/2020 6:19:00 PM,1819,088,1368,4313,San Jose,43,True,True,B,SIDE SWIPE,,Sunday,NotApplicable,False,,,False,True,False,Santa Clara Superior,C,OTHER MOTOR VEHICLE,,0.0,0.0,CLEAR,, NO UNUSUAL CONDITIONS,, ,C,DARK-STREET LIGHTS,37.349,-121.9176,,,,,A,NO PEDESTRIANS INVOLVED,11/15/2020 12:00:00 AM,A,21658A,False,,I-880 N/B,,,11/23/2020 6:47:35 AM,A,N,300.0,Coleman Ave,F,,D,11/23/2020 6:48:47 AM,11/23/2020 6:48:47 AM,,True,2,,,,,,,
1350997,9340-2020-03198,1,False,9340,11/17/2020 6:35:00 AM,635,681,1368,4313,San Jose,43,True,True,C,REAR END,,Tuesday,NotApplicable,False,,,False,True,False,Santa Clara Superior,C,OTHER MOTOR VEHICLE,,0.0,0.0,CLOUDY,, NO UNUSUAL CONDITIONS,, ,B,DUSK-DAWN,37.350054,-121.83909,,,,,A,NO PEDESTRIANS INVOLVED,11/17/2020 12:00:00 AM,A,22350,False,1.0,I-680 S/B FROM JACKSON AVE,,,11/23/2020 6:23:50 AM,A,S,675.0,Jackson Ave,F,,A,11/23/2020 6:24:38 AM,11/23/2020 6:24:38 AM,,True,2,,,,,,,
1350990,9340-2020-03169,1,False,9340,11/15/2020 1:40:00 AM,140,087,1368,4313,San Jose,43,True,True,C,REAR END,,Sunday,Yes,False,F,,False,True,True,Santa Clara Superior,C,OTHER MOTOR VEHICLE,,2.0,0.0,CLEAR,, NO UNUSUAL CONDITIONS,, ,D,DARK-NO STREET LIGHTS,37.2799,-121.8653,,,,,A,NO PEDESTRIANS INVOLVED,11/15/2020 12:00:00 AM,A,23152(a),True,1.0,SR-87 S/B,,,11/23/2020 6:17:09 AM,A,N,700.0,Capitol Expy,F,,D,11/23/2020 6:17:50 AM,11/23/2020 6:17:50 AM,,True,2,,,,,,,
1350988,9340-2020-03172,1,False,9340,11/14/2020 8:50:00 AM,850,087,1368,4313,San Jose,43,True,True,C,REAR END,,Saturday,NotApplicable,False,,,False,True,True,Santa Clara Superior,C,OTHER MOTOR VEHICLE,,0.0,0.0,CLEAR,, NO UNUSUAL CONDITIONS,, ,A,DAYLIGHT,37.337837,-121.898162,,,,,A,NO PEDESTRIANS INVOLVED,11/14/2020 12:00:00 AM,A,22350,False,1.0,SR-87 S/B,,,11/23/2020 6:11:08 AM,A,N,300.0,Julian St,F,,D,11/23/2020 6:11:37 AM,11/23/2020 6:11:37 AM,,True,2,,,,,,,
1350955,9340-2020-03281,1,False,9340,11/21/2020 9:05:00 PM,2105,120,1368,4313,San Jose,43,True,True,E,HIT OBJECT,,Saturday,Yes,False,,,False,True,True,Santa Clara Superior,I,FIXED OBJECT,DESCENDING ENBANKMENT,0.0,0.0,CLEAR,, NO UNUSUAL CONDITIONS,, ,D,DARK-NO STREET LIGHTS,37.373,-121.9281,,,,,A,NO PEDESTRIANS INVOLVED,11/21/2020 12:00:00 AM,A,23152(a),True,1.0,US-101 S/B TO SR-87 S/B,,,11/22/2020 10:30:31 PM,A,N,4000.0,Skyport drive,F,,D,11/22/2020 10:31:38 PM,11/22/2020 10:31:38 PM,,True,2,,,,,,,
1350722,9340-2020-03188,2,False,9340,11/16/2020 1:50:00 PM,1350,088,1368,4313,San Jose,43,True,True,B,SIDE SWIPE,,Monday,NotApplicable,False,M,,False,True,False,Santa Clara Superior,C,OTHER MOTOR VEHICLE,,0.0,0.0,CLEAR,, NO UNUSUAL CONDITIONS,, ,A,DAYLIGHT,37.363787,-121.902185,,,,,A,NO PEDESTRIANS INVOLVED,11/16/2020 12:00:00 AM,A,22107,False,1.0,I-880 S/B to US-101 S/B,,,2/10/2021 11:52:11 AM,A,S,68.0,US-101,F,,A,11/20/2020 3:58:41 PM,2/10/2021 11:52:13 AM,,True,2,,,,,,,
1350698,9340-2020-03124,1,False,9340,11/11/2020 4:45:00 PM,1645,087,1368,4313,San Jose,43,True,True,C,REAR END,,Wednesday,Yes,False,,,False,True,True,Santa Clara Superior,C,OTHER MOTOR VEHICLE,,2.0,0.0,CLEAR,, NO UNUSUAL CONDITIONS,, ,A,DAYLIGHT,37.28081,-121.86557,,,,,A,NO PEDESTRIANS INVOLVED,11/11/2020 12:00:00 AM,A,23152(a),True,1.0,SR-87 S/B,,,11/20/2020 3:27:17 PM,A,N,2270.0,capitol expy,F,,D,11/20/2020 3:27:58 PM,11/20/2020 3:27:58 PM,,True,2,,,,,,,
1350399,9340-2020-03138,1,False,9340,11/12/2020 9:15:00 PM,2115,281,1368,4313,San Jose,43,True,True,B,SIDE SWIPE,,Thursday,NotApplicable,False,M,,False,True,True,Santa Clara Superior,C,OTHER MOTOR VEHICLE,,0.0,0.0,CLEAR,, NO UNUSUAL CONDITIONS,, ,D,DARK-NO STREET LIGHTS,37.313796,-121.886963,,,,,A,NO PEDESTRIANS INVOLVED,11/12/2020 12:00:00 AM,A,21658(a),False,1.0,I-280 to SR-87 SB,,,11/20/2020 10:08:01 AM,A,N,1675.0,Alma Ave,F,,D,11/20/2020 11:26:32 AM,11/20/2020 11:26:32 AM,,True,2,,,,,,,
1350262,9340-2020-03216,1,False,9340,11/17/2020 10:20:00 PM,2220,282,1368,4313,San Jose,43,True,True,B,SIDE SWIPE,,Tuesday,NotApplicable,False,,,False,True,True,Santa Clara Superior,C,OTHER MOTOR VEHICLE,,0.0,0.0,RAINING,, NO UNUSUAL CONDITIONS,, ,C,DARK-STREET LIGHTS,37.416693,-121.94693,,,,,A,NO PEDESTRIANS INVOLVED,11/17/2020 12:00:00 AM,A,22107,False,1.0,I-280 S/B,,,11/20/2020 9:42:10 AM,B,S,0.16,Winchester Blvd,M,,D,11/20/2020 9:42:37 AM,11/20/2020 9:42:37 AM,,True,2,,,,,,,
1350185,9340-2020-03144,2,False,9340,11/11/2020 6:30:00 PM,1830,281,1368,4313,San Jose,43,True,True,B,SIDE SWIPE,,Wednesday,NotApplicable,False,M,,False,True,False,Santa Clara Superior,C,OTHER MOTOR VEHICLE,,0.0,0.0,CLEAR,, NO UNUSUAL CONDITIONS,, ,D,DARK-NO STREET LIGHTS,37.328621,-121.874121,,,,,A,NO PEDESTRIANS INVOLVED,11/11/2020 12:00:00 AM,A,22107,False,1.0,I-280 N/B FROM 10TH ST,,,8/11/2021 8:28:44 AM,A,N,558.0,10th St,F,,D,11/20/2020 8:54:05 AM,8/11/2021 8:29:56 AM,,True,2,,,,,,,
1372166,9340-2020-03537,1,False,9340,12/14/2020 11:50:00 AM,1150,282,1368,4313,San Jose,43,True,True,B,SIDE SWIPE,,Monday,NotApplicable,False,,,False,True,True,Santa Clara Superior,C,OTHER MOTOR VEHICLE,,2.0,0.0,CLEAR,, NO UNUSUAL CONDITIONS,, ,A,DAYLIGHT,37.3165,-121.9647,,,,,A,NO PEDESTRIANS INVOLVED,12/14/2020 12:00:00 AM,A,21658(a),False,1.0,I-280 N/B,,,12/21/2020 11:40:21 AM,A,S,2500.0,Saratoga Ave,F,,D,12/21/2020 11:41:04 AM,12/21/2020 11:41:04 AM,,True,2,,,,,,,
1372065,9340-2020-03563,1,False,9340,12/16/2020 9:40:00 PM,2140,681,1368,4313,San Jose,43,True,True,E,HIT OBJECT,,Wednesday,Yes,False,,,False,True,True,Santa Clara Superior,I,FIXED OBJECT,GREEN/WHITE EXIT SIGN,1.0,0.0,CLOUDY,, NO UNUSUAL CONDITIONS,, ,E,DARK-STREET LIGHTS NOT FUNCTIONING*,37.38138,-121.85926,,,,,A,NO PEDESTRIANS INVOLVED,12/16/2020 12:00:00 AM,A,23152(a),True,1.0,I-680 N/B TO BERRYESSA ROAD,,,12/21/2020 10:41:16 AM,A,S,1500.0,Berryessa Rd,F,,D,12/21/2020 10:42:05 AM,12/21/2020 10:42:05 AM,,True,2,,,,,,,
1371969,9725-2020-01457,1,False,9725,12/13/2020 9:30:00 PM,2130,085,1368,4313,San Jose,43,True,True,F,OVERTURNED,,Sunday,NotApplicable,False,,,False,True,False,Santa Clara Superior,A,NON-COLLISION,,1.0,0.0,CLOUDY,, NO UNUSUAL CONDITIONS,, ,C,DARK-STREET LIGHTS,37.2426,-121.77539,,,,,A,NO PEDESTRIANS INVOLVED,12/13/2020 12:00:00 AM,A,22107,False,1.0,SR-85 N/B,,,12/21/2020 9:57:58 AM,A,S,1.0,Cottle Rd,M,,D,12/21/2020 9:59:02 AM,12/21/2020 9:59:02 AM,,True,2,,,,,,,
1371906,9340-2020-03521,1,False,9340,12/13/2020 1:15:00 PM,1315,120,1368,4313,San Jose,43,True,True,A,HEAD-ON,,Sunday,NotApplicable,False,,,False,True,True,Santa Clara Superior,C,OTHER MOTOR VEHICLE,,0.0,0.0,CLOUDY,, NO UNUSUAL CONDITIONS,, ,A,DAYLIGHT,37.3761,-121.9391,,,,,A,NO PEDESTRIANS INVOLVED,12/13/2020 12:00:00 AM,A,22350,False,1.0,US101 S/B,,,12/21/2020 9:28:15 AM,B,S,600.0,De la Cruz Blvd,F,,D,12/21/2020 9:28:44 AM,12/21/2020 9:28:44 AM,,True,2,,,,,,,
1371866,9340-2020-03517,1,False,9340,12/13/2020 6:40:00 AM,640,120,1368,4313,San Jose,43,True,True,E,HIT OBJECT,,Sunday,NotApplicable,False,,,False,True,True,Santa Clara Superior,I,FIXED OBJECT,Dirt Embankment,0.0,0.0,RAINING,, NO UNUSUAL CONDITIONS,, ,C,DARK-STREET LIGHTS,37.3644,-121.9003,,,,,A,NO PEDESTRIANS INVOLVED,12/13/2020 12:00:00 AM,A,22350,False,1.0,US 101 N/B to N/B I-880,,,12/21/2020 9:09:15 AM,B,N,2000.0,Oakland Ave,F,,A,12/21/2020 9:09:55 AM,12/21/2020 9:09:55 AM,,True,2,,,,,,,
1371748,9340-2020-03504,1,False,9340,12/12/2020 7:40:00 AM,740,089,1368,4313,San Jose,43,True,True,D,BROADSIDE,,Saturday,Yes,False,M,,False,True,True,Santa Clara Superior,C,OTHER MOTOR VEHICLE,,1.0,0.0,CLEAR,, NO UNUSUAL CONDITIONS,, ,A,DAYLIGHT,37.3665,-121.901,,,,,A,NO PEDESTRIANS INVOLVED,12/12/2020 12:00:00 AM,A,21658(a),False,1.0,I-880 N/B,,,12/21/2020 7:49:11 AM,B,S,150.0,Old Bayshore Hwy,F,,D,12/21/2020 7:49:53 AM,12/21/2020 7:49:53 AM,,True,2,,,,,,,
1371151,9340-2020-03578,1,False,9340,12/10/2020 6:26:00 AM,626,110,1368,4313,San Jose,43,True,True,C,REAR END,,Thursday,NotApplicable,False,,,False,True,True,Santa Clara Superior,C,OTHER MOTOR VEHICLE,,0.0,0.0,CLEAR,, NO UNUSUAL CONDITIONS,, ,D,DARK-NO STREET LIGHTS,37.3567,-121.86893,,,,,A,NO PEDESTRIANS INVOLVED,12/10/2020 12:00:00 AM,A,22350,False,1.0,US 101 N/B,,,12/18/2020 11:48:04 AM,A,N,510.0,MCKEE RD.,F,,D,12/18/2020 11:48:35 AM,12/18/2020 11:48:35 AM,,True,2,,,,,,,
1371135,9340-2020-03553,1,False,9340,12/10/2020 6:25:00 AM,625,110,1368,4313,San Jose,43,True,True,B,SIDE SWIPE,,Thursday,NotApplicable,False,M,,False,True,False,Santa Clara Superior,C,OTHER MOTOR VEHICLE,,0.0,0.0,CLEAR,, NO UNUSUAL CONDITIONS,, ,D,DARK-NO STREET LIGHTS,37.3566,-121.86892,,,,,A,NO PEDESTRIANS INVOLVED,12/10/2020 12:00:00 AM,A,22350,False,1.0,US 101 N/B,,,12/18/2020 11:33:19 AM,A,N,500.0,MCKEE RD.,F,,D,12/18/2020 11:33:47 AM,12/18/2020 11:33:47 AM,,True,2,,,,,,,
1370776,9340-2020-03462,1,False,9340,12/7/2020 7:10:00 PM,1910,120,1368,4313,San Jose,43,True,True,E,HIT OBJECT,,Monday,NotApplicable,False,,,False,True,False,Santa Clara Superior,I,FIXED OBJECT,CONCRETE BARRIER,0.0,0.0,CLEAR,, NO UNUSUAL CONDITIONS,, ,D,DARK-NO STREET LIGHTS,37.364512,-121.900191,,,,,A,NO PEDESTRIANS INVOLVED,12/7/2020 12:00:00 AM,A,22107,False,1.0,US-101 N/B TO I-880 N/B,,,12/18/2020 6:14:09 AM,A,N,635.0,10th St,F,,D,12/18/2020 6:14:42 AM,12/18/2020 6:14:42 AM,,True,2,,,,,,,
1369500,9340-2020-03531,1,False,9340,12/14/2020 7:00:00 AM,700,681,1368,4313,San Jose,43,True,True,E,HIT OBJECT,,Monday,NotApplicable,False,M,,False,True,True,Santa Clara Superior,I,FIXED OBJECT,Jersey Wall,0.0,0.0,CLEAR,, NO UNUSUAL CONDITIONS,, ,A,DAYLIGHT,37.36008,-121.8425,,,,,A,NO PEDESTRIANS INVOLVED,12/14/2020 12:00:00 AM,A,22107,False,1.0,I-680 S/B TO ALUM ROCK AVE,,,12/17/2020 2:01:08 PM,A,N,250.0,Alum Rock Ave,F,,D,12/17/2020 2:01:51 PM,12/17/2020 2:01:51 PM,,True,2,,,,,,,
1369461,9340-2020-03498,1,False,9340,12/11/2020 2:50:00 PM,1450,681,1368,4313,San Jose,43,True,True,E,HIT OBJECT,,Friday,NotApplicable,False,,,False,True,True,Santa Clara Superior,I,FIXED OBJECT,CONCRETE WALL,0.0,0.0,CLOUDY,RAINING, NO UNUSUAL CONDITIONS,, ,A,DAYLIGHT,37.35607,-121.83925,,,,,A,NO PEDESTRIANS INVOLVED,12/11/2020 12:00:00 AM,A,22350,False,1.0,I-680 S/B FROM CAPITOL EXPRESSWAY,,,12/17/2020 1:05:55 PM,B,N,50.0,Capitol Expy,F,,D,12/17/2020 1:06:24 PM,12/17/2020 1:06:24 PM,,True,2,,,,,,,