Collision Id,	Report Number,	Report Version,	Is Preliminary,	NCIC Code,Crash Date Time,	Crash Time Description,	Beat,City Id,	City Code,	City Name,County Code,	City Is Active,	City Is Incorporated,	Collision Type Code,Collision Type Description,	Collision Type Other Desc,	Day Of Week,	DispatchNotified,	HasPhotographs,	HitRun,	IsAttachmentsMailed,	IsDeleted,	IsHighwayRelated,	IsTowAway,	JudicialDistrict,	MotorVehicleInvolvedWithCode,	MotorVehicleInvolvedWithDesc,MotorVehicleInvolvedWithOtherDesc,	NumberInjured,	NumberKilled,Weather 1, Weather 2, Road Condition 1, Road Condition 2, Special Condition,LightingCode, LightingDescription,Latitude,Longitude,MilepostDirection,MilepostDistance,MilepostMarker,MilepostUnitOfMeasure,	PedestrianActionCode,PedestrianActionDesc,PreparedDate,	Primary Collision Factor Code,Primary Collision Factor Violation,PrimaryCollisionFactorIsCited,	PrimaryCollisionPartyNumber,	PrimaryRoad,	ReportingDistrict,	ReportingDistrictCode,ReviewedDate,	RoadwaySurfaceCode,SecondaryDirection,	SecondaryDistance,	SecondaryRoad,	SecondaryUnitOfMeasure,	SketchDesc,	TrafficControlDeviceCode,CreatedDate,	ModifiedDate,IsCountyRoad,IsFreeway,CHP555Version,	IsAdditonalObjectStruck,NotificationDate,	NotificationTimeDescription,	HasDigitalMediaFiles,	EvidenceNumber,	IsLocationReferToNarrative,	IsAOIOneSameAsLocation
2921932,2020-200620247,2,False,4313,3/2/2020 9:36:00 AM,936,M2,1368,4313,San Jose,43,True,True,A,HEAD-ON,,Monday,,,,,False,False,False,,B,PEDESTRIAN,,1.0,0.0,CLEAR,, NO UNUSUAL CONDITIONS - NO UNUSUAL CONDITIONS,, ,A,DAYLIGHT,,,,,,,B,CROSSING IN CROSS WALK AT INTERSECTION,,A,21451A,,1.0,MCKEE RD,FOOTH,,,A,,,CHECKERS DR,,,A,7/30/2024 5:10:11 PM,1/30/2025 9:08:51 AM,,,2,,,,,,,
2921930,2020-20090984,2,False,4313,3/9/2020 9:31:00 PM,2131,R3,1368,4313,San Jose,43,True,True,B,SIDE SWIPE,,Monday,,,,,False,False,True,,C,OTHER MOTOR VEHICLE,,1.0,0.0,CLEAR,, NO UNUSUAL CONDITIONS - NO UNUSUAL CONDITIONS,, ,B,DUSK-DAWN,,,,,,,A,NO PEDESTRIANS INVOLVED,,A,21453A,,1.0,AIRPORT PKWY,DR,,,A,,,GATEWAY PL,,,A,7/30/2024 5:10:11 PM,1/30/2025 9:08:51 AM,,,2,,,,,,,
2921929,2020-200640586,2,False,4313,3/4/2020 1:43:00 PM,1343,P4,1368,4313,San Jose,43,True,True,D,BROADSIDE,,Wednesday,,,,,False,False,False,,C,OTHER MOTOR VEHICLE,,1.0,0.0,CLEAR,, NO UNUSUAL CONDITIONS - NO UNUSUAL CONDITIONS,, ,A,DAYLIGHT,,,,,,,A,NO PEDESTRIANS INVOLVED,,A,22450A,,1.0,NIEMAN,PAUL,,,A,,,DANIEL MALONEY   ,,,A,7/30/2024 5:10:11 PM,1/30/2025 9:08:51 AM,,,2,,,,,,,
2921928,2020-200620157,2,False,4313,3/2/2020 7:55:00 AM,755,M1,1368,4313,San Jose,43,True,True,C,REAR END,,Monday,,,,,False,False,False,,C,OTHER MOTOR VEHICLE,,1.0,0.0,CLEAR,, NO UNUSUAL CONDITIONS - NO UNUSUAL CONDITIONS,, ,,,37.212161,-121.514952,,,,,A,NO PEDESTRIANS INVOLVED,,A,22350,,1.0,MCKEE RD,FOOTH,,,A,E,60.0,N 33RD ST,F,,,7/30/2024 5:10:11 PM,1/30/2025 9:08:51 AM,,,2,,,,,,,
2921927,2020-200700176,2,False,4313,3/10/2020 7:20:00 AM,720,3,1368,4313,San Jose,43,True,True,G,VEHICLE/PEDESTRAIN,,Tuesday,,,,,False,False,False,,B,PEDESTRIAN,,1.0,0.0,CLEAR,, NO UNUSUAL CONDITIONS - NO UNUSUAL CONDITIONS,, ,A,DAYLIGHT,,,,,,,B,CROSSING IN CROSS WALK AT INTERSECTION,,A,22450,,1.0,S KING RD,PAUL,,,A,,,TUSTIN DR,,,D,7/30/2024 5:10:11 PM,1/30/2025 9:08:51 AM,,,2,,,,,,,
2921925,2020-200840076,2,False,4313,3/24/2020 3:40:00 AM,340,5,1368,4313,San Jose,43,True,True,E,HIT OBJECT,,Tuesday,,,M,,False,False,True,,I,FIXED OBJECT,,1.0,0.0,CLEAR,, NO UNUSUAL CONDITIONS - NO UNUSUAL CONDITIONS,, ,C,DARK-STREET LIGHTS,37.19197,-121.551773,,,,,A,NO PEDESTRIANS INVOLVED,,A,22350,,1.0,MENKER AV,FRANK,,,B,S,45.0,PARKMOOR AV,F,,D,7/30/2024 5:10:11 PM,1/30/2025 9:08:51 AM,,,2,,,,,,,
2921924,2020-200630852,2,False,4313,3/3/2020 7:00:00 PM,1900,P2,1368,4313,San Jose,43,True,True,D,BROADSIDE,,Tuesday,,,,,False,False,False,,G,BICYCLE,,1.0,0.0,CLEAR,, NO UNUSUAL CONDITIONS - NO UNUSUAL CONDITIONS,, ,C,DARK-STREET LIGHTS,,,,,,,A,NO PEDESTRIANS INVOLVED,,A,21453A,,1.0,WHITE RD,FOOTH,,,A,W,10.0,NORWOOD AV,F,,A,7/30/2024 5:10:11 PM,1/30/2025 9:08:51 AM,,,2,,,,,,,
2921923,2020-200630661,2,False,4313,3/3/2020 4:10:00 PM,1610,L4,1368,4313,San Jose,43,True,True,B,SIDE SWIPE,,Tuesday,,,,,False,False,True,,C,OTHER MOTOR VEHICLE,,1.0,0.0,CLEAR,, NO UNUSUAL CONDITIONS - NO UNUSUAL CONDITIONS,, ,A,DAYLIGHT,,,,,,,A,NO PEDESTRIANS INVOLVED,,A,22350,,1.0,CURTNER AV,LINCO,,,A,,,PLANT SHOPPING CENTER WY,,,D,7/30/2024 5:10:11 PM,1/30/2025 9:08:50 AM,,,2,,,,,,,
2921922,2020-200680612,2,False,4313,3/8/2020 6:00:00 PM,1800,R1,1368,4313,San Jose,43,True,True,D,BROADSIDE,,Sunday,,,,,False,False,True,,C,OTHER MOTOR VEHICLE,,1.0,0.0,CLOUDY,, NO UNUSUAL CONDITIONS - NO UNUSUAL CONDITIONS,, ,A,DAYLIGHT,37.231753,-121.552748,,,,,A,NO PEDESTRIANS INVOLVED,,A,21453,,1.0,ZANKER RD,ROBER,,,A,,,E TRIMBLE RD,,,A,7/30/2024 5:10:11 PM,1/30/2025 9:08:50 AM,,,2,,,,,,,
2921920,2020-200860449,2,False,4313,3/26/2020 1:38:00 PM,1338,X1,1368,4313,San Jose,43,True,True,E,HIT OBJECT,,Thursday,,,,,False,False,True,,I,FIXED OBJECT,,1.0,0.0,CLEAR,, NO UNUSUAL CONDITIONS - NO UNUSUAL CONDITIONS,, ,A,DAYLIGHT,,,,,,,A,NO PEDESTRIANS INVOLVED,,A,22350,,1.0,SNELL AV,XRAY,,,A,,,RUE PARIS,,,A,7/30/2024 5:10:10 PM,1/30/2025 9:08:50 AM,,,2,,,,,,,
2921918,2020-200690667,2,False,4313,3/9/2020 4:15:00 PM,1615,5,1368,4313,San Jose,43,True,True,D,BROADSIDE,,Monday,,,,,False,False,True,,C,OTHER MOTOR VEHICLE,,2.0,0.0,CLEAR,, NO UNUSUAL CONDITIONS - NO UNUSUAL CONDITIONS,, ,A,DAYLIGHT,,,,,,,A,NO PEDESTRIANS INVOLVED,,A,22107,,1.0,S WHITE RD,MARY,,,A,,,FLORENCE AV,,,,7/30/2024 5:10:10 PM,1/30/2025 9:08:50 AM,,,2,,,,,,,
2921917,2020-200620140,2,False,4313,3/2/2020 7:36:00 AM,736,R3,1368,4313,San Jose,43,True,True,G,VEHICLE/PEDESTRAIN,,Monday,,,,,False,False,False,,B,PEDESTRIAN,,1.0,0.0,CLEAR,, NO UNUSUAL CONDITIONS - NO UNUSUAL CONDITIONS,, ,A,DAYLIGHT,,,,,,,E,IN ROAD - INCLUDES SHOULDER,,A,22350,,1.0,AIRPORT BL,DR,,,A,N,27.0,LIGHT POLE #TD016,F,,A,7/30/2024 5:10:10 PM,1/30/2025 9:08:50 AM,,,2,,,,,,,
2921916,2020-200840834,2,False,4313,3/24/2020 8:49:00 PM,2049,F3,1368,4313,San Jose,43,True,True,G,VEHICLE/PEDESTRAIN,,Tuesday,,,F,,False,False,False,,B,PEDESTRIAN,,1.0,0.0,RAINING,, ,, ,C,DARK-STREET LIGHTS,37.192421,-121.555487,,,,,B,CROSSING IN CROSS WALK AT INTERSECTION,,A,20001,,1.0,W SAN CARLOS ST,WESTE,,,B,,,S BASCOM AV,,,A,7/30/2024 5:10:10 PM,1/30/2025 9:08:50 AM,,,2,,,,,,,
2921915,2020-200700267,2,False,4313,3/10/2020 9:11:00 AM,911,S4,1368,4313,San Jose,43,True,True,C,REAR END,,Tuesday,,,,,False,False,True,,C,OTHER MOTOR VEHICLE,,1.0,0.0,CLEAR,, NO UNUSUAL CONDITIONS - NO UNUSUAL CONDITIONS,, ,A,DAYLIGHT,,,,,,,A,NO PEDESTRIANS INVOLVED,,A,22350,,1.0,DRY CREEK RD',SAM,,,A,,,MERDIAN AV,,,A,7/30/2024 5:10:10 PM,1/30/2025 9:08:50 AM,,,2,,,,,,,
2921914,2020-200610694,2,False,4313,3/1/2020 6:40:00 PM,1840,L6,1368,4313,San Jose,43,True,True,D,BROADSIDE,,Sunday,,,,,False,False,True,,C,OTHER MOTOR VEHICLE,,5.0,0.0,CLEAR,, NO UNUSUAL CONDITIONS - NO UNUSUAL CONDITIONS,, ,C,DARK-STREET LIGHTS,,,,,,,A,NO PEDESTRIANS INVOLVED,,A,21801,,1.0,MCLAUGHLIN AV,LINCO,,,A,,,MALLOTT DR,,,D,7/30/2024 5:10:10 PM,1/30/2025 9:08:50 AM,,,2,,,,,,,
2921911,2020-200720579,2,False,4313,3/12/2020 2:16:00 PM,1416,R2,1368,4313,San Jose,43,True,True,D,BROADSIDE,,Thursday,,,,,False,False,True,,C,OTHER MOTOR VEHICLE,,1.0,0.0,CLEAR,, NO UNUSUAL CONDITIONS - NO UNUSUAL CONDITIONS,, ,A,DAYLIGHT,37.241556,-121.541014,,,,,,,,A,21453,,1.0,MONTAGUE EXPWY,ROBER,,,A,,,OAKLAND RD,,,A,7/30/2024 5:10:10 PM,1/30/2025 9:08:50 AM,,,2,,,,,,,
2921910,2020-200610368,2,False,4313,3/1/2020 12:10:00 PM,1210,Y2,1368,4313,San Jose,43,True,True,,,,Sunday,,,,,False,False,False,,G,BICYCLE,,1.0,0.0,CLEAR,, NO UNUSUAL CONDITIONS - NO UNUSUAL CONDITIONS,, ,A,DAYLIGHT,,,,,,,A,NO PEDESTRIANS INVOLVED,,A,21208A,,1.0,SNELL AV,SOUTH,,,A,,,BLOSSOM HILL RD,,,,7/30/2024 5:10:10 PM,1/30/2025 9:08:49 AM,,,2,,,,,,,
2921908,2020-200830248,2,False,4313,3/23/2020 1:07:00 PM,1307,X3,1368,4313,San Jose,43,True,True,D,BROADSIDE,,Monday,,,,,False,False,False,,C,OTHER MOTOR VEHICLE,,5.0,0.0,CLOUDY,, NO UNUSUAL CONDITIONS - NO UNUSUAL CONDITIONS,, ,A,DAYLIGHT,,,,,,,A,NO PEDESTRIANS INVOLVED,,A,22450A,,1.0,SYLVANDALE AV,SOUTH,,,A,,,BROCK WY,,,D,7/30/2024 5:10:09 PM,1/30/2025 9:08:49 AM,,,2,,,,,,,
2921907,2020-200660940,2,False,4313,3/6/2020 8:19:00 PM,2019,L6,1368,4313,San Jose,43,True,True,D,BROADSIDE,,Friday,,,,,False,True,True,,C,OTHER MOTOR VEHICLE,,1.0,0.0,CLEAR,, NO UNUSUAL CONDITIONS - NO UNUSUAL CONDITIONS,, ,C,DARK-STREET LIGHTS,,,,,,,A,NO PEDESTRIANS INVOLVED,,A,21453A,,1.0,YERBA BUENA RD,LINCO,,,A,,,RT 101,,,A,7/30/2024 5:10:09 PM,1/30/2025 9:08:49 AM,,,2,,,,,,,
2921904,2020-200610866,2,False,4313,3/1/2020 10:27:00 PM,2227,P1,1368,4313,San Jose,43,True,True,F,OVERTURNED,,Sunday,,,,,False,False,True,,C,OTHER MOTOR VEHICLE,,3.0,0.0,CLEAR,, NO UNUSUAL CONDITIONS - NO UNUSUAL CONDITIONS,, ,C,DARK-STREET LIGHTS,,,,,,,A,NO PEDESTRIANS INVOLVED,,A,21453A,,1.0,E CAPITOL EXPWY,FOOTH,,,A,,,EASTRIDGE LOOP,,,A,7/30/2024 5:10:09 PM,1/30/2025 9:08:49 AM,,,2,,,,,,,
2921903,2020-200650366,2,False,4313,3/5/2020 10:56:00 AM,1056,V1,1368,4313,San Jose,43,True,True,F,OVERTURNED,,Thursday,,,,,False,False,True,,E,PARKED MOTOR VEHICLE,,1.0,0.0,CLEAR,, NO UNUSUAL CONDITIONS - NO UNUSUAL CONDITIONS,, ,A,DAYLIGHT,,,,,,,A,NO PEDESTRIANS INVOLVED,,A,21658,,1.0,COLEMAN AV,CENTR,,,A,N,84.0,FIRE HYDRANT #1A-00960,F,,D,7/30/2024 5:10:09 PM,1/30/2025 9:08:49 AM,,,2,,,,,,,
2921900,2020-200650996,2,False,4313,3/5/2020 9:55:00 PM,2155,R1,1368,4313,San Jose,43,True,True,E,HIT OBJECT,,Thursday,,,,,False,False,True,,I,FIXED OBJECT,,1.0,0.0,CLEAR,, NO UNUSUAL CONDITIONS - NO UNUSUAL CONDITIONS,, ,D,DARK-NO STREET LIGHTS,,,,,,,A,NO PEDESTRIANS INVOLVED,,A,22350A,,1.0,MONTAGUE EXPWY,ROBER,,,A,W,60.0,LIGHT POLE #8123,F,,D,7/30/2024 5:10:09 PM,1/30/2025 9:08:48 AM,,,2,,,,,,,
2921899,2020-200640108,2,False,4313,3/4/2020 5:00:00 AM,500,R2,1368,4313,San Jose,43,True,True,D,BROADSIDE,,Wednesday,,,,,False,False,True,,C,OTHER MOTOR VEHICLE,,2.0,0.0,CLEAR,, NO UNUSUAL CONDITIONS - NO UNUSUAL CONDITIONS,, ,C,DARK-STREET LIGHTS,,,,,,,A,NO PEDESTRIANS INVOLVED,,A,21453,,2.0,N CAPITOL AV,ROBER,,,A,,,TRADE ZONE BL,,,A,7/30/2024 5:10:08 PM,1/30/2025 9:08:48 AM,,,2,,,,,,,
2921896,2020-200651055,2,False,4313,3/5/2020 11:20:00 PM,2320,E1,1368,4313,San Jose,43,True,True,,,,Thursday,,,,,False,False,False,,C,OTHER MOTOR VEHICLE,,2.0,0.0,CLEAR,, NO UNUSUAL CONDITIONS - NO UNUSUAL CONDITIONS,, ,C,DARK-STREET LIGHTS,,,,,,,,,,A,23459A,,1.0,AUTUMN ST,CENTR,,,A,,,SANTA CLARA ST,,,A,7/30/2024 5:10:08 PM,1/30/2025 9:08:48 AM,,,2,,,,,,,
2921894,2020-20630977,2,False,4313,3/3/2020 9:30:00 PM,2130,E4,1368,4313,San Jose,43,True,True,C,REAR END,,Tuesday,,,,,False,False,True,,C,OTHER MOTOR VEHICLE,,2.0,0.0,CLEAR,, NO UNUSUAL CONDITIONS - NO UNUSUAL CONDITIONS,, ,C,DARK-STREET LIGHTS,,,,,,,A,NO PEDESTRIANS INVOLVED,,A,22350,,1.0,MARKET ST,CENTR,,,A,,,SAN SALVADOR,,,A,7/30/2024 5:10:08 PM,1/30/2025 9:08:48 AM,,,2,,,,,,,
2921892,2020-200640534,2,False,4313,3/4/2020 4:44:00 PM,1644,1,1368,4313,San Jose,43,True,True,D,BROADSIDE,,Wednesday,,,,,False,False,True,,C,OTHER MOTOR VEHICLE,,2.0,0.0,CLEAR,, NO UNUSUAL CONDITIONS - NO UNUSUAL CONDITIONS,, ,A,DAYLIGHT,,,,,,,A,NO PEDESTRIANS INVOLVED,,A,21453A,,1.0,KEYES ST,LINCO,,,A,,,11TH ST,,,A,7/30/2024 5:10:08 PM,1/30/2025 9:08:48 AM,,,2,,,,,,,
2921890,2020-200660704,2,False,4313,3/6/2020 5:04:00 PM,1704,4,1368,4313,San Jose,43,True,True,C,REAR END,,Friday,,,,,False,False,False,,C,OTHER MOTOR VEHICLE,,1.0,0.0,CLOUDY,, ,, ,A,DAYLIGHT,37.18418,-121.575317,,,,,A,NO PEDESTRIANS INVOLVED,,A,22450,,2.0,SAN TOMAS AQUINO PKWY,NORA,,,A,,,PAYNE AV,,,A,7/30/2024 5:10:08 PM,1/30/2025 9:08:48 AM,,,2,,,,,,,
2921888,2020-200660908,2,False,4313,3/6/2020 7:50:00 PM,1950,Y5,1368,4313,San Jose,43,True,True,D,BROADSIDE,,Friday,,,,,False,False,True,,C,OTHER MOTOR VEHICLE,,1.0,0.0,CLOUDY,, NO UNUSUAL CONDITIONS - NO UNUSUAL CONDITIONS,, ,C,DARK-STREET LIGHTS,,,,,,,A,NO PEDESTRIANS INVOLVED,,A,21453A,,1.0,MONTEREY RD,YELLO,,,A,,,BERNAL RD,,,A,7/30/2024 5:10:08 PM,1/30/2025 9:08:48 AM,,,2,,,,,,,
2921887,2020-200640237,2,False,4313,3/4/2020 8:30:00 AM,830,DX,1368,4313,San Jose,43,True,True,D,BROADSIDE,,Wednesday,,,,,False,False,False,,B,PEDESTRIAN,,1.0,0.0,CLEAR,, NO UNUSUAL CONDITIONS - NO UNUSUAL CONDITIONS,, ,A,DAYLIGHT,,,,,,,B,CROSSING IN CROSS WALK AT INTERSECTION,,A,21950,,1.0,LEAN AV,SAN J,,,A,,,HAYES AV,,,A,7/30/2024 5:10:08 PM,1/30/2025 9:08:48 AM,,,2,,,,,,,
2921271,2020-200720457,2,False,4313,3/12/2020 12:23:00 PM,1223,X1,1368,4313,San Jose,43,True,True,C,REAR END,,Thursday,,,,,False,False,True,,C,OTHER MOTOR VEHICLE,,1.0,0.0,CLEAR,, NO UNUSUAL CONDITIONS - NO UNUSUAL CONDITIONS,, ,A,DAYLIGHT,37.162876,-121.514907,,,,,A,NO PEDESTRIANS INVOLVED,,A,22350,,1.0,W CAPITOL EX,XRAY,,,A,,,RT 87,,,D,7/30/2024 5:09:20 PM,1/30/2025 9:08:19 AM,,,2,,,,,,,
2920291,2020-200590622,2,False,4313,2/28/2020 3:15:00 PM,1515,A4,1368,4313,San Jose,43,True,True,G,VEHICLE/PEDESTRAIN,,Friday,,,,,False,False,False,,B,PEDESTRIAN,,1.0,0.0,CLEAR,, NO UNUSUAL CONDITIONS - NO UNUSUAL CONDITIONS,, ,A,DAYLIGHT,,,,,,,E,IN ROAD - INCLUDES SHOULDER,,A,22350,,1.0,VARGAS DR,SOUTH,,,A,,,RECIFE WY,,,D,7/30/2024 5:08:10 PM,1/30/2025 9:07:34 AM,,,2,,,,,,,
2920288,2020-2005900614,2,False,4313,2/28/2020 3:17:00 PM,1517,A2,1368,4313,San Jose,43,True,True,D,BROADSIDE,,Friday,,,,,False,False,True,,C,OTHER MOTOR VEHICLE,,3.0,0.0,CLEAR,, NO UNUSUAL CONDITIONS - NO UNUSUAL CONDITIONS,, ,A,DAYLIGHT,37.13457,-121.53416,,,,,A,NO PEDESTRIANS INVOLVED,,A,21801A,,1.0,REDMOND AV,S,,,A,,,MONTEVERDE DR,,,D,7/30/2024 5:08:09 PM,1/30/2025 9:07:33 AM,,,2,,,,,,,
2920282,2020-200520397,2,False,4313,2/21/2020 12:35:00 PM,1235,L1,1368,4313,San Jose,43,True,True,B,SIDE SWIPE,,Friday,,,,,False,False,False,,C,OTHER MOTOR VEHICLE,,1.0,0.0,CLEAR,, NO UNUSUAL CONDITIONS - NO UNUSUAL CONDITIONS,, ,A,DAYLIGHT,,,,,,,A,NO PEDESTRIANS INVOLVED,,A,22107,,1.0,S 10TH ST,DL,,,A,,,E ALMA AV,,,A,7/30/2024 5:08:09 PM,1/30/2025 9:07:33 AM,,,2,,,,,,,
2920279,2020-200510984,2,False,4313,2/20/2020 11:36:00 PM,2336,3,1368,4313,San Jose,43,True,True,D,BROADSIDE,,Thursday,,,,,False,False,True,,C,OTHER MOTOR VEHICLE,,4.0,0.0,CLEAR,, NO UNUSUAL CONDITIONS - NO UNUSUAL CONDITIONS,, ,C,DARK-STREET LIGHTS,,,,,,,A,NO PEDESTRIANS INVOLVED,,A,22450A,,1.0,E TAYLOR ST,V,,,A,,,N 3RD ST,,,A,7/30/2024 5:08:09 PM,1/30/2025 9:07:33 AM,,,2,,,,,,,
2920276,2020-200510298,2,False,4313,2/20/2020 10:33:00 AM,1033,F3,1368,4313,San Jose,43,True,True,C,REAR END,,Thursday,,,,,False,False,False,,C,OTHER MOTOR VEHICLE,,2.0,0.0,CLEAR,, NO UNUSUAL CONDITIONS - NO UNUSUAL CONDITIONS,, ,A,DAYLIGHT,,,,,,,A,NO PEDESTRIANS INVOLVED,,A,21703,,1.0,DI SALVO AV,WEST,,,A,,,STEVENS CREEK BL,,,A,7/30/2024 5:08:08 PM,1/30/2025 9:07:33 AM,,,2,,,,,,,
2920105,2020-200650643,2,False,4313,3/5/2020 3:55:00 PM,1555,N6,1368,4313,San Jose,43,True,True,D,BROADSIDE,,Thursday,,,,,False,False,False,,C,OTHER MOTOR VEHICLE,,2.0,0.0,CLEAR,, NO UNUSUAL CONDITIONS - NO UNUSUAL CONDITIONS,, ,A,DAYLIGHT,,,,,,,A,NO PEDESTRIANS INVOLVED,,A,21802A,,1.0,FENIAN DR,4313,,,A,,,RINCON AV,,,D,7/30/2024 5:07:54 PM,1/30/2025 9:07:22 AM,,,2,,,,,,,
2919914,2020-200510179,2,False,4313,2/20/2020 7:42:00 AM,742,C1,1368,4313,San Jose,43,True,True,D,BROADSIDE,,Thursday,,,,,False,False,False,,G,BICYCLE,,1.0,0.0,CLEAR,, NO UNUSUAL CONDITIONS - NO UNUSUAL CONDITIONS,, ,A,DAYLIGHT,,,,,,,A,NO PEDESTRIANS INVOLVED,,D,,,,STORY RD,CHARL,,,A,W,18.0,LEEWARD DR,F,,A,7/30/2024 5:07:39 PM,1/30/2025 9:07:13 AM,,,2,,,,,,,
2919913,2020-200540617,2,False,4313,2/23/2020 4:16:00 PM,1616,F5,1368,4313,San Jose,43,True,True,B,SIDE SWIPE,,Sunday,,,,,False,False,True,,C,OTHER MOTOR VEHICLE,,1.0,0.0,CLEAR,, NO UNUSUAL CONDITIONS - NO UNUSUAL CONDITIONS,, ,A,DAYLIGHT,,,,,,,A,NO PEDESTRIANS INVOLVED,,A,22107,,1.0,W SAN CARLOS ST,FRANK,,,A,W,105.0,MAYELLEN AV,F,,D,7/30/2024 5:07:39 PM,1/30/2025 9:07:13 AM,,,2,,,,,,,
2919910,2020-200520992,2,False,4313,2/21/2020 10:35:00 PM,2235,3,1368,4313,San Jose,43,True,True,E,HIT OBJECT,,Friday,,,,,False,False,True,,I,FIXED OBJECT,,2.0,0.0,CLEAR,, NO UNUSUAL CONDITIONS - NO UNUSUAL CONDITIONS,, ,C,DARK-STREET LIGHTS,,,,,,,A,NO PEDESTRIANS INVOLVED,,A,22350,,1.0,COE AV,SAM,,,A,,,LINCOLN AV,,,D,7/30/2024 5:07:39 PM,1/30/2025 9:07:13 AM,,,2,,,,,,,
2919909,2020-200550105,2,False,4313,2/24/2020 5:50:00 AM,550,F2,1368,4313,San Jose,43,True,True,G,VEHICLE/PEDESTRAIN,,Monday,,,,,False,False,False,,B,PEDESTRIAN,,1.0,0.0,CLEAR,, NO UNUSUAL CONDITIONS - NO UNUSUAL CONDITIONS,, ,C,DARK-STREET LIGHTS,37.19467,-121.56595,,,,,E,IN ROAD - INCLUDES SHOULDER,,A,21804,,1.0,N WINCHESTER BL,F,,,A,S,73.0,HEDDING,F,,D,7/30/2024 5:07:39 PM,1/30/2025 9:07:12 AM,,,2,,,,,,,
2919906,2020-200490772,2,False,4313,2/18/2020 6:49:00 PM,1849,A2,1368,4313,San Jose,43,True,True,A,HEAD-ON,,Tuesday,,,,,False,False,False,,B,PEDESTRIAN,,1.0,0.0,CLEAR,, NO UNUSUAL CONDITIONS - NO UNUSUAL CONDITIONS,, ,C,DARK-STREET LIGHTS,37.14355,-121.53221,,,,,B,CROSSING IN CROSS WALK AT INTERSECTION,,A,21950A,,1.0,BLOSSOM HILL RD,SOUTH,,,A,,,MERIDIAN AV,,,A,7/30/2024 5:07:39 PM,1/30/2025 9:07:12 AM,,,2,,,,,,,
2919905,2020-200540656,2,False,4313,2/23/2020 4:00:00 PM,1600,X3,1368,4313,San Jose,43,True,True,E,HIT OBJECT,,Sunday,,,,,False,False,True,,I,FIXED OBJECT,,1.0,0.0,CLEAR,, NO UNUSUAL CONDITIONS - NO UNUSUAL CONDITIONS,, ,A,DAYLIGHT,37.16391,-121.48305,,,,,A,NO PEDESTRIANS INVOLVED,,A,22350,,1.0,COYOTE RD,DX,,,A,,,SNOW DR,,,D,7/30/2024 5:07:39 PM,1/30/2025 9:07:12 AM,,,2,,,,,,,
2919902,2020-200490696,2,False,4313,2/18/2020 5:00:00 PM,1700,3,1368,4313,San Jose,43,True,True,G,VEHICLE/PEDESTRAIN,,Tuesday,,,,,False,False,False,,G,BICYCLE,,1.0,0.0,CLEAR,, NO UNUSUAL CONDITIONS - NO UNUSUAL CONDITIONS,, ,A,DAYLIGHT,,,,,,,B,CROSSING IN CROSS WALK AT INTERSECTION,,A,21950A,,1.0,SENTER RD,LINCO,,,A,N,1.0,TULLY RD,F,,A,7/30/2024 5:07:38 PM,1/30/2025 9:07:12 AM,,,2,,,,,,,
2919901,2020-200570568,2,False,4313,2/26/2020 3:10:00 PM,1510,5,1368,4313,San Jose,43,True,True,D,BROADSIDE,,Wednesday,,,,,False,False,True,,C,OTHER MOTOR VEHICLE,,1.0,0.0,CLEAR,, NO UNUSUAL CONDITIONS - NO UNUSUAL CONDITIONS,, ,A,DAYLIGHT,37.19929,-121.53178,,,,,A,NO PEDESTRIANS INVOLVED,,A,21802A,,1.0,VINE ST,DS,,,A,,,EDWARDS AV,,,D,7/30/2024 5:07:38 PM,1/30/2025 9:07:12 AM,,,2,,,,,,,
2919898,2020-200520447,2,False,4313,2/21/2020 1:43:00 PM,1343,R1,1368,4313,San Jose,43,True,True,D,BROADSIDE,,Friday,,,,,False,False,True,,C,OTHER MOTOR VEHICLE,,1.0,0.0,CLEAR,, NO UNUSUAL CONDITIONS - NO UNUSUAL CONDITIONS,, ,A,DAYLIGHT,,,,,,,A,NO PEDESTRIANS INVOLVED,,A,21804,,1.0,CATHERINE ST,ROBER,,,A,,,GOLD ST,,,D,7/30/2024 5:07:38 PM,1/30/2025 9:07:12 AM,,,2,,,,,,,
2919897,2020-200560669,2,False,4313,2/25/2020 4:00:00 PM,1600,A2,1368,4313,San Jose,43,True,True,G,VEHICLE/PEDESTRAIN,,Tuesday,,,,,False,False,False,,B,PEDESTRIAN,,1.0,0.0,CLEAR,, NO UNUSUAL CONDITIONS - NO UNUSUAL CONDITIONS,, ,B,DUSK-DAWN,37.15869,-121.52383,,,,,D,CROSSING - NOT IN CROSSWALK,,A,21950A,,1.0,ALMADEN EXPWY,DA,,,A,N,426.0,BLOSSOM HILL RD,F,,D,7/30/2024 5:07:38 PM,1/30/2025 9:07:12 AM,,,2,,,,,,,
2919894,2020-200520759,2,False,4313,2/21/2020 6:44:00 PM,1844,5,1368,4313,San Jose,43,True,True,D,BROADSIDE,,Friday,,,,,False,False,True,,C,OTHER MOTOR VEHICLE,,1.0,0.0,CLEAR,, NO UNUSUAL CONDITIONS - NO UNUSUAL CONDITIONS,, ,C,DARK-STREET LIGHTS,,,,,,,A,NO PEDESTRIANS INVOLVED,,A,21801,,1.0,MABURY RD,ROBER,,,A,,,BERRYESSA STATION WY,,,A,7/30/2024 5:07:38 PM,1/30/2025 9:07:12 AM,,,2,,,,,,,
2919893,2020-200560210,2,False,4313,2/25/2020 5:38:00 PM,1738,X2,1368,4313,San Jose,43,True,True,G,VEHICLE/PEDESTRAIN,,Tuesday,,,,,False,False,False,,B,PEDESTRIAN,,1.0,0.0,CLEAR,, NO UNUSUAL CONDITIONS - NO UNUSUAL CONDITIONS,, ,A,DAYLIGHT,37.17171,-121.49172,,,,,B,CROSSING IN CROSS WALK AT INTERSECTION,,A,21950,,1.0,YERBA BUENA RD,XRAY,,,A,,,KAUAI DR,,,A,7/30/2024 5:07:38 PM,1/30/2025 9:07:12 AM,,,2,,,,,,,
2919890,2020-200530393,2,False,4313,2/22/2020 12:08:00 PM,1208,X3,1368,4313,San Jose,43,True,True,G,VEHICLE/PEDESTRAIN,,Saturday,,,,,False,False,False,,B,PEDESTRIAN,,1.0,0.0,CLEAR,, NO UNUSUAL CONDITIONS - NO UNUSUAL CONDITIONS,, ,A,DAYLIGHT,,,,,,,D,CROSSING - NOT IN CROSSWALK,,A,21950A,,1.0,SINGLETON RD,XRAY,,,A,,,VERDI DR,,,A,7/30/2024 5:07:37 PM,1/30/2025 9:07:11 AM,,,2,,,,,,,