Collision Id,	Report Number,	Report Version,	Is Preliminary,	NCIC Code,Crash Date Time,	Crash Time Description,	Beat,City Id,	City Code,	City Name,County Code,	City Is Active,	City Is Incorporated,	Collision Type Code,Collision Type Description,	Collision Type Other Desc,	Day Of Week,	DispatchNotified,	HasPhotographs,	HitRun,	IsAttachmentsMailed,	IsDeleted,	IsHighwayRelated,	IsTowAway,	JudicialDistrict,	MotorVehicleInvolvedWithCode,	MotorVehicleInvolvedWithDesc,MotorVehicleInvolvedWithOtherDesc,	NumberInjured,	NumberKilled,Weather 1, Weather 2, Road Condition 1, Road Condition 2, Special Condition,LightingCode, LightingDescription,Latitude,Longitude,MilepostDirection,MilepostDistance,MilepostMarker,MilepostUnitOfMeasure,	PedestrianActionCode,PedestrianActionDesc,PreparedDate,	Primary Collision Factor Code,Primary Collision Factor Violation,PrimaryCollisionFactorIsCited,	PrimaryCollisionPartyNumber,	PrimaryRoad,	ReportingDistrict,	ReportingDistrictCode,ReviewedDate,	RoadwaySurfaceCode,SecondaryDirection,	SecondaryDistance,	SecondaryRoad,	SecondaryUnitOfMeasure,	SketchDesc,	TrafficControlDeviceCode,CreatedDate,	ModifiedDate,IsCountyRoad,IsFreeway,CHP555Version,	IsAdditonalObjectStruck,NotificationDate,	NotificationTimeDescription,	HasDigitalMediaFiles,	EvidenceNumber,	IsLocationReferToNarrative,	IsAOIOneSameAsLocation
2964331,2020-202020445,2,False,4313,7/20/2020 12:34:00 PM,1234,2,1368,4313,San Jose,43,True,True,D,BROADSIDE,,Monday,,,,,False,False,True,,C,OTHER MOTOR VEHICLE,,2.0,0.0,CLEAR,, NO UNUSUAL CONDITIONS - NO UNUSUAL CONDITIONS,, ,A,DAYLIGHT,,,,,,,A,NO PEDESTRIANS INVOLVED,,A,22107,,1.0,WHITE RD,PAUL,,,A,,,SYLVAN DR,,,D,7/30/2024 6:26:38 PM,1/30/2025 9:47:49 AM,,,2,,,,,,,
2964330,2020-202050452,2,False,4313,7/23/2020 12:54:00 PM,1254,X1,1368,4313,San Jose,43,True,True,G,VEHICLE/PEDESTRAIN,,Thursday,,,,,False,False,False,,B,PEDESTRIAN,,2.0,0.0,CLEAR,, NO UNUSUAL CONDITIONS - NO UNUSUAL CONDITIONS,, ,A,DAYLIGHT,,,,,,,D,CROSSING - NOT IN CROSSWALK,,A,22107,,1.0,MONTEREY RD,DX,,,A,S,14.0,SENTER RD,F,,D,7/30/2024 6:26:38 PM,1/30/2025 9:47:48 AM,,,2,,,,,,,
2964329,2020-202080073,2,False,4313,7/26/2020 1:00:00 AM,100,Y3,1368,4313,San Jose,43,True,True,G,VEHICLE/PEDESTRAIN,,Sunday,,,F,,False,False,False,,B,PEDESTRIAN,,1.0,0.0,CLEAR,, NO UNUSUAL CONDITIONS - NO UNUSUAL CONDITIONS,, ,C,DARK-STREET LIGHTS,,,,,,,F,NOT IN ROAD,,A,,,1.0,MONTEREY RD,YELLO,,,A,,,ROEDER RD,,,A,7/30/2024 6:26:38 PM,1/30/2025 9:47:48 AM,,,2,,,,,,,
2964328,2020-202070862,2,False,4313,7/25/2020 9:18:00 PM,2118,ONE,1368,4313,San Jose,43,True,True,C,REAR END,,Saturday,,,F,,False,False,True,,C,OTHER MOTOR VEHICLE,,1.0,0.0,CLEAR,, NO UNUSUAL CONDITIONS - NO UNUSUAL CONDITIONS,, ,C,DARK-STREET LIGHTS,,,,,,,A,NO PEDESTRIANS INVOLVED,,A,20001,,1.0,S 7TH ST,LINCO,,,A,,,MARTHA ST,,,,7/30/2024 6:26:38 PM,1/30/2025 9:47:48 AM,,,2,,,,,,,
2964327,2020-202020815,2,False,4313,7/20/2020 6:45:00 PM,1845,L3,1368,4313,San Jose,43,True,True,H,OTHER,,Monday,,,,,False,False,False,,,,,1.0,0.0,CLEAR,, OTHER* - OTHER*,, ,A,DAYLIGHT,,,,,,,,,,A,,,1.0,TULLY RD,L,,,A,,,ZACHARY WY,,,A,7/30/2024 6:26:38 PM,1/30/2025 9:47:48 AM,,,2,,,,,,,
2964326,2020-201990279,2,False,4313,7/17/2020 11:08:00 AM,1108,Y4,1368,4313,San Jose,43,True,True,D,BROADSIDE,,Friday,,,,,False,False,True,,C,OTHER MOTOR VEHICLE,,1.0,0.0,CLEAR,, NO UNUSUAL CONDITIONS - NO UNUSUAL CONDITIONS,, ,A,DAYLIGHT,,,,,,,A,NO PEDESTRIANS INVOLVED,,A,21453,,1.0,SANTA TERESA BL,DY,,,A,,,SAN IGNACIO AV,,,A,7/30/2024 6:26:36 PM,1/30/2025 9:47:48 AM,,,2,,,,,,,
2964325,2020-201980772,2,False,4313,7/16/2020 6:27:00 PM,1827,Y2,1368,4313,San Jose,43,True,True,F,OVERTURNED,,Thursday,,,,,False,False,False,,A,NON-COLLISION,,1.0,0.0,CLEAR,, NO UNUSUAL CONDITIONS - NO UNUSUAL CONDITIONS,, ,A,DAYLIGHT,37.151138,-121.495094,,,,,A,NO PEDESTRIANS INVOLVED,,A,22107,,1.0,GIUFFRIDA AV,YELLO,,,A,,,SNELL AV,,,D,7/30/2024 6:26:36 PM,1/30/2025 9:47:48 AM,,,2,,,,,,,
2964324,2020-201980808,2,False,4313,7/16/2020 7:01:00 PM,1901,W2,1368,4313,San Jose,43,True,True,A,HEAD-ON,,Thursday,,,,,False,False,False,,C,OTHER MOTOR VEHICLE,,4.0,0.0,CLEAR,, NO UNUSUAL CONDITIONS - NO UNUSUAL CONDITIONS,, ,A,DAYLIGHT,37.234808,-121.52182,,,,,A,NO PEDESTRIANS INVOLVED,,A,21651B,,1.0,N CAPITOL AV,WILLI,,,A,,,HOSTETTER RD,,,A,7/30/2024 6:26:36 PM,1/30/2025 9:47:48 AM,,,2,,,,,,,
2964323,2020-202050389,2,False,4313,7/23/2020 11:59:00 AM,1159,5,1368,4313,San Jose,43,True,True,B,SIDE SWIPE,,Thursday,,,F,,False,False,False,,G,BICYCLE,,1.0,0.0,CLEAR,, NO UNUSUAL CONDITIONS - NO UNUSUAL CONDITIONS,, ,A,DAYLIGHT,,,,,,,A,NO PEDESTRIANS INVOLVED,,A,22107,,1.0,BAILEY AV,YELLO,,,A,E,200.0,MONTEREY RD,F,,D,7/30/2024 6:26:32 PM,1/30/2025 9:47:48 AM,,,2,,,,,,,
2964319,2020-202040393,2,False,4313,7/22/2020 11:45:00 AM,1145,L1,1368,4313,San Jose,43,True,True,C,REAR END,,Wednesday,,,,,False,False,False,,C,OTHER MOTOR VEHICLE,,1.0,0.0,CLEAR,, NO UNUSUAL CONDITIONS - NO UNUSUAL CONDITIONS,, ,A,DAYLIGHT,,,,,,,A,NO PEDESTRIANS INVOLVED,,A,22350,,1.0,SENTER RD,WESTE,,,A,,,ALMA AV,,,A,7/30/2024 6:26:31 PM,1/30/2025 9:47:48 AM,,,2,,,,,,,
2964318,2020-202020906,2,False,4313,7/20/2020 8:30:00 PM,2030,L4,1368,4313,San Jose,43,True,True,G,VEHICLE/PEDESTRAIN,,Monday,,,,,False,False,False,,B,PEDESTRIAN,,1.0,0.0,CLEAR,, NO UNUSUAL CONDITIONS - NO UNUSUAL CONDITIONS,, ,B,DUSK-DAWN,,,,,,,B,CROSSING IN CROSS WALK AT INTERSECTION,,A,21456C,,1.0,MONTEREY RD,WESTE,,,A,,,TULLY RD,,,A,7/30/2024 6:26:31 PM,1/30/2025 9:47:48 AM,,,2,,,,,,,
2963981,2020-201880744,2,False,4313,7/6/2020 6:21:00 PM,1821,L2,1368,4313,San Jose,43,True,True,C,REAR END,,Monday,,,,,False,False,False,,C,OTHER MOTOR VEHICLE,,1.0,0.0,CLEAR,, NO UNUSUAL CONDITIONS - NO UNUSUAL CONDITIONS,, ,A,DAYLIGHT,,,,,,,A,NO PEDESTRIANS INVOLVED,,A,22350,,1.0,MCLAUGHLIN AV,WESTE,,,,,,STORY RD,,,A,7/30/2024 6:25:40 PM,1/30/2025 9:47:27 AM,,,2,,,,,,,
2963139,2020-201920342,2,False,4313,7/10/2020 10:36:00 AM,1036,F5,1368,4313,San Jose,43,True,True,,,,Friday,,,,,False,False,True,,C,OTHER MOTOR VEHICLE,,4.0,0.0,CLEAR,, NO UNUSUAL CONDITIONS - NO UNUSUAL CONDITIONS,, ,A,DAYLIGHT,,,,,,,A,NO PEDESTRIANS INVOLVED,,A,21453A,,1.0,AUZERAIS AV,WESTE,,,A,,,BIRD AV,,,A,7/30/2024 6:23:39 PM,1/30/2025 9:46:38 AM,,,2,,,,,,,
2963138,2020-201940885,2,False,4313,7/12/2020 7:13:00 PM,1913,P3,1368,4313,San Jose,43,True,True,B,SIDE SWIPE,,Sunday,,,,,False,True,True,,C,OTHER MOTOR VEHICLE,,1.0,0.0,CLEAR,, NO UNUSUAL CONDITIONS - NO UNUSUAL CONDITIONS,, ,A,DAYLIGHT,,,,,,,A,NO PEDESTRIANS INVOLVED,,A,22107,,1.0,E CAPITOL EXPWY,FOOTH,,,A,,,RT 101,,,D,7/30/2024 6:23:39 PM,1/30/2025 9:46:38 AM,,,2,,,,,,,
2963137,2020-202000185,2,False,4313,7/18/2020 5:17:00 AM,517,P2,1368,4313,San Jose,43,True,True,,,,Saturday,,,,,False,False,False,,I,FIXED OBJECT,,1.0,0.0,CLEAR,, NO UNUSUAL CONDITIONS - NO UNUSUAL CONDITIONS,, ,B,DUSK-DAWN,,,,,,,A,NO PEDESTRIANS INVOLVED,,A,22350,,1.0,FLINT AV,PAUL,,,,N,15.0,UTILITY POLE 26735,F,,D,7/30/2024 6:23:39 PM,1/30/2025 9:46:38 AM,,,2,,,,,,,
2963136,2020-202020091,2,False,4313,7/20/2020 2:55:00 AM,255,M5,1368,4313,San Jose,43,True,True,B,SIDE SWIPE,,Monday,,,F,,False,False,False,,G,BICYCLE,,1.0,0.0,CLEAR,, NO UNUSUAL CONDITIONS - NO UNUSUAL CONDITIONS,, ,C,DARK-STREET LIGHTS,,,,,,,A,NO PEDESTRIANS INVOLVED,,A,22350,,1.0,CAPITOL EXPWY,DM,,,A,,,S JACKSON AV,,,D,7/30/2024 6:23:39 PM,1/30/2025 9:46:38 AM,,,2,,,,,,,
2963135,2020-201970554,2,False,4313,7/15/2020 3:28:00 PM,1528,ONE,1368,4313,San Jose,43,True,True,D,BROADSIDE,,Wednesday,,,,,False,False,True,,C,OTHER MOTOR VEHICLE,,2.0,0.0,CLEAR,, NO UNUSUAL CONDITIONS - NO UNUSUAL CONDITIONS,, ,A,DAYLIGHT,,,,,,,A,NO PEDESTRIANS INVOLVED,,A,21453A,,1.0,E VIRGINIA ST,LINCO,,,A,E,23.0,3RD ST,F,,A,7/30/2024 6:23:38 PM,1/30/2025 9:46:38 AM,,,2,,,,,,,
2963112,2020-201940720,2,False,4313,7/12/2020 4:34:00 PM,1634,P6,1368,4313,San Jose,43,True,True,D,BROADSIDE,,Sunday,,,,,False,False,True,,C,OTHER MOTOR VEHICLE,,3.0,0.0,CLEAR,, NO UNUSUAL CONDITIONS - NO UNUSUAL CONDITIONS,, ,A,DAYLIGHT,,,,,,,A,NO PEDESTRIANS INVOLVED,,A,21804,,1.0,SILVER CREEK VALLEY RD,PAUL,,,A,,,BEL AIRE HILLS DR,,,D,7/30/2024 6:23:35 PM,1/30/2025 9:46:36 AM,,,2,,,,,,,
2963104,2020-201920501,2,False,4313,7/10/2020 2:25:00 PM,1425,S2,1368,4313,San Jose,43,True,True,A,HEAD-ON,,Friday,,,,,False,False,True,,D,MOTOR VEHICLE ON OTHER ROADWAY,,2.0,0.0,CLEAR,, NO UNUSUAL CONDITIONS - NO UNUSUAL CONDITIONS,, ,A,DAYLIGHT,37.18518,-121.552215,,,,,A,NO PEDESTRIANS INVOLVED,,A,21804,,1.0,LEIGH AV,WESTE,,,A,,,STOKES ST,,,D,7/30/2024 6:23:33 PM,1/30/2025 9:46:36 AM,,,2,,,,,,,
2963103,2020-201990859,2,False,4313,7/17/2020 9:06:00 PM,2106,F3,1368,4313,San Jose,43,True,True,C,REAR END,,Friday,,,,,False,False,True,,C,OTHER MOTOR VEHICLE,,2.0,0.0,CLEAR,, NO UNUSUAL CONDITIONS - NO UNUSUAL CONDITIONS,, ,C,DARK-STREET LIGHTS,,,,,,,A,NO PEDESTRIANS INVOLVED,,A,231235,,1.0,W SAN CARLOS ST,WESTE,,,A,W,419.0,N BASCOM AV,F,,D,7/30/2024 6:23:33 PM,1/30/2025 9:46:36 AM,,,2,,,,,,,
2963102,2020-201920842,2,False,4313,7/10/2020 8:21:00 PM,2021,X3,1368,4313,San Jose,43,True,True,G,VEHICLE/PEDESTRAIN,,Friday,,,,,False,False,False,,B,PEDESTRIAN,,2.0,0.0,CLEAR,, NO UNUSUAL CONDITIONS - NO UNUSUAL CONDITIONS,, ,B,DUSK-DAWN,37.17303,-121.485133,,,,,B,CROSSING IN CROSS WALK AT INTERSECTION,,A,21950A,,1.0,HELLYER AV,SOUTH,,,A,,,PALISADE DR,,,D,7/30/2024 6:23:33 PM,1/30/2025 9:46:36 AM,,,2,,,,,,,
2963101,2020-201970228,2,False,4313,7/15/2020 8:59:00 AM,859,2,1368,4313,San Jose,43,True,True,,,,Wednesday,,,,,False,False,True,,C,OTHER MOTOR VEHICLE,,1.0,0.0,CLEAR,, ,, ,A,DAYLIGHT,,,,,,,A,NO PEDESTRIANS INVOLVED,,A,22350,,1.0,STEVENS CREEK BL,FRANK,,,A,W,30.0,MONROE ST,F,,A,7/30/2024 6:23:33 PM,1/30/2025 9:46:36 AM,,,2,,,,,,,
2963100,2020-201980628,2,False,4313,7/16/2020 4:37:00 PM,1637,C5,1368,4313,San Jose,43,True,True,C,REAR END,,Thursday,,,,,False,False,False,,C,OTHER MOTOR VEHICLE,,1.0,0.0,CLEAR,, ,, ,A,DAYLIGHT,,,,,,,,,,A,22107,,1.0,OCALA AV,CHARL,,,A,,,S WHITE RD,,,A,7/30/2024 6:23:33 PM,1/30/2025 9:46:36 AM,,,2,,,,,,,
2963099,2020-201900149,2,False,4313,7/8/2020 7:01:00 AM,701,P1,1368,4313,San Jose,43,True,True,D,BROADSIDE,,Wednesday,,,,,False,True,True,,C,OTHER MOTOR VEHICLE,,2.0,0.0,CLEAR,, NO UNUSUAL CONDITIONS - NO UNUSUAL CONDITIONS,, ,A,DAYLIGHT,,,,,,,A,NO PEDESTRIANS INVOLVED,,A,21453A,,1.0,TULLY RD,FOOTH,,,A,,,RT 101,,,A,7/30/2024 6:23:32 PM,1/30/2025 9:46:36 AM,,,2,,,,,,,
2963098,2020-201990371,2,False,4313,7/17/2020 1:03:00 PM,1303,T2,1368,4313,San Jose,43,True,True,C,REAR END,,Friday,,,F,,False,False,False,,C,OTHER MOTOR VEHICLE,,1.0,0.0,CLEAR,, NO UNUSUAL CONDITIONS - NO UNUSUAL CONDITIONS,, ,A,DAYLIGHT,,,,,,,A,NO PEDESTRIANS INVOLVED,,A,22350,,1.0,HILLSDALE AV,SOUTH,,,A,,,LEIGH AV,,,A,7/30/2024 6:23:32 PM,1/30/2025 9:46:36 AM,,,2,,,,,,,
2963097,2020-202000085,2,False,4313,7/18/2020 1:05:00 AM,105,R3,1368,4313,San Jose,43,True,True,B,SIDE SWIPE,,Saturday,,,F,,False,False,True,,C,OTHER MOTOR VEHICLE,,3.0,0.0,CLEAR,, NO UNUSUAL CONDITIONS - NO UNUSUAL CONDITIONS,, ,C,DARK-STREET LIGHTS,,,,,,,A,NO PEDESTRIANS INVOLVED,,A,23107,,1.0,E BROKAW RD,CENTR,,,A,,,JUNCTION AV,,,A,7/30/2024 6:23:32 PM,1/30/2025 9:46:35 AM,,,2,,,,,,,
2961691,2020-201840546,2,False,4313,7/2/2020 2:44:00 PM,1444,N3,1368,4313,San Jose,43,True,True,B,SIDE SWIPE,,Thursday,,,,,False,False,False,,B,PEDESTRIAN,,1.0,0.0,CLEAR,, NO UNUSUAL CONDITIONS - NO UNUSUAL CONDITIONS,, ,A,DAYLIGHT,37.183455,-121.594566,,,,,B,CROSSING IN CROSS WALK AT INTERSECTION,,A,21456B,,1.0,MOORPARK AV,NORA,,,A,,,LAWRENCE EXPWY,,,A,7/30/2024 6:20:11 PM,1/30/2025 9:45:13 AM,,,2,,,,,,,
2961690,2020-201850425,2,False,4313,7/3/2020 1:32:00 PM,1332,C5,1368,4313,San Jose,43,True,True,C,REAR END,,Friday,,,,,False,False,True,,C,OTHER MOTOR VEHICLE,,3.0,0.0,CLEAR,, NO UNUSUAL CONDITIONS - NO UNUSUAL CONDITIONS,, ,A,DAYLIGHT,37.21303,-121.493708,,,,,A,NO PEDESTRIANS INVOLVED,,A,21703,,1.0,E CAPITOL EXPWY,CHARL,,,A,,,STORY RD,,,D,7/30/2024 6:20:11 PM,1/30/2025 9:45:13 AM,,,2,,,,,,,
2961689,2020-201850268,2,False,4313,7/3/2020 9:50:00 AM,950,L4,1368,4313,San Jose,43,True,True,D,BROADSIDE,,Friday,,,,,False,False,True,,C,OTHER MOTOR VEHICLE,,1.0,0.0,CLEAR,, NO UNUSUAL CONDITIONS - NO UNUSUAL CONDITIONS,, ,A,DAYLIGHT,,,,,,,A,NO PEDESTRIANS INVOLVED,,A,22350,,1.0,MONTEREY RD,CENTR,,,A,,,SAN JOSE AV,,,A,7/30/2024 6:20:11 PM,1/30/2025 9:45:13 AM,,,2,,,,,,,
2961688,2020-201830781,2,False,4313,7/1/2020 7:59:00 PM,1959,N2,1368,4313,San Jose,43,True,True,D,BROADSIDE,,Wednesday,,,,,False,False,True,,C,OTHER MOTOR VEHICLE,,2.0,0.0,CLEAR,, NO UNUSUAL CONDITIONS - NO UNUSUAL CONDITIONS,, ,B,DUSK-DAWN,,,,,,,A,NO PEDESTRIANS INVOLVED,,A,21804A,,1.0,STEVENS CREEK BL,WESTE,,,A,W,65.0,SERENA WY,F,,D,7/30/2024 6:20:11 PM,1/30/2025 9:45:13 AM,,,2,,,,,,,
2961687,2020-201850256,2,False,4313,7/3/2020 9:21:00 AM,921,N3,1368,4313,San Jose,43,True,True,,,,Friday,,,,,False,False,False,,,,,1.0,0.0,CLEAR,, NO UNUSUAL CONDITIONS - NO UNUSUAL CONDITIONS,, ,A,DAYLIGHT,,,,,,,A,NO PEDESTRIANS INVOLVED,,A,21453A,,1.0,SARATOGA AV,NORA,,,A,,,SAN TOMAS AQUINO RD,,,A,7/30/2024 6:20:11 PM,1/30/2025 9:45:13 AM,,,2,,,,,,,
2961686,2020-201830733,2,False,4313,7/1/2020 7:38:00 PM,1938,P1,1368,4313,San Jose,43,True,True,D,BROADSIDE,,Wednesday,,,,,False,False,True,,C,OTHER MOTOR VEHICLE,,1.0,0.0,CLEAR,, NO UNUSUAL CONDITIONS - NO UNUSUAL CONDITIONS,, ,A,DAYLIGHT,,,,,,,A,NO PEDESTRIANS INVOLVED,,A,21804A,,1.0,FONTAINE DR,FOOT,,,A,N,327.0,TIERRA BUENA DR,F,,D,7/30/2024 6:20:11 PM,1/30/2025 9:45:13 AM,,,2,,,,,,,
2961685,2020-201830474,2,False,4313,7/1/2020 2:35:00 PM,1435,T2,1368,4313,San Jose,43,True,True,G,VEHICLE/PEDESTRAIN,,Wednesday,,,,,False,False,False,,B,PEDESTRIAN,,1.0,0.0,CLEAR,, NO UNUSUAL CONDITIONS - NO UNUSUAL CONDITIONS,, ,A,DAYLIGHT,,,,,,,,,,D,,,,KOCH  ,SOUTH,,,A,,,BRIARWOOD DR,,,A,7/30/2024 6:20:10 PM,1/30/2025 9:45:13 AM,,,2,,,,,,,
2961684,2020-201940684,2,False,4313,7/12/2020 3:55:00 PM,1555,4,1368,4313,San Jose,43,True,True,B,SIDE SWIPE,,Sunday,,,F,,False,False,False,,C,OTHER MOTOR VEHICLE,,2.0,0.0,CLEAR,, NO UNUSUAL CONDITIONS - NO UNUSUAL CONDITIONS,, ,A,DAYLIGHT,,,,,,,A,NO PEDESTRIANS INVOLVED,,A,22107,,,MERIDIAN AV,SAM,,,A,,,HAMILTON AV,,,A,7/30/2024 6:20:10 PM,1/30/2025 9:45:13 AM,,,2,,,,,,,
2961656,2020-201960721,2,False,4313,7/14/2020 6:49:00 PM,1849,T1,1368,4313,San Jose,43,True,True,B,SIDE SWIPE,,Tuesday,,,F,,False,False,False,,G,BICYCLE,,1.0,0.0,CLEAR,, NO UNUSUAL CONDITIONS - NO UNUSUAL CONDITIONS,, ,A,DAYLIGHT,,,,,,,A,NO PEDESTRIANS INVOLVED,,A,21658A,,1.0,UNION AV,TOM,,,A,,,FOXWORTHY AV,,,D,7/30/2024 6:20:06 PM,1/30/2025 9:45:11 AM,,,2,,,,,,,
2961655,2020-201941040,2,False,4313,7/12/2020 9:30:00 PM,2130,Y3,1368,4313,San Jose,43,True,True,A,HEAD-ON,,Sunday,,,,,False,False,True,,D,MOTOR VEHICLE ON OTHER ROADWAY,,4.0,0.0,CLEAR,, NO UNUSUAL CONDITIONS - NO UNUSUAL CONDITIONS,, ,C,DARK-STREET LIGHTS,37.15535,-121.481434,,,,,A,NO PEDESTRIANS INVOLVED,,A,21651A,,1.0,COTTLE RD,YELLO,,,A,,,POUGHKEEPSIE RD,,,D,7/30/2024 6:20:05 PM,1/30/2025 9:45:11 AM,,,2,,,,,,,
2961654,2020-201880455,2,False,4313,7/6/2020 1:34:00 PM,1334,Y3,1368,4313,San Jose,43,True,True,D,BROADSIDE,,Monday,,,,,False,False,False,,C,OTHER MOTOR VEHICLE,,1.0,0.0,CLEAR,, NO UNUSUAL CONDITIONS - NO UNUSUAL CONDITIONS,, ,A,DAYLIGHT,,,,,,,A,NO PEDESTRIANS INVOLVED,,A,21453B,,1.0,GREAT OAKS PK,DY,,,A,,,CHARLOTTE DR  ,,,A,7/30/2024 6:20:05 PM,1/30/2025 9:45:11 AM,,,2,,,,,,,
2961653,2020-201860130,2,False,4313,7/4/2020 1:35:00 AM,135,C2,1368,4313,San Jose,43,True,True,A,HEAD-ON,,Saturday,,,,,False,False,True,,C,OTHER MOTOR VEHICLE,,3.0,0.0,CLEAR,, NO UNUSUAL CONDITIONS - NO UNUSUAL CONDITIONS,, ,C,DARK-STREET LIGHTS,,,,,,,A,NO PEDESTRIANS INVOLVED,,A,21453C,,1.0,TULLY RD,DC,,,A,,,KING RD,,,A,7/30/2024 6:20:05 PM,1/30/2025 9:45:11 AM,,,2,,,,,,,
2961374,2020-201710678,2,False,4313,6/19/2020 6:31:00 PM,1831,C4,1368,4313,San Jose,43,True,True,D,BROADSIDE,,Friday,,,,,False,False,True,,C,OTHER MOTOR VEHICLE,,1.0,0.0,CLEAR,, NO UNUSUAL CONDITIONS - NO UNUSUAL CONDITIONS,, ,A,DAYLIGHT,,,,,,,A,NO PEDESTRIANS INVOLVED,,A,21453A,,1.0,CAPITOL EXPWY,FOOTH,,,A,N,3.0,CUNNINGHAM AV,F,,A,7/30/2024 6:19:28 PM,1/30/2025 9:44:53 AM,,,2,,,,,,,
2961081,2020-201680145,2,False,4313,6/16/2020 6:50:00 AM,650,4,1368,4313,San Jose,43,True,True,C,REAR END,,Tuesday,,,,,False,False,False,,C,OTHER MOTOR VEHICLE,,1.0,0.0,CLEAR,, NO UNUSUAL CONDITIONS - NO UNUSUAL CONDITIONS,, ,A,DAYLIGHT,,,,,,,A,NO PEDESTRIANS INVOLVED,,A,22350,,1.0,MONTEREY RD,LINCO,,,A,,,MONTECITO VISTA DR,,,,7/30/2024 6:18:46 PM,1/30/2025 9:44:37 AM,,,2,,,,,,,
2961077,2020-201620914,2,False,4313,6/10/2020 9:02:00 PM,2102,M2,1368,4313,San Jose,43,True,True,D,BROADSIDE,,Wednesday,,,,,False,True,True,,C,OTHER MOTOR VEHICLE,,1.0,0.0,CLEAR,, NO UNUSUAL CONDITIONS - NO UNUSUAL CONDITIONS,, ,C,DARK-STREET LIGHTS,,,,,,,A,NO PEDESTRIANS INVOLVED,,A,21453C,,1.0,MCKEE RD,FOOTH,,,A,,,N JACKSON AVE,,,A,7/30/2024 6:18:46 PM,1/30/2025 9:44:36 AM,,,2,,,,,,,
2961041,2020-201760932,2,False,4313,6/24/2020 10:42:00 PM,2242,M3,1368,4313,San Jose,43,True,True,,,,Wednesday,,,,,False,True,True,,I,FIXED OBJECT,,1.0,0.0,CLEAR,, NO UNUSUAL CONDITIONS - NO UNUSUAL CONDITIONS,, ,C,DARK-STREET LIGHTS,,,,,,,A,NO PEDESTRIANS INVOLVED,,A,22350,,1.0,MCKEE RD,FOOTH,,,A,,,RT 101,,,A,7/30/2024 6:18:40 PM,1/30/2025 9:44:34 AM,,,2,,,,,,,
2960134,2020-201970674,2,False,4313,7/15/2020 5:36:00 PM,1736,3,1368,4313,San Jose,43,True,True,,,,Wednesday,,,,,False,False,False,,C,OTHER MOTOR VEHICLE,,1.0,0.0,CLEAR,, NO UNUSUAL CONDITIONS - NO UNUSUAL CONDITIONS,, ,A,DAYLIGHT,37.212907,-121.513861,,,,,,,,A,22107,,1.0,N KING RD,MARY,,,A,N,21.0,MCKEE RD,F,,A,7/30/2024 6:16:35 PM,1/30/2025 9:43:42 AM,,,2,,,,,,,
2959174,2020-201680914,2,False,4313,6/16/2020 10:49:00 PM,2249,W4,1368,4313,San Jose,43,True,True,A,HEAD-ON,,Tuesday,,,,,False,False,True,,C,OTHER MOTOR VEHICLE,,1.0,0.0,CLEAR,, NO UNUSUAL CONDITIONS - NO UNUSUAL CONDITIONS,, ,C,DARK-STREET LIGHTS,,,,,,,A,NO PEDESTRIANS INVOLVED,,A,22350,,1.0,MCKEE RD,DW,,,A,,,N WHITE  RD,,,A,7/30/2024 6:14:25 PM,1/30/2025 9:42:44 AM,,,2,,,,,,,
2959169,2020-201820595,2,False,4313,6/30/2020 4:33:00 PM,1633,R2,1368,4313,San Jose,43,True,True,C,REAR END,,Tuesday,,,,,False,False,False,,C,OTHER MOTOR VEHICLE,,1.0,0.0,CLEAR,, NO UNUSUAL CONDITIONS - NO UNUSUAL CONDITIONS,, ,A,DAYLIGHT,,,,,,,A,NO PEDESTRIANS INVOLVED,,A,22350,,1.0,CROPLEY AV,DR,,,A,,,LAKEWOOD DR,,,A,7/30/2024 6:14:24 PM,1/30/2025 9:42:44 AM,,,2,,,,,,,
2959165,2020-201820148,2,False,4313,6/30/2020 7:04:00 AM,704,Y4,1368,4313,San Jose,43,True,True,G,VEHICLE/PEDESTRAIN,,Tuesday,,,,,False,False,False,,B,PEDESTRIAN,,1.0,0.0,CLEAR,, NO UNUSUAL CONDITIONS - NO UNUSUAL CONDITIONS,, ,A,DAYLIGHT,,,,,,,,,,A,21950,,1.0,GREAT OAKS PKWY,SOUTH,,,A,,,GREAT OAKS PKWY 5601,,,D,7/30/2024 6:14:24 PM,1/30/2025 9:42:44 AM,,,2,,,,,,,
2959163,2020-201770531,2,False,4313,6/25/2020 2:27:00 PM,1427,V2,1368,4313,San Jose,43,True,True,C,REAR END,,Thursday,,,,,False,False,False,,C,OTHER MOTOR VEHICLE,,2.0,0.0,CLEAR,, ,, ,A,DAYLIGHT,,,,,,,A,NO PEDESTRIANS INVOLVED,,A,22350,,1.0,E HEDDING ST,CENTR,,,A,W,12.0,N 14TH  ST,F,,D,7/30/2024 6:14:24 PM,1/30/2025 9:42:44 AM,,,2,,,,,,,
2959158,2020-201710333,2,False,4313,6/19/2020 11:51:00 AM,1151,R5,1368,4313,San Jose,43,True,True,C,REAR END,,Friday,,,,,False,False,True,,E,PARKED MOTOR VEHICLE,,1.0,0.0,CLEAR,, NO UNUSUAL CONDITIONS - NO UNUSUAL CONDITIONS,, ,A,DAYLIGHT,37.22504,-121.523303,,,,,A,NO PEDESTRIANS INVOLVED,,A,22106,,1.0,SAGELAND DR,ROBER,,,A,,,MOSSLAND DR,,,D,7/30/2024 6:14:23 PM,1/30/2025 9:42:42 AM,,,2,,,,,,,
2959154,2020-201820640,2,False,4313,6/30/2020 5:00:00 PM,1700,L4,1368,4313,San Jose,43,True,True,D,BROADSIDE,,Tuesday,,,,,False,False,False,,G,BICYCLE,,1.0,0.0,CLEAR,, NO UNUSUAL CONDITIONS - NO UNUSUAL CONDITIONS,, ,A,DAYLIGHT,,,,,,,A,NO PEDESTRIANS INVOLVED,,A,22107,,1.0,LITTLE ORCHARD ST,L,,,A,,,CIMINO ST,,,A,7/30/2024 6:14:22 PM,1/30/2025 9:42:42 AM,,,2,,,,,,,
2959151,2020-201800903,2,False,4313,6/28/2020 7:56:00 PM,1956,3,1368,4313,San Jose,43,True,True,G,VEHICLE/PEDESTRAIN,,Sunday,,,F,,False,False,False,,B,PEDESTRIAN,,1.0,0.0,CLEAR,, NO UNUSUAL CONDITIONS - NO UNUSUAL CONDITIONS,, ,A,DAYLIGHT,,,,,,,B,CROSSING IN CROSS WALK AT INTERSECTION,,A,21950,,1.0,N 33RD ST,MARY,,,A,,,ALUM ROCK AV,,,A,7/30/2024 6:14:22 PM,1/30/2025 9:42:42 AM,,,2,,,,,,,