Collision Id,	Report Number,	Report Version,	Is Preliminary,	NCIC Code,Crash Date Time,	Crash Time Description,	Beat,City Id,	City Code,	City Name,County Code,	City Is Active,	City Is Incorporated,	Collision Type Code,Collision Type Description,	Collision Type Other Desc,	Day Of Week,	DispatchNotified,	HasPhotographs,	HitRun,	IsAttachmentsMailed,	IsDeleted,	IsHighwayRelated,	IsTowAway,	JudicialDistrict,	MotorVehicleInvolvedWithCode,	MotorVehicleInvolvedWithDesc,MotorVehicleInvolvedWithOtherDesc,	NumberInjured,	NumberKilled,Weather 1, Weather 2, Road Condition 1, Road Condition 2, Special Condition,LightingCode, LightingDescription,Latitude,Longitude,MilepostDirection,MilepostDistance,MilepostMarker,MilepostUnitOfMeasure,	PedestrianActionCode,PedestrianActionDesc,PreparedDate,	Primary Collision Factor Code,Primary Collision Factor Violation,PrimaryCollisionFactorIsCited,	PrimaryCollisionPartyNumber,	PrimaryRoad,	ReportingDistrict,	ReportingDistrictCode,ReviewedDate,	RoadwaySurfaceCode,SecondaryDirection,	SecondaryDistance,	SecondaryRoad,	SecondaryUnitOfMeasure,	SketchDesc,	TrafficControlDeviceCode,CreatedDate,	ModifiedDate,IsCountyRoad,IsFreeway,CHP555Version,	IsAdditonalObjectStruck,NotificationDate,	NotificationTimeDescription,	HasDigitalMediaFiles,	EvidenceNumber,	IsLocationReferToNarrative,	IsAOIOneSameAsLocation
2959146,2020-201820898,2,False,4313,6/30/2020 9:32:00 PM,2132,X1,1368,4313,San Jose,43,True,True,C,REAR END,,Tuesday,,,,,False,False,False,,C,OTHER MOTOR VEHICLE,,1.0,0.0,CLEAR,, NO UNUSUAL CONDITIONS - NO UNUSUAL CONDITIONS,, ,C,DARK-STREET LIGHTS,,,,,,,A,NO PEDESTRIANS INVOLVED,,A,22450A,,1.0,VISTAPARK DR,SOUTH,,,A,,,BLUEFIELD DR,,,A,7/30/2024 6:14:21 PM,1/30/2025 9:42:41 AM,,,2,,,,,,,
2959138,2020-201680275,2,False,4313,6/16/2020 10:16:00 AM,1016,P5,1368,4313,San Jose,43,True,True,G,VEHICLE/PEDESTRAIN,,Tuesday,,,,,False,False,False,,B,PEDESTRIAN,,1.0,0.0,CLEAR,, NO UNUSUAL CONDITIONS - NO UNUSUAL CONDITIONS,, ,A,DAYLIGHT,,,,,,,B,CROSSING IN CROSS WALK AT INTERSECTION,,A,21950,,1.0,RUBY AV,DP,,,,,,DELTA RD,,,,7/30/2024 6:14:20 PM,1/30/2025 9:42:41 AM,,,2,,,,,,,
2958973,2020-201850547,2,False,4313,7/3/2020 3:45:00 PM,1545,LINCOL,1368,4313,San Jose,43,True,True,B,SIDE SWIPE,,Friday,,,,,False,False,False,,C,OTHER MOTOR VEHICLE,,1.0,0.0,CLEAR,, NO UNUSUAL CONDITIONS - NO UNUSUAL CONDITIONS,, ,A,DAYLIGHT,,,,,,,A,NO PEDESTRIANS INVOLVED,,A,22107,,1.0,S 7TH ST,WESTE,,,A,,,TULLY RD,,,A,7/30/2024 6:13:59 PM,1/30/2025 9:42:31 AM,,,2,,,,,,,
2958972,2020-201860655,2,False,4313,7/4/2020 4:48:00 PM,1648,W4,1368,4313,San Jose,43,True,True,C,REAR END,,Saturday,,,,,False,False,False,,C,OTHER MOTOR VEHICLE,,1.0,0.0,CLEAR,, NO UNUSUAL CONDITIONS - NO UNUSUAL CONDITIONS,, ,A,DAYLIGHT,,,,,,,A,NO PEDESTRIANS INVOLVED,,A,22350,,1.0,ALUM ROCK AV,WILLI,,,A,,,STEWART AV,,,A,7/30/2024 6:13:59 PM,1/30/2025 9:42:31 AM,,,2,,,,,,,
2958971,2020-201830776,2,False,4313,7/1/2020 7:55:00 PM,1955,R5,1368,4313,San Jose,43,True,True,C,REAR END,,Wednesday,,,,,False,False,True,,C,OTHER MOTOR VEHICLE,,2.0,0.0,CLEAR,, NO UNUSUAL CONDITIONS - NO UNUSUAL CONDITIONS,, ,A,DAYLIGHT,,,,,,,A,NO PEDESTRIANS INVOLVED,,A,22350,,1.0,BERRYESSA,ROBER,,,A,,,FLICKINGER,,,A,7/30/2024 6:13:59 PM,1/30/2025 9:42:31 AM,,,2,,,,,,,
2958970,2020-201840289,2,False,4313,7/2/2020 10:03:00 AM,1003,4,1368,4313,San Jose,43,True,True,B,SIDE SWIPE,,Thursday,,,,,False,False,True,,C,OTHER MOTOR VEHICLE,,2.0,0.0,CLEAR,, NO UNUSUAL CONDITIONS - NO UNUSUAL CONDITIONS,, ,A,DAYLIGHT,,,,,,,A,NO PEDESTRIANS INVOLVED,,A,22107,,1.0,GREAT OAKS PKWY,YELLO,,,A,,,RALEIGH RD,,,D,7/30/2024 6:13:59 PM,1/30/2025 9:42:31 AM,,,2,,,,,,,
2958969,2020-201831003,2,False,4313,7/1/2020 11:56:00 PM,2356,3,1368,4313,San Jose,43,True,True,D,BROADSIDE,,Wednesday,,,F,,False,True,True,,C,OTHER MOTOR VEHICLE,,1.0,0.0,CLEAR,, NO UNUSUAL CONDITIONS - NO UNUSUAL CONDITIONS,, ,C,DARK-STREET LIGHTS,,,,,,,A,NO PEDESTRIANS INVOLVED,,A,21453A,,1.0,MCKEE RD,MARY,,,A,,,RT 101,,,A,7/30/2024 6:13:58 PM,1/30/2025 9:42:31 AM,,,2,,,,,,,
2958917,2020-201830429,2,False,4313,7/1/2020 1:31:00 PM,1331,A3,1368,4313,San Jose,43,True,True,D,BROADSIDE,,Wednesday,,,,,False,False,True,,C,OTHER MOTOR VEHICLE,,1.0,0.0,CLEAR,, NO UNUSUAL CONDITIONS - NO UNUSUAL CONDITIONS,, ,A,DAYLIGHT,,,,,,,A,NO PEDESTRIANS INVOLVED,,A,22350,,1.0,CHERRY AV,4313,,,A,,,RUSSO DR,,,D,7/30/2024 6:13:51 PM,1/30/2025 9:42:28 AM,,,2,,,,,,,
2958852,2020-201680429,2,False,4313,6/16/2020 12:55:00 PM,1255,1,1368,4313,San Jose,43,True,True,C,REAR END,,Tuesday,,,,,False,False,True,,C,OTHER MOTOR VEHICLE,,1.0,0.0,CLEAR,, NO UNUSUAL CONDITIONS - NO UNUSUAL CONDITIONS,, ,A,DAYLIGHT,,,,,,,A,NO PEDESTRIANS INVOLVED,,A,22350,,1.0,MONTAGUE EXPWY,,,,A,,,N 1ST ST,,,A,7/30/2024 6:13:42 PM,1/30/2025 9:42:24 AM,,,2,,,,,,,
2958792,2020-201740400,2,False,4313,6/22/2020 1:36:00 PM,1336,T5,1368,4313,San Jose,43,True,True,B,SIDE SWIPE,,Monday,,,,,False,False,True,,C,OTHER MOTOR VEHICLE,,1.0,0.0,CLEAR,, NO UNUSUAL CONDITIONS - NO UNUSUAL CONDITIONS,, ,A,DAYLIGHT,,,,,,,A,NO PEDESTRIANS INVOLVED,,A,26453,,1.0,CAPITOL EXPWY,DISTR,,,A,,,PEARL AV,,,A,7/30/2024 6:13:35 PM,1/30/2025 9:42:21 AM,,,2,,,,,,,
2958590,2020-201670601,2,False,4313,6/15/2020 3:10:00 PM,1510,X1,1368,4313,San Jose,43,True,True,A,HEAD-ON,,Monday,,,,,False,False,True,,E,PARKED MOTOR VEHICLE,,1.0,0.0,CLEAR,, NO UNUSUAL CONDITIONS - NO UNUSUAL CONDITIONS,, ,A,DAYLIGHT,37.155714,-121.504752,,,,,A,NO PEDESTRIANS INVOLVED,,A,22350,,1.0,VISTAPARK DR,SOUTH,,,A,,,BRANHAM LN,,,D,7/30/2024 6:13:05 PM,1/30/2025 9:42:09 AM,,,2,,,,,,,
2958566,2020-201811027,2,False,4313,6/29/2020 10:06:00 PM,2206,R2,1368,4313,San Jose,43,True,True,C,REAR END,,Monday,,,F,,False,False,False,,C,OTHER MOTOR VEHICLE,,3.0,0.0,CLEAR,, NO UNUSUAL CONDITIONS - NO UNUSUAL CONDITIONS,, ,C,DARK-STREET LIGHTS,,,,,,,A,NO PEDESTRIANS INVOLVED,,A,22452A,,1.0,BROKAW RD,ROBER,,,A,,,OAKLAND RD,,,A,7/30/2024 6:13:01 PM,1/30/2025 9:42:08 AM,,,2,,,,,,,
2958565,2020-201670435,2,False,4313,6/15/2020 12:15:00 PM,1215,R5,1368,4313,San Jose,43,True,True,D,BROADSIDE,,Monday,,,,,False,True,False,,C,OTHER MOTOR VEHICLE,,1.0,0.0,CLEAR,, NO UNUSUAL CONDITIONS - NO UNUSUAL CONDITIONS,, ,A,DAYLIGHT,37.2352,-121.514482,,,,,A,NO PEDESTRIANS INVOLVED,,A,22350,,1.0,RT 680,CENTR,,,A,,,BERRYESSA RD,,,D,7/30/2024 6:13:01 PM,1/30/2025 9:42:08 AM,,,2,,,,,,,
2958564,2020-201650870,2,False,4313,6/13/2020 9:46:00 PM,2146,T3,1368,4313,San Jose,43,True,True,A,HEAD-ON,,Saturday,,,,,False,False,True,,C,OTHER MOTOR VEHICLE,,2.0,0.0,CLEAR,, NO UNUSUAL CONDITIONS - NO UNUSUAL CONDITIONS,, ,C,DARK-STREET LIGHTS,,,,,,,A,NO PEDESTRIANS INVOLVED,,D,,,,CURTNER AV,DT,,,A,,,CANOAS GARDEN AV,,,,7/30/2024 6:13:01 PM,1/30/2025 9:42:08 AM,,,2,,,,,,,
2958563,2020-201710344,2,False,4313,6/19/2020 12:06:00 PM,1206,L3,1368,4313,San Jose,43,True,True,D,BROADSIDE,,Friday,,,,,False,False,True,,C,OTHER MOTOR VEHICLE,,2.0,0.0,CLEAR,, NO UNUSUAL CONDITIONS - NO UNUSUAL CONDITIONS,, ,A,DAYLIGHT,,,,,,,A,NO PEDESTRIANS INVOLVED,,D,,,1.0,S 10TH ST,LINCO,,,A,,,PARROTT ST,,,A,7/30/2024 6:13:01 PM,1/30/2025 9:42:07 AM,,,2,,,,,,,
2958562,2020-201670838,2,False,4313,6/15/2020 7:29:00 PM,1929,DC,1368,4313,San Jose,43,True,True,D,BROADSIDE,,Monday,,,,,False,False,True,,C,OTHER MOTOR VEHICLE,,1.0,0.0,CLEAR,, NO UNUSUAL CONDITIONS - NO UNUSUAL CONDITIONS,, ,A,DAYLIGHT,,,,,,,A,NO PEDESTRIANS INVOLVED,,A,22107,,1.0,TULLY RD,FOOTH,,,A,E,24.0,LANAI AV,F,,A,7/30/2024 6:13:01 PM,1/30/2025 9:42:07 AM,,,2,,,,,,,
2958561,2020-201700538,2,False,4313,6/18/2020 4:38:00 PM,1638,X3,1368,4313,San Jose,43,True,True,D,BROADSIDE,,Thursday,,,,,False,False,True,,C,OTHER MOTOR VEHICLE,,4.0,0.0,CLEAR,, NO UNUSUAL CONDITIONS - NO UNUSUAL CONDITIONS,, ,A,DAYLIGHT,37.16293,-121.491889,,,,,A,NO PEDESTRIANS INVOLVED,,A,21453A,,1.0,MONTEREY RD,XRAY,,,A,,,BRANHAM LN,,,A,7/30/2024 6:13:00 PM,1/30/2025 9:42:07 AM,,,2,,,,,,,
2958560,2020-201680380,2,False,4313,6/16/2020 12:05:00 PM,1205,M5,1368,4313,San Jose,43,True,True,,,,Tuesday,,,,,False,False,True,,C,OTHER MOTOR VEHICLE,,1.0,0.0,CLEAR,, NO UNUSUAL CONDITIONS - NO UNUSUAL CONDITIONS,, ,A,DAYLIGHT,,,,,,,A,NO PEDESTRIANS INVOLVED,,A,21801A,,1.0,ALUM ROCK AV,FOOTH,,,A,,,RT 680,,,A,7/30/2024 6:13:00 PM,1/30/2025 9:42:07 AM,,,2,,,,,,,
2958559,2020-201620825,2,False,4313,6/10/2020 7:39:00 PM,1939,Y3,1368,4313,San Jose,43,True,True,B,SIDE SWIPE,,Wednesday,,,,,False,False,False,,G,BICYCLE,,1.0,0.0,CLEAR,, NO UNUSUAL CONDITIONS - NO UNUSUAL CONDITIONS,, ,A,DAYLIGHT,,,,,,,A,NO PEDESTRIANS INVOLVED,,A,21453,,1.0,BLOSSOM HILL RD,DY,,,A,,,SNELL AV,,,,7/30/2024 6:13:00 PM,1/30/2025 9:42:07 AM,,,2,,,,,,,
2958558,2020-201720393,2,False,4313,6/20/2020 11:22:00 AM,1122,N4,1368,4313,San Jose,43,True,True,D,BROADSIDE,,Saturday,,,,,False,False,True,,C,OTHER MOTOR VEHICLE,,2.0,0.0,CLEAR,, NO UNUSUAL CONDITIONS - NO UNUSUAL CONDITIONS,, ,A,DAYLIGHT,37.18341,-121.583197,,,,,A,NO PEDESTRIANS INVOLVED,,A,21801A,,1.0,FLORA AV,WESTE,,,A,S,45.0,PAYNE AV,F,,A,7/30/2024 6:13:00 PM,1/30/2025 9:42:07 AM,,,2,,,,,,,
2958557,2020-201680623,2,False,4313,6/16/2020 4:57:00 PM,1657,F2,1368,4313,San Jose,43,True,True,C,REAR END,,Tuesday,,,,,False,True,True,,C,OTHER MOTOR VEHICLE,,1.0,0.0,CLEAR,, NO UNUSUAL CONDITIONS - NO UNUSUAL CONDITIONS,, ,A,DAYLIGHT,,,,,,,A,NO PEDESTRIANS INVOLVED,,A,22350,,1.0,COLEMAN AV,DF,,,A,,,RT 880,,,A,7/30/2024 6:13:00 PM,1/30/2025 9:42:07 AM,,,2,,,,,,,
2958556,2020-201650160,2,False,4313,6/13/2020 5:25:00 AM,525,S2,1368,4313,San Jose,43,True,True,A,HEAD-ON,,Saturday,,,,,False,False,True,,I,FIXED OBJECT,,1.0,0.0,CLEAR,, NO UNUSUAL CONDITIONS - NO UNUSUAL CONDITIONS,, ,A,DAYLIGHT,,,,,,,A,NO PEDESTRIANS INVOLVED,,A,22107,,1.0,MERIDIAN AV,WESTE,,,A,,,BLACKFORD LN,,,D,7/30/2024 6:13:00 PM,1/30/2025 9:42:07 AM,,,2,,,,,,,
2958555,2020-201590667,2,False,4313,6/17/2020 5:45:00 PM,1745,C4,1368,4313,San Jose,43,True,True,D,BROADSIDE,,Wednesday,,,,,False,False,True,,C,OTHER MOTOR VEHICLE,,1.0,0.0,CLEAR,, NO UNUSUAL CONDITIONS - NO UNUSUAL CONDITIONS,, ,A,DAYLIGHT,,,,,,,A,NO PEDESTRIANS INVOLVED,,A,21453A,,,CAPITOL EXPWY,FOOTH,,,A,,,STORY RD,,,,7/30/2024 6:12:59 PM,1/30/2025 9:42:07 AM,,,2,,,,,,,
2958554,2020-201800467,2,False,4313,6/28/2020 12:20:00 PM,1220,A1,1368,4313,San Jose,43,True,True,D,BROADSIDE,,Sunday,,,,,False,True,True,,C,OTHER MOTOR VEHICLE,,2.0,0.0,CLEAR,, NO UNUSUAL CONDITIONS - NO UNUSUAL CONDITIONS,, ,A,DAYLIGHT,,,,,,,A,NO PEDESTRIANS INVOLVED,,A,221005,,1.0,UNION AV,ADAM,,,A,S,75.0,RT 85,F,,A,7/30/2024 6:12:59 PM,1/30/2025 9:42:07 AM,,,2,,,,,,,
2958553,2020-201790893,2,False,4313,6/27/2020 9:48:00 PM,2148,1,1368,4313,San Jose,43,True,True,G,VEHICLE/PEDESTRAIN,,Saturday,,,,,False,False,False,,B,PEDESTRIAN,,1.0,0.0,CLEAR,, NO UNUSUAL CONDITIONS - NO UNUSUAL CONDITIONS,, ,C,DARK-STREET LIGHTS,,,,,,,B,CROSSING IN CROSS WALK AT INTERSECTION,,A,21950A,,1.0,SOUTHWEST EXPWY,S,,,A,,,LEIGH AV,,,A,7/30/2024 6:12:59 PM,1/30/2025 9:42:07 AM,,,2,,,,,,,
2958552,2020-201790544,2,False,4313,6/27/2020 3:30:00 PM,1530,L1,1368,4313,San Jose,43,True,True,D,BROADSIDE,,Saturday,,,F,,False,False,True,,C,OTHER MOTOR VEHICLE,,4.0,0.0,CLEAR,, ,, ,A,DAYLIGHT,37.193751,-121.523048,,,,,A,NO PEDESTRIANS INVOLVED,,A,21453A,,1.0,E VIRGINIA ST,LINCO,,,,,,S 7TH ST,,,A,7/30/2024 6:12:59 PM,1/30/2025 9:42:07 AM,,,2,,,,,,,
2958551,2020-201580173,2,False,4313,6/5/2020 3:00:00 PM,1500,V2,1368,4313,San Jose,43,True,True,G,VEHICLE/PEDESTRAIN,,Friday,,,M,,False,False,False,,B,PEDESTRIAN,,1.0,0.0,CLEAR,, NO UNUSUAL CONDITIONS - NO UNUSUAL CONDITIONS,, ,A,DAYLIGHT,,,,,,,,,,C,,,,MODERN ICE DR,CENTR,,,A,,,MODERN ICE DR 789,,,,7/30/2024 6:12:59 PM,1/30/2025 9:42:07 AM,,,2,,,,,,,
2958550,2020-201800483,2,False,4313,6/28/2020 12:40:00 PM,1240,A4,1368,4313,San Jose,43,True,True,D,BROADSIDE,,Sunday,,,,,False,False,True,,C,OTHER MOTOR VEHICLE,,2.0,0.0,CLEAR,, NO UNUSUAL CONDITIONS - NO UNUSUAL CONDITIONS,, ,A,DAYLIGHT,,,,,,,A,NO PEDESTRIANS INVOLVED,,A,21801A,,1.0,COLEMAN RD,ADAM,,,A,W,15.0,PORTO ALEGRE DR,F,,D,7/30/2024 6:12:59 PM,1/30/2025 9:42:07 AM,,,2,,,,,,,
2958549,2020-201760351,2,False,4313,6/24/2020 11:44:00 AM,1144,Y3,1368,4313,San Jose,43,True,True,B,SIDE SWIPE,,Wednesday,,,,,False,False,True,,C,OTHER MOTOR VEHICLE,,1.0,0.0,CLEAR,, NO UNUSUAL CONDITIONS - NO UNUSUAL CONDITIONS,, ,A,DAYLIGHT,,,,,,,A,NO PEDESTRIANS INVOLVED,,A,21801,,1.0,BLOSSOM HILL RD,DY,,,A,,,COTTLE RD,,,D,7/30/2024 6:12:59 PM,1/30/2025 9:42:07 AM,,,2,,,,,,,
2958548,2020-201780385,2,False,4313,6/26/2020 12:43:00 PM,1243,E4,1368,4313,San Jose,43,True,True,,,,Friday,,,,,False,False,True,,C,OTHER MOTOR VEHICLE,,1.0,0.0,CLEAR,, NO UNUSUAL CONDITIONS - NO UNUSUAL CONDITIONS,, ,A,DAYLIGHT,37.193936,-121.525774,,,,,A,NO PEDESTRIANS INVOLVED,,A,21453A,,,S 2ND ST,CENTR,,,A,,,E REED ST,,,A,7/30/2024 6:12:58 PM,1/30/2025 9:42:07 AM,,,2,,,,,,,
2958455,2020-201690785,2,False,4313,6/17/2020 7:47:00 PM,1947,M4,1368,4313,San Jose,43,True,True,F,OVERTURNED,,Wednesday,,,,,False,False,True,,I,FIXED OBJECT,,0.0,0.0,CLEAR,, NO UNUSUAL CONDITIONS - NO UNUSUAL CONDITIONS,, ,A,DAYLIGHT,,,,,,,A,NO PEDESTRIANS INVOLVED,,D,21663,,1.0,ALUM ROCK AV,MARY ,,,A,W,2.0,CITY LIGHTS PL,F,,A,7/30/2024 6:12:46 PM,1/30/2025 9:42:01 AM,,,2,,,,,,,
2958451,2020-201650181,2,False,4313,6/13/2020 6:25:00 AM,625,F5,1368,4313,San Jose,43,True,True,C,REAR END,,Saturday,,,,,False,False,False,,I,FIXED OBJECT,,1.0,0.0,CLEAR,, NO UNUSUAL CONDITIONS - NO UNUSUAL CONDITIONS,, ,A,DAYLIGHT,,,,,,,A,NO PEDESTRIANS INVOLVED,,A,22106,,1.0,LINCOLN LN,WESTE,,,A,,,LINCOLN AV 670,,,D,7/30/2024 6:12:46 PM,1/30/2025 9:42:01 AM,,,2,,,,,,,
2958447,2020-201670749,2,False,4313,6/15/2020 5:56:00 PM,1756,2,1368,4313,San Jose,43,True,True,C,REAR END,,Monday,,,,,False,False,False,,C,OTHER MOTOR VEHICLE,,1.0,0.0,CLEAR,, NO UNUSUAL CONDITIONS - NO UNUSUAL CONDITIONS,, ,A,DAYLIGHT,,,,,,,A,NO PEDESTRIANS INVOLVED,,A,22350,,1.0,THE ALAMEDA,FRANK,,,A,,,NEWHALL ST,,,D,7/30/2024 6:12:45 PM,1/30/2025 9:42:01 AM,,,2,,,,,,,
2956842,2020-201780982,2,False,4313,6/26/2020 10:00:00 PM,2200,X3,1368,4313,San Jose,43,True,True,C,REAR END,,Friday,,,F,,False,False,True,,C,OTHER MOTOR VEHICLE,,1.0,0.0,CLEAR,, NO UNUSUAL CONDITIONS - NO UNUSUAL CONDITIONS,, ,C,DARK-STREET LIGHTS,37.193814,-121.534419,,,,,A,NO PEDESTRIANS INVOLVED,,A,22350,,1.0,W SAN CARLOS ST,XRAY,,,A,,, W SAN CARLOS ST 400,,,D,7/30/2024 6:09:15 PM,1/30/2025 9:40:31 AM,,,2,,,,,,,
2956841,2020-20750658,2,False,4313,6/23/2020 4:54:00 PM,1654,3,1368,4313,San Jose,43,True,True,C,REAR END,,Tuesday,,,F,,False,False,False,,C,OTHER MOTOR VEHICLE,,1.0,0.0,CLEAR,, NO UNUSUAL CONDITIONS - NO UNUSUAL CONDITIONS,, ,A,DAYLIGHT,,,,,,,A,NO PEDESTRIANS INVOLVED,,A,22350,,1.0,ALMADEN EXPWY,ADAM,,,A,,,VIA MONTE DR,,,A,7/30/2024 6:09:14 PM,1/30/2025 9:40:31 AM,,,2,,,,,,,
2956840,2020-201620542,2,False,4313,6/10/2020 3:16:00 PM,1516,S6,1368,4313,San Jose,43,True,True,D,BROADSIDE,,Wednesday,,,,,False,False,False,,C,OTHER MOTOR VEHICLE,,2.0,0.0,CLEAR,, NO UNUSUAL CONDITIONS - NO UNUSUAL CONDITIONS,, ,A,DAYLIGHT,,,,,,,A,NO PEDESTRIANS INVOLVED,,A,21801B,,1.0,W ALMA AV,SAM,,,A,,,LITTLE ORCHARD ST,,,A,7/30/2024 6:09:14 PM,1/30/2025 9:40:31 AM,,,2,,,,,,,
2956839,2020-201620520,2,False,4313,6/10/2020 2:40:00 PM,1440,Y5,1368,4313,San Jose,43,True,True,C,REAR END,,Wednesday,,,,,False,False,True,,C,OTHER MOTOR VEHICLE,,2.0,0.0,CLEAR,, NO UNUSUAL CONDITIONS - NO UNUSUAL CONDITIONS,, ,A,DAYLIGHT,,,,,,,A,NO PEDESTRIANS INVOLVED,,A,21703,,1.0,BLOSSOM HILL RD,SOUTH,,,A,,,MONTEREY RD,,,D,7/30/2024 6:09:14 PM,1/30/2025 9:40:30 AM,,,2,,,,,,,
2956838,2020-201620276,2,False,4313,6/10/2020 9:30:00 AM,930,2,1368,4313,San Jose,43,True,True,D,BROADSIDE,,Wednesday,,,,,False,False,True,,C,OTHER MOTOR VEHICLE,,2.0,0.0,CLEAR,, NO UNUSUAL CONDITIONS - NO UNUSUAL CONDITIONS,, ,A,DAYLIGHT,,,,,,,A,NO PEDESTRIANS INVOLVED,,A,21801,,1.0,N 11TH ST,VICTO,,,A,,,E TAYLOR ST,,,A,7/30/2024 6:09:14 PM,1/30/2025 9:40:30 AM,,,2,,,,,,,
2956837,2020-201790603,2,False,4313,6/27/2020 5:05:00 PM,1705,C1,1368,4313,San Jose,43,True,True,F,OVERTURNED,,Saturday,,,,,False,False,False,,D,MOTOR VEHICLE ON OTHER ROADWAY,,1.0,0.0,CLEAR,, NO UNUSUAL CONDITIONS - NO UNUSUAL CONDITIONS,, ,A,DAYLIGHT,,,,,,,A,NO PEDESTRIANS INVOLVED,,A,22107,,1.0,STORY RD,FOOTH,,,A,,,KNOX AV,,,A,7/30/2024 6:09:14 PM,1/30/2025 9:40:30 AM,,,2,,,,,,,
2956836,2020-201770737,2,False,4313,6/25/2020 6:22:00 PM,1822,Y5,1368,4313,San Jose,43,True,True,E,HIT OBJECT,,Thursday,,,,,False,True,True,,I,FIXED OBJECT,,1.0,0.0,CLEAR,, NO UNUSUAL CONDITIONS - NO UNUSUAL CONDITIONS,, ,A,DAYLIGHT,,,,,,,A,NO PEDESTRIANS INVOLVED,,A,22107,,1.0,BLOSSOM HILL RD,YELLO,,,A,,,RT 101,,,A,7/30/2024 6:09:14 PM,1/30/2025 9:40:30 AM,,,2,,,,,,,
2956835,2020-201740864,2,False,4313,6/22/2020 8:34:00 PM,2034,4,1368,4313,San Jose,43,True,True,E,HIT OBJECT,,Monday,,,,,False,False,True,,I,FIXED OBJECT,,1.0,0.0,CLEAR,, NO UNUSUAL CONDITIONS - NO UNUSUAL CONDITIONS,, ,B,DUSK-DAWN,,,,,,,A,NO PEDESTRIANS INVOLVED,,A,22350,,1.0,MINNESOTA AV,SAM,,,A,,,W ALMA AV,,,D,7/30/2024 6:09:13 PM,1/30/2025 9:40:30 AM,,,2,,,,,,,
2956834,2020-2001670561,2,False,4313,6/15/2020 2:19:00 PM,1419,L4,1368,4313,San Jose,43,True,True,,,,Monday,,,,,False,False,True,,C,OTHER MOTOR VEHICLE,,3.0,0.0,CLEAR,, NO UNUSUAL CONDITIONS - NO UNUSUAL CONDITIONS,, ,A,DAYLIGHT,,,,,,,A,NO PEDESTRIANS INVOLVED,,A,22350,,1.0,ALMADEN EXPWY,WESTE,,,A,,,RT 87,,,A,7/30/2024 6:09:13 PM,1/30/2025 9:40:30 AM,,,2,,,,,,,
2956833,2020-201780659,2,False,4313,6/26/2020 4:12:00 PM,1612,1,1368,4313,San Jose,43,True,True,B,SIDE SWIPE,,Friday,,,F,,False,False,False,,G,BICYCLE,,1.0,0.0,CLEAR,, ,, ,A,DAYLIGHT,37.242187,-121.51318,,,,,E,IN ROAD - INCLUDES SHOULDER,,A,21650,,1.0,MESSINA DR,WILLI,,,A,,,HOSTETTER RD,,,D,7/30/2024 6:09:13 PM,1/30/2025 9:40:30 AM,,,2,,,,,,,
2956832,2020-201780917,2,False,4313,6/26/2020 10:02:00 PM,2202,3,1368,4313,San Jose,43,True,True,D,BROADSIDE,,Friday,,,,,False,False,True,,C,OTHER MOTOR VEHICLE,,3.0,0.0,CLEAR,, NO UNUSUAL CONDITIONS - NO UNUSUAL CONDITIONS,, ,C,DARK-STREET LIGHTS,,,,,,,A,NO PEDESTRIANS INVOLVED,,A,21453A,,1.0,N KING RD,MARY,,,A,,,ALUM ROCK AV,,,B,7/30/2024 6:09:13 PM,1/30/2025 9:40:30 AM,,,2,,,,,,,
2956831,2020-201610638,2,False,4313,6/9/2020 5:21:00 PM,1721,6,1368,4313,San Jose,43,True,True,A,HEAD-ON,,Tuesday,,,,,False,False,False,,C,OTHER MOTOR VEHICLE,,1.0,0.0,CLEAR,, NO UNUSUAL CONDITIONS - NO UNUSUAL CONDITIONS,, ,A,DAYLIGHT,,,,,,,A,NO PEDESTRIANS INVOLVED,,A,21801A,,1.0,SAN JOSE AV,SAM,,,A,,,ALMADEN EXPWY,,,A,7/30/2024 6:09:13 PM,1/30/2025 9:40:30 AM,,,2,,,,,,,
2956723,2020-201990011,2,False,4313,7/17/2020 12:05:00 AM,5,W1,1368,4313,San Jose,43,True,True,A,HEAD-ON,,Friday,,,,,False,False,True,,I,FIXED OBJECT,,1.0,0.0,CLEAR,, NO UNUSUAL CONDITIONS - NO UNUSUAL CONDITIONS,, ,C,DARK-STREET LIGHTS,,,,,,,A,NO PEDESTRIANS INVOLVED,,A,22350,,1.0,CROPLEY AV,SFOOT,,,A,,,JUAREZ CT,,,A,7/30/2024 6:08:57 PM,1/30/2025 9:40:24 AM,,,2,,,,,,,
2956483,2020-201980671,2,False,4313,7/16/2020 5:15:00 PM,1715,P-1,1368,4313,San Jose,43,True,True,,,,Thursday,,,,,False,False,True,,I,FIXED OBJECT,,1.0,0.0,CLEAR,, NO UNUSUAL CONDITIONS - NO UNUSUAL CONDITIONS,, ,A,DAYLIGHT,,,,,,,A,NO PEDESTRIANS INVOLVED,,A,22107,,,QUIMBY RD,FOOTH,,,A,,,CAPITOL EXPWY,,,A,7/30/2024 6:08:26 PM,1/30/2025 9:40:10 AM,,,2,,,,,,,
2956482,2020-201970503,2,False,4313,7/15/2020 2:41:00 PM,1441,X1,1368,4313,San Jose,43,True,True,D,BROADSIDE,,Wednesday,,,,,False,False,True,,C,OTHER MOTOR VEHICLE,,1.0,0.0,CLEAR,, NO UNUSUAL CONDITIONS - NO UNUSUAL CONDITIONS,, ,A,DAYLIGHT,,,,,,,A,NO PEDESTRIANS INVOLVED,,A,21802A,,1.0,COPPERFIELD DR,04313,,,A,,,SANDPEBBLE DR,,,D,7/30/2024 6:08:26 PM,1/30/2025 9:40:10 AM,,,2,,,,,,,
2956481,2020-201990080,2,False,4313,7/17/2020 2:30:00 AM,230,A4,1368,4313,San Jose,43,True,True,E,HIT OBJECT,,Friday,,,,,False,False,True,,I,FIXED OBJECT,,1.0,0.0,CLEAR,, NO UNUSUAL CONDITIONS - NO UNUSUAL CONDITIONS,, ,C,DARK-STREET LIGHTS,37.141071,-121.52231,,,,,A,NO PEDESTRIANS INVOLVED,,A,22350,,1.0,ALMADEN EXPWY,A,,,A,,,MCABEE RD,,,D,7/30/2024 6:08:26 PM,1/30/2025 9:40:10 AM,,,2,,,,,,,
2956480,2020-201960756,2,False,4313,7/14/2020 7:23:00 PM,1923,5,1368,4313,San Jose,43,True,True,D,BROADSIDE,,Tuesday,,,,,False,False,True,,C,OTHER MOTOR VEHICLE,,1.0,0.0,CLEAR,, NO UNUSUAL CONDITIONS - NO UNUSUAL CONDITIONS,, ,A,DAYLIGHT,,,,,,,A,NO PEDESTRIANS INVOLVED,,A,21800A,,1.0,SOUTHSIDE DR,LINCO,,,A,,,HOPE ST,,,D,7/30/2024 6:08:26 PM,1/30/2025 9:40:10 AM,,,2,,,,,,,