Collision Id,	Report Number,	Report Version,	Is Preliminary,	NCIC Code,Crash Date Time,	Crash Time Description,	Beat,City Id,	City Code,	City Name,County Code,	City Is Active,	City Is Incorporated,	Collision Type Code,Collision Type Description,	Collision Type Other Desc,	Day Of Week,	DispatchNotified,	HasPhotographs,	HitRun,	IsAttachmentsMailed,	IsDeleted,	IsHighwayRelated,	IsTowAway,	JudicialDistrict,	MotorVehicleInvolvedWithCode,	MotorVehicleInvolvedWithDesc,MotorVehicleInvolvedWithOtherDesc,	NumberInjured,	NumberKilled,Weather 1, Weather 2, Road Condition 1, Road Condition 2, Special Condition,LightingCode, LightingDescription,Latitude,Longitude,MilepostDirection,MilepostDistance,MilepostMarker,MilepostUnitOfMeasure,	PedestrianActionCode,PedestrianActionDesc,PreparedDate,	Primary Collision Factor Code,Primary Collision Factor Violation,PrimaryCollisionFactorIsCited,	PrimaryCollisionPartyNumber,	PrimaryRoad,	ReportingDistrict,	ReportingDistrictCode,ReviewedDate,	RoadwaySurfaceCode,SecondaryDirection,	SecondaryDistance,	SecondaryRoad,	SecondaryUnitOfMeasure,	SketchDesc,	TrafficControlDeviceCode,CreatedDate,	ModifiedDate,IsCountyRoad,IsFreeway,CHP555Version,	IsAdditonalObjectStruck,NotificationDate,	NotificationTimeDescription,	HasDigitalMediaFiles,	EvidenceNumber,	IsLocationReferToNarrative,	IsAOIOneSameAsLocation
2975940,2020-201920337,2,False,4313,7/10/2020 10:30:00 AM,1030,T2,1368,4313,San Jose,43,True,True,A,HEAD-ON,,Friday,,,,,False,False,True,,C,OTHER MOTOR VEHICLE,,1.0,0.0,CLEAR,, NO UNUSUAL CONDITIONS - NO UNUSUAL CONDITIONS,, ,A,DAYLIGHT,,,,,,,A,NO PEDESTRIANS INVOLVED,,A,21453,,1.0,CAMDEN AV,SOUTH,,,A,,,LEIGH AV,,,A,7/30/2024 6:56:56 PM,1/30/2025 9:59:34 AM,,,2,,,,,,,
2975939,2020-202330957,2,False,4313,8/20/2020 11:10:00 PM,2310,S6,1368,4313,San Jose,43,True,True,D,BROADSIDE,,Thursday,,,F,,False,False,True,,C,OTHER MOTOR VEHICLE,,1.0,0.0,CLEAR,, NO UNUSUAL CONDITIONS - NO UNUSUAL CONDITIONS,, ,C,DARK-STREET LIGHTS,37.191213,-121.52393,,,,,A,NO PEDESTRIANS INVOLVED,,A,21453,,1.0,S 1ST ST,WESTE,,,A,,,KEYES ST,,,A,7/30/2024 6:56:56 PM,1/30/2025 9:59:34 AM,,,2,,,,,,,
2975938,2020-202350307,2,False,4313,8/22/2020 10:50:00 AM,1050,V2,1368,4313,San Jose,43,True,True,,,,Saturday,,,F,,False,False,True,,C,OTHER MOTOR VEHICLE,,1.0,0.0,CLEAR,OTHER, NO UNUSUAL CONDITIONS - NO UNUSUAL CONDITIONS,, ,A,DAYLIGHT,,,,,,,A,NO PEDESTRIANS INVOLVED,,A,22107,,1.0,OAKLAND RD,,,,A,,,BOARDWALK WY,,,D,7/30/2024 6:56:55 PM,1/30/2025 9:59:34 AM,,,2,,,,,,,
2975937,2020-202310654,2,False,4313,8/18/2020 3:58:00 PM,1558,L2,1368,4313,San Jose,43,True,True,D,BROADSIDE,,Tuesday,,,,,False,False,True,,C,OTHER MOTOR VEHICLE,,2.0,0.0,CLEAR,, NO UNUSUAL CONDITIONS - NO UNUSUAL CONDITIONS,, ,A,DAYLIGHT,37.194864,-121.512671,,,,,A,NO PEDESTRIANS INVOLVED,,A,21453A,,1.0,STORY RD,WESTE,,,A,,,LUCRETIA AV,,,A,7/30/2024 6:56:55 PM,1/30/2025 9:59:34 AM,,,2,,,,,,,
2975936,2020-202310945,2,False,4313,8/18/2020 9:39:00 PM,2139,X1,1368,4313,San Jose,43,True,True,D,BROADSIDE,,Tuesday,,,,,False,False,True,,C,OTHER MOTOR VEHICLE,,5.0,0.0,CLEAR,, NO UNUSUAL CONDITIONS - NO UNUSUAL CONDITIONS,, ,D,DARK-NO STREET LIGHTS,37.155756,-121.495177,,,,,A,NO PEDESTRIANS INVOLVED,,A,21800D,,1.0,BRANHAM LN,SOUTH,,,A,,,SNELL AV,,,B,7/30/2024 6:56:55 PM,1/30/2025 9:59:34 AM,,,2,,,,,,,
2975935,2020-202310535,2,False,4313,8/18/2020 1:53:00 PM,1353,R4,1368,4313,San Jose,43,True,True,B,SIDE SWIPE,,Tuesday,,,,,False,False,True,,D,MOTOR VEHICLE ON OTHER ROADWAY,,1.0,0.0,CLEAR,, NO UNUSUAL CONDITIONS - NO UNUSUAL CONDITIONS,, ,A,DAYLIGHT,37.214581,-121.523194,,,,,A,NO PEDESTRIANS INVOLVED,,A,21804,,1.0,MABURY RD,ROBER,,,A,,,E TAYLOR ST,,,D,7/30/2024 6:56:55 PM,1/30/2025 9:59:34 AM,,,2,,,,,,,
2975934,2020-202340162,2,False,4313,8/21/2020 6:36:00 AM,636,L3,1368,4313,San Jose,43,True,True,C,REAR END,,Friday,,,F,,False,True,True,,C,OTHER MOTOR VEHICLE,,3.0,0.0,CLEAR,, NO UNUSUAL CONDITIONS - NO UNUSUAL CONDITIONS,, ,A,DAYLIGHT,37.19862,-121.494956,,,,,A,NO PEDESTRIANS INVOLVED,,A,21453A,,1.0,TULLY RD,WESTE,,,A,,,RT 101,,,,7/30/2024 6:56:55 PM,1/30/2025 9:59:34 AM,,,2,,,,,,,
2975933,2020-202330750,2,False,4313,8/20/2020 7:05:00 PM,1905,2,1368,4313,San Jose,43,True,True,G,VEHICLE/PEDESTRAIN,,Thursday,,,,,False,False,False,,B,PEDESTRIAN,,1.0,0.0,CLEAR,, NO UNUSUAL CONDITIONS - NO UNUSUAL CONDITIONS,, ,A,DAYLIGHT,37.212096,-121.505694,,,,,B,CROSSING IN CROSS WALK AT INTERSECTION,,A,16028A,,1.0,N SUNSET AV,MARY,,,A,,,ALUM ROCK AV,,,A,7/30/2024 6:56:54 PM,1/30/2025 9:59:34 AM,,,2,,,,,,,
2975932,2020-202300832,2,False,4313,8/17/2020 8:20:00 PM,2020,2,1368,4313,San Jose,43,True,True,A,HEAD-ON,,Monday,,,,,False,False,True,,D,MOTOR VEHICLE ON OTHER ROADWAY,,3.0,0.0,CLEAR,, NO UNUSUAL CONDITIONS - NO UNUSUAL CONDITIONS,, ,C,DARK-STREET LIGHTS,37.18518,-121.552215,,,,,A,NO PEDESTRIANS INVOLVED,,A,21453A,,1.0,STOKES ST,SAM,,,A,,,LEIGH AV,,,A,7/30/2024 6:56:54 PM,1/30/2025 9:59:34 AM,,,2,,,,,,,
2975931,2020-202300702,2,False,4313,8/17/2020 6:12:00 PM,1812,4,1368,4313,San Jose,43,True,True,H,OTHER,,Monday,,,,,False,False,False,,J,OTHER OBJECT,,1.0,0.0,CLEAR,, NO UNUSUAL CONDITIONS - NO UNUSUAL CONDITIONS,, ,A,DAYLIGHT,37.182565,-121.48481,,,,,A,NO PEDESTRIANS INVOLVED,,A,22500E,,1.0,DANIEL MALONEY DR,DP,,,A,,,DANIEL MALONEY DR 2010,,,A,7/30/2024 6:56:54 PM,1/30/2025 9:59:34 AM,,,2,,,,,,,
2975930,2020-202280674,2,False,4313,8/15/2020 5:19:00 PM,1719,L3,1368,4313,San Jose,43,True,True,C,REAR END,,Saturday,,,F,,False,False,False,,C,OTHER MOTOR VEHICLE,,1.0,0.0,CLEAR,, NO UNUSUAL CONDITIONS - NO UNUSUAL CONDITIONS,, ,A,DAYLIGHT,,,,,,,A,NO PEDESTRIANS INVOLVED,,A,22350,,1.0,TULLY RD,D,,,A,,,CORDE TERRA CIR,,,A,7/30/2024 6:56:54 PM,1/30/2025 9:59:34 AM,,,2,,,,,,,
2975929,2020-202330226,2,False,4313,8/20/2020 8:55:00 AM,855,P2,1368,4313,San Jose,43,True,True,D,BROADSIDE,,Thursday,,,F,,False,False,False,,C,OTHER MOTOR VEHICLE,,1.0,0.0,CLEAR,, NO UNUSUAL CONDITIONS - NO UNUSUAL CONDITIONS,, ,A,DAYLIGHT,,,,,,,A,NO PEDESTRIANS INVOLVED,,A,21453A,,1.0,TULLY RD,PAUL,,,A,,,GLEN ANGUS WY,,,A,7/30/2024 6:56:53 PM,1/30/2025 9:59:33 AM,,,2,,,,,,,
2975928,2020-202330399,2,False,4313,8/20/2020 12:42:00 PM,1242,L3,1368,4313,San Jose,43,True,True,C,REAR END,,Thursday,,,,,False,False,True,,C,OTHER MOTOR VEHICLE,,2.0,0.0,CLEAR,, NO UNUSUAL CONDITIONS - NO UNUSUAL CONDITIONS,, ,A,DAYLIGHT,,,,,,,A,NO PEDESTRIANS INVOLVED,,A,22350,,1.0,TULLY RD,LINCO,,,A,,,SENTER RD,,,A,7/30/2024 6:56:53 PM,1/30/2025 9:59:33 AM,,,2,,,,,,,
2975927,2020-202310760,2,False,4313,8/18/2020 5:52:00 PM,1752,3,1368,4313,San Jose,43,True,True,C,REAR END,,Tuesday,,,F,,False,False,True,,C,OTHER MOTOR VEHICLE,,1.0,0.0,CLEAR,, NO UNUSUAL CONDITIONS - NO UNUSUAL CONDITIONS,, ,A,DAYLIGHT,37.14548,-121.483132,,,,,A,NO PEDESTRIANS INVOLVED,,A,21703,,1.0,BESWICK DR,YELLO,,,A,,,BANGOR AV,,,A,7/30/2024 6:56:53 PM,1/30/2025 9:59:33 AM,,,2,,,,,,,
2975926,2020-202300679,2,False,4313,8/17/2020 5:39:00 PM,1739,R2,1368,4313,San Jose,43,True,True,A,HEAD-ON,,Monday,,,,,False,False,True,,I,FIXED OBJECT,,1.0,0.0,CLEAR,, NO UNUSUAL CONDITIONS - NO UNUSUAL CONDITIONS,, ,A,DAYLIGHT,,,,,,,A,NO PEDESTRIANS INVOLVED,,A,22350,,1.0,N CAPITOL AV,DR,,,A,,,CROPLEY AV,,,D,7/30/2024 6:56:53 PM,1/30/2025 9:59:33 AM,,,2,,,,,,,
2975925,2020-202300206,2,False,4313,8/17/2020 8:10:00 AM,810,T2,1368,4313,San Jose,43,True,True,D,BROADSIDE,,Monday,,,,,False,False,True,,C,OTHER MOTOR VEHICLE,,1.0,0.0,CLEAR,, NO UNUSUAL CONDITIONS - NO UNUSUAL CONDITIONS,, ,A,DAYLIGHT,,,,,,,A,NO PEDESTRIANS INVOLVED,,A,21800D,,1.0,CAMDEN AV,SOUTH,,,A,,,LEIGH AV,,,B,7/30/2024 6:56:53 PM,1/30/2025 9:59:33 AM,,,2,,,,,,,
2975924,2020-202290559,2,False,4313,8/16/2020 1:45:00 PM,1345,X,1368,4313,San Jose,43,True,True,G,VEHICLE/PEDESTRAIN,,Sunday,,,,,False,False,False,,B,PEDESTRIAN,,1.0,0.0,CLOUDY,, NO UNUSUAL CONDITIONS - NO UNUSUAL CONDITIONS,, ,A,DAYLIGHT,,,,,,,B,CROSSING IN CROSS WALK AT INTERSECTION,,A,21950A,,1.0,SENTER RD,DX,,,A,,,EL CAJON DR,,,A,7/30/2024 6:56:53 PM,1/30/2025 9:59:33 AM,,,2,,,,,,,
2975923,2020-202290095,2,False,4313,8/16/2020 1:22:00 AM,122,2,1368,4313,San Jose,43,True,True,A,HEAD-ON,,Sunday,,,,,False,False,True,,I,FIXED OBJECT,,1.0,0.0,CLEAR,, NO UNUSUAL CONDITIONS - NO UNUSUAL CONDITIONS,, ,C,DARK-STREET LIGHTS,,,,,,,A,NO PEDESTRIANS INVOLVED,,A,22350,,1.0,DENT AV,ADAM,,,A,,,REBEL WY,,,D,7/30/2024 6:56:52 PM,1/30/2025 9:59:33 AM,,,2,,,,,,,
2975922,2020-202280701,2,False,4313,8/15/2020 5:45:00 PM,1745,3,1368,4313,San Jose,43,True,True,B,SIDE SWIPE,,Saturday,,,,,False,False,False,,C,OTHER MOTOR VEHICLE,,1.0,0.0,CLEAR,, NO UNUSUAL CONDITIONS - NO UNUSUAL CONDITIONS,, ,A,DAYLIGHT,,,,,,,A,NO PEDESTRIANS INVOLVED,,A,22107,,1.0,TULLY RD,CHARL,,,A,,,S KING RD,,,A,7/30/2024 6:56:52 PM,1/30/2025 9:59:33 AM,,,2,,,,,,,
2975921,2020-202280561,2,False,4313,8/15/2020 3:13:00 PM,1513,A4,1368,4313,San Jose,43,True,True,,,,Saturday,,,,,False,False,True,,C,OTHER MOTOR VEHICLE,,1.0,0.0,CLEAR,, NO UNUSUAL CONDITIONS - NO UNUSUAL CONDITIONS,, ,A,DAYLIGHT,37.15182,-121.523979,,,,,A,NO PEDESTRIANS INVOLVED,,A,22107,,1.0,BLOSSOM HILL RD,ADAMA,,,A,,,PLAZA WY,,,A,7/30/2024 6:56:52 PM,1/30/2025 9:59:33 AM,,,2,,,,,,,
2975881,2020-202300138,2,False,4313,8/17/2020 5:21:00 AM,521,V1,1368,4313,San Jose,43,True,True,A,HEAD-ON,,Monday,,,F,,False,False,False,,E,PARKED MOTOR VEHICLE,,1.0,0.0,CLEAR,, NO UNUSUAL CONDITIONS - NO UNUSUAL CONDITIONS,, ,C,DARK-STREET LIGHTS,,,,,,,A,NO PEDESTRIANS INVOLVED,,A,22107,,1.0,EMORY ST,DV,,,A,,,CHESTNUT ST,,,,7/30/2024 6:56:46 PM,1/30/2025 9:59:31 AM,,,2,,,,,,,
2975879,2020-202300555,2,False,4313,8/17/2020 4:31:00 PM,1631,2,1368,4313,San Jose,43,True,True,D,BROADSIDE,,Monday,,,,,False,False,True,,C,OTHER MOTOR VEHICLE,,2.0,0.0,CLOUDY,, NO UNUSUAL CONDITIONS - NO UNUSUAL CONDITIONS,, ,A,DAYLIGHT,,,,,,,A,NO PEDESTRIANS INVOLVED,,A,21453C,,1.0,CAPITOL EXPWY,PAUL,,,A,,,TULLY RD,,,B,7/30/2024 6:56:45 PM,1/30/2025 9:59:31 AM,,,2,,,,,,,
2993400,2020-202600078,2,False,4313,9/16/2020 3:22:00 AM,322,L3,1368,4313,San Jose,43,True,True,E,HIT OBJECT,,Wednesday,,,F,,False,False,True,,C,OTHER MOTOR VEHICLE,,0.0,0.0,CLEAR,, NO UNUSUAL CONDITIONS - NO UNUSUAL CONDITIONS,, ,C,DARK-STREET LIGHTS,37.184917,-121.513671,,,,,A,NO PEDESTRIANS INVOLVED,,A,23152,,1.0,NEEDLES DR,WESTE,,,,,,S 10TH ST,,,D,7/30/2024 7:49:18 PM,1/30/2025 10:18:34 AM,,,2,,,,,,,
2993126,2020-202630033,2,False,4313,9/19/2020 12:31:00 AM,31,L5,1368,4313,San Jose,43,True,True,C,REAR END,,Saturday,,,F,,False,False,False,,G,BICYCLE,,1.0,0.0,CLEAR,, NO UNUSUAL CONDITIONS - NO UNUSUAL CONDITIONS,, ,C,DARK-STREET LIGHTS,,,,,,,E,IN ROAD - INCLUDES SHOULDER,,A,22350,,1.0,SENTER RD,WESTE,,,A,,,SOUTHSIDE DR,,,A,7/30/2024 7:48:23 PM,1/30/2025 10:18:15 AM,,,2,,,,,,,
2993125,2020-202580377,2,False,4313,9/14/2020 12:30:00 PM,1230,E3,1368,4313,San Jose,43,True,True,H,OTHER,,Monday,,,,,False,False,True,,C,OTHER MOTOR VEHICLE,,1.0,0.0,CLEAR,, NO UNUSUAL CONDITIONS - NO UNUSUAL CONDITIONS,, ,A,DAYLIGHT,,,,,,,A,NO PEDESTRIANS INVOLVED,,D,,,,SANTA CLARA ST,EDWAR,,,A,,,N 3RD ST,,,A,7/30/2024 7:48:23 PM,1/30/2025 10:18:15 AM,,,2,,,,,,,
2991377,2020-202960657,2,False,4313,10/22/2020 5:30:00 PM,1730,L4,1368,4313,San Jose,43,True,True,A,HEAD-ON,,Thursday,,,,,False,False,False,,G,BICYCLE,,1.0,0.0,CLEAR,, NO UNUSUAL CONDITIONS - NO UNUSUAL CONDITIONS,, ,A,DAYLIGHT,,,,,,,E,IN ROAD - INCLUDES SHOULDER,,A,21760,,1.0,MONTEREY RD,LINCO,,,A,,,MONTEREY RD 2150,,,D,7/30/2024 7:42:51 PM,1/30/2025 10:16:20 AM,,,2,,,,,,,
2991376,2020-202960902,2,False,4313,10/22/2020 9:50:00 PM,2150,M3,1368,4313,San Jose,43,True,True,A,HEAD-ON,,Thursday,,,F,,False,False,True,,C,OTHER MOTOR VEHICLE,,2.0,0.0,CLEAR,, NO UNUSUAL CONDITIONS - NO UNUSUAL CONDITIONS,, ,C,DARK-STREET LIGHTS,,,,,,,A,NO PEDESTRIANS INVOLVED,,A,21453C,,1.0,MCKEE RD,FOOTH,,,A,,,N KING RD,,,A,7/30/2024 7:42:51 PM,1/30/2025 10:16:20 AM,,,2,,,,,,,
2991375,2020-202960365,2,False,4313,10/22/2020 12:38:00 PM,1238,F5,1368,4313,San Jose,43,True,True,D,BROADSIDE,,Thursday,,,,,False,False,False,,G,BICYCLE,,1.0,0.0,CLEAR,, NO UNUSUAL CONDITIONS - NO UNUSUAL CONDITIONS,, ,A,DAYLIGHT,,,,,,,B,CROSSING IN CROSS WALK AT INTERSECTION,,A,22350,,1.0,AUZERAIS AV,DF,,,A,,,WRIGHT PL,,,A,7/30/2024 7:42:51 PM,1/30/2025 10:16:19 AM,,,2,,,,,,,
2991374,2020-202940504,2,False,4313,10/20/2020 3:00:00 PM,1500,K5,1368,4313,San Jose,43,True,True,C,REAR END,,Tuesday,,,,,False,False,True,,C,OTHER MOTOR VEHICLE,,1.0,0.0,CLEAR,, NO UNUSUAL CONDITIONS - NO UNUSUAL CONDITIONS,, ,A,DAYLIGHT,37.205243,-121.515702,,,,,A,NO PEDESTRIANS INVOLVED,,A,22350,,1.0,E SANTA CLARA ST,CENTR,,,A,,,B 26TH ST,,,D,7/30/2024 7:42:51 PM,1/30/2025 10:16:19 AM,,,2,,,,,,,
2991373,2020-202950450,2,False,4313,10/21/2020 1:33:00 PM,1333,4,1368,4313,San Jose,43,True,True,D,BROADSIDE,,Wednesday,,,,,False,False,False,,G,BICYCLE,,2.0,0.0,CLEAR,, NO UNUSUAL CONDITIONS - NO UNUSUAL CONDITIONS,, ,A,DAYLIGHT,,,,,,,A,NO PEDESTRIANS INVOLVED,,A,21453A,,,HILLSDALE AV,TOM,,,A,,,KIRK RD,,,A,7/30/2024 7:42:50 PM,1/30/2025 10:16:19 AM,,,2,,,,,,,
2991372,2020-202950856,2,False,4313,10/21/2020 8:08:00 PM,2008,L2,1368,4313,San Jose,43,True,True,C,REAR END,,Wednesday,,,F,,False,False,False,,G,BICYCLE,,1.0,0.0,CLEAR,, NO UNUSUAL CONDITIONS - NO UNUSUAL CONDITIONS,, ,C,DARK-STREET LIGHTS,,,,,,,,,,A,22350,,1.0,CRUCERO DR,LINCO,,,A,N,20.0,JOE DIMAGGIO CT,F,,D,7/30/2024 7:42:50 PM,1/30/2025 10:16:19 AM,,,2,,,,,,,
2991371,2020-202940683,2,False,4313,10/20/2020 5:55:00 PM,1755,P3,1368,4313,San Jose,43,True,True,A,HEAD-ON,,Tuesday,,,,,False,False,False,,G,BICYCLE,,1.0,0.0,CLEAR,, NO UNUSUAL CONDITIONS - NO UNUSUAL CONDITIONS,, ,A,DAYLIGHT,37.191208,-121.491263,,,,,A,NO PEDESTRIANS INVOLVED,,A,21804A,,1.0,OPHELIA AV,P,,,A,,,RIGOLETTO DR,,,D,7/30/2024 7:42:50 PM,1/30/2025 10:16:19 AM,,,2,,,,,,,
2991370,2020-202950444,2,False,4313,10/21/2020 1:25:00 PM,1325,L1,1368,4313,San Jose,43,True,True,D,BROADSIDE,,Wednesday,,,,,False,False,False,,C,OTHER MOTOR VEHICLE,,2.0,0.0,CLEAR,, NO UNUSUAL CONDITIONS - NO UNUSUAL CONDITIONS,, ,A,DAYLIGHT,37.191821,-121.522643,,,,,A,NO PEDESTRIANS INVOLVED,,A,21801A,,1.0,KEYES ST,LINCO,,,A,,,S 5TH ST,,,A,7/30/2024 7:42:50 PM,1/30/2025 10:16:19 AM,,,2,,,,,,,
2991369,2020-202940517,2,False,4313,10/20/2020 3:15:00 PM,1515,C1,1368,4313,San Jose,43,True,True,D,BROADSIDE,,Tuesday,,,,,False,False,True,,C,OTHER MOTOR VEHICLE,,1.0,0.0,CLEAR,, NO UNUSUAL CONDITIONS - NO UNUSUAL CONDITIONS,, ,A,DAYLIGHT,,,,,,,A,NO PEDESTRIANS INVOLVED,,A,21804A,,1.0,LIDO WY,CHARL,,,A,,,THACKERAY LN,,,D,7/30/2024 7:42:50 PM,1/30/2025 10:16:19 AM,,,2,,,,,,,
2991368,2020-202940154,2,False,4313,10/20/2020 8:15:00 AM,815,V2,1368,4313,San Jose,43,True,True,D,BROADSIDE,,Tuesday,,,,,False,False,True,,C,OTHER MOTOR VEHICLE,,1.0,0.0,CLEAR,, NO UNUSUAL CONDITIONS - NO UNUSUAL CONDITIONS,, ,A,DAYLIGHT,37.211306,-121.532623,,,,,A,NO PEDESTRIANS INVOLVED,,A,22100B,,1.0,N 10TH ST,CENTR,,,A,,,E TAYLOR ST,,,A,7/30/2024 7:42:49 PM,1/30/2025 10:16:19 AM,,,2,,,,,,,
2991367,2020-2002940221,2,False,4313,10/20/2020 9:50:00 AM,950,F3,1368,4313,San Jose,43,True,True,,,,Tuesday,,,,,False,False,False,,G,BICYCLE,,1.0,0.0,CLEAR,, NO UNUSUAL CONDITIONS - NO UNUSUAL CONDITIONS,, ,A,DAYLIGHT,,,,,,,A,NO PEDESTRIANS INVOLVED,,A,21950A,,1.0,PARK AV,WESTE,,,A,N,10.0,W  HEDDING ST,F,,A,7/30/2024 7:42:49 PM,1/30/2025 10:16:19 AM,,,2,,,,,,,
2991366,2020-202930589,2,False,4313,10/19/2020 3:55:00 PM,1555,S6,1368,4313,San Jose,43,True,True,,,,Monday,,,,,False,False,True,,C,OTHER MOTOR VEHICLE,,1.0,0.0,CLEAR,, NO UNUSUAL CONDITIONS - NO UNUSUAL CONDITIONS,, ,A,DAYLIGHT,,,,,,,A,NO PEDESTRIANS INVOLVED,,A,21453A,,1.0,ALMADEN EXPWY,CENTR,,,A,,,SAN JOSE AV,,,A,7/30/2024 7:42:49 PM,1/30/2025 10:16:19 AM,,,2,,,,,,,
2991365,2020-202920525,2,False,4313,10/18/2020 1:00:00 PM,1300,L2,1368,4313,San Jose,43,True,True,G,VEHICLE/PEDESTRAIN,,Sunday,,,F,,False,False,False,,G,BICYCLE,,1.0,0.0,CLEAR,, NO UNUSUAL CONDITIONS - NO UNUSUAL CONDITIONS,, ,A,DAYLIGHT,37.19328,-121.515611,,,,,E,IN ROAD - INCLUDES SHOULDER,,A,21658,,1.0,STORY RD,LINCO,,,A,,,KEYES ST,,,D,7/30/2024 7:42:49 PM,1/30/2025 10:16:19 AM,,,2,,,,,,,
2991363,2020-202940533,2,False,4313,10/20/2020 3:34:00 PM,1534,S4,1368,4313,San Jose,43,True,True,B,SIDE SWIPE,,Tuesday,,,,,False,False,True,,C,OTHER MOTOR VEHICLE,,2.0,0.0,CLEAR,, NO UNUSUAL CONDITIONS - NO UNUSUAL CONDITIONS,, ,A,DAYLIGHT,,,,,,,A,NO PEDESTRIANS INVOLVED,,A,22107,,1.0,MINNESOTA AV,WESTE,,,A,E,69.0,LIGHT POLE #14L89,F,,D,7/30/2024 7:42:48 PM,1/30/2025 10:16:19 AM,,,2,,,,,,,
2991336,2020-202940837,2,False,4313,10/20/2020 8:31:00 PM,2031,N3,1368,4313,San Jose,43,True,True,,,,Tuesday,,,F,,False,True,True,,C,OTHER MOTOR VEHICLE,,2.0,0.0,CLEAR,, NO UNUSUAL CONDITIONS - NO UNUSUAL CONDITIONS,, ,C,DARK-STREET LIGHTS,37.19023,-121.583105,,,,,A,NO PEDESTRIANS INVOLVED,,A,21453A,,1.0,SARATOGA AV,N,,,A,,,RT 280,,,A,7/30/2024 7:42:42 PM,1/30/2025 10:16:17 AM,,,2,,,,,,,
2991335,2020-202940120,2,False,4313,10/20/2020 7:00:00 AM,700,S5,1368,4313,San Jose,43,True,True,A,HEAD-ON,,Tuesday,,,,,False,False,False,,G,BICYCLE,,1.0,0.0,CLEAR,, NO UNUSUAL CONDITIONS - NO UNUSUAL CONDITIONS,, ,B,DUSK-DAWN,,,,,,,A,NO PEDESTRIANS INVOLVED,,A,21453A,,1.0,W VIRGINIA ST,SAM,,,A,,,ALMADEN AV,,,A,7/30/2024 7:42:42 PM,1/30/2025 10:16:17 AM,,,2,,,,,,,
2991263,2020-202940607,2,False,4313,10/20/2020 5:00:00 PM,1700,W4,1368,4313,San Jose,43,True,True,D,BROADSIDE,,Tuesday,,,,,False,False,False,,C,OTHER MOTOR VEHICLE,,1.0,0.0,CLEAR,, NO UNUSUAL CONDITIONS - NO UNUSUAL CONDITIONS,, ,A,DAYLIGHT,37.221232,-121.503471,,,,,A,NO PEDESTRIANS INVOLVED,,A,21801,,1.0,MCKEE RD,DW,,,A,,,N CAPITOL AV,,,A,7/30/2024 7:42:29 PM,1/30/2025 10:16:12 AM,,,2,,,,,,,
2991261,2020-202940608,2,False,4313,10/20/2020 5:00:00 PM,1700,DK,1368,4313,San Jose,43,True,True,,,,Tuesday,,,,,False,False,True,,C,OTHER MOTOR VEHICLE,,1.0,0.0,CLEAR,, ,, ,A,DAYLIGHT,,,,,,,A,NO PEDESTRIANS INVOLVED,,A,21891,,1.0,SANTA CLARA ST,,,,A,,,25TH ST,,,A,7/30/2024 7:42:28 PM,1/30/2025 10:16:12 AM,,,2,,,,,,,
2991260,2020-20264395,2,False,4313,10/20/2020 1:05:00 PM,1305,T5,1368,4313,San Jose,43,True,True,C,REAR END,,Tuesday,,,F,,False,False,False,,C,OTHER MOTOR VEHICLE,,1.0,0.0,CLEAR,, NO UNUSUAL CONDITIONS - NO UNUSUAL CONDITIONS,, ,A,DAYLIGHT,37.163104,-121.52133,,,,,A,NO PEDESTRIANS INVOLVED,,A,22350,,1.0,CAPITOL EX AUTO MALL,SOUTH,,,A,W,15.0,PEARL AVE,F,,A,7/30/2024 7:42:28 PM,1/30/2025 10:16:12 AM,,,2,,,,,,,
2991259,2020-202910606,2,False,4313,10/17/2020 5:44:00 PM,1744,R1,1368,4313,San Jose,43,True,True,D,BROADSIDE,,Saturday,,,,,False,False,False,,C,OTHER MOTOR VEHICLE,,2.0,0.0,CLEAR,, NO UNUSUAL CONDITIONS - NO UNUSUAL CONDITIONS,, ,A,DAYLIGHT,37.253797,-121.583374,,,,,A,NO PEDESTRIANS INVOLVED,,A,21802A,,1.0,GOLD ST,CENTR,,,A,,,CATHERINE CT,,,A,7/30/2024 7:42:27 PM,1/30/2025 10:16:12 AM,,,2,,,,,,,
2991258,2020-202910642,2,False,4313,10/17/2020 6:19:00 PM,1819,2,1368,4313,San Jose,43,True,True,A,HEAD-ON,,Saturday,,,,,False,False,True,,,,,3.0,0.0,,, NO UNUSUAL CONDITIONS - NO UNUSUAL CONDITIONS,, ,A,DAYLIGHT,37.15228,-121.502255,,,,,A,NO PEDESTRIANS INVOLVED,,A,22350,,1.0,BLOSSOM AV,YELLO,,,A,,,BLOSSOM HILL RD,,,A,7/30/2024 7:42:27 PM,1/30/2025 10:16:12 AM,,,2,,,,,,,
2991257,2020-202910454,2,False,4313,10/17/2020 2:28:00 PM,1428,C6,1368,4313,San Jose,43,True,True,C,REAR END,,Saturday,,,,,False,False,True,,C,OTHER MOTOR VEHICLE,,1.0,0.0,CLEAR,, NO UNUSUAL CONDITIONS - NO UNUSUAL CONDITIONS,, ,A,DAYLIGHT,37.204041,-121.483076,,,,,A,NO PEDESTRIANS INVOLVED,,A,21460A,,1.0,S WHITE RD,CHARL,,,A,,,MARTEN AV,,,D,7/30/2024 7:42:27 PM,1/30/2025 10:16:12 AM,,,2,,,,,,,
2991256,2020-202910426,2,False,4313,10/17/2020 1:50:00 PM,1350,L4,1368,4313,San Jose,43,True,True,D,BROADSIDE,,Saturday,,,,,False,False,True,,C,OTHER MOTOR VEHICLE,,4.0,0.0,CLEAR,, NO UNUSUAL CONDITIONS - NO UNUSUAL CONDITIONS,, ,A,DAYLIGHT,37.18706,-121.503061,,,,,A,NO PEDESTRIANS INVOLVED,,A,,,1.0,SENTER RD,CENTR,,,A,,,UMBARGER RD,,,A,7/30/2024 7:42:27 PM,1/30/2025 10:16:12 AM,,,2,,,,,,,
2991255,2020-202910350,2,False,4313,10/17/2020 11:47:00 AM,1147,W4,1368,4313,San Jose,43,True,True,D,BROADSIDE,,Saturday,,,,,False,False,True,,C,OTHER MOTOR VEHICLE,,2.0,0.0,CLEAR,, NO UNUSUAL CONDITIONS - NO UNUSUAL CONDITIONS,, ,A,DAYLIGHT,,,,,,,A,NO PEDESTRIANS INVOLVED,,A,21801A,,1.0,MCKEE RD,WILLI,,,A,,,N CAPITOL AV,,,D,7/30/2024 7:42:27 PM,1/30/2025 10:16:12 AM,,,2,,,,,,,