Collision Id,	Report Number,	Report Version,	Is Preliminary,	NCIC Code,Crash Date Time,	Crash Time Description,	Beat,City Id,	City Code,	City Name,County Code,	City Is Active,	City Is Incorporated,	Collision Type Code,Collision Type Description,	Collision Type Other Desc,	Day Of Week,	DispatchNotified,	HasPhotographs,	HitRun,	IsAttachmentsMailed,	IsDeleted,	IsHighwayRelated,	IsTowAway,	JudicialDistrict,	MotorVehicleInvolvedWithCode,	MotorVehicleInvolvedWithDesc,MotorVehicleInvolvedWithOtherDesc,	NumberInjured,	NumberKilled,Weather 1, Weather 2, Road Condition 1, Road Condition 2, Special Condition,LightingCode, LightingDescription,Latitude,Longitude,MilepostDirection,MilepostDistance,MilepostMarker,MilepostUnitOfMeasure,	PedestrianActionCode,PedestrianActionDesc,PreparedDate,	Primary Collision Factor Code,Primary Collision Factor Violation,PrimaryCollisionFactorIsCited,	PrimaryCollisionPartyNumber,	PrimaryRoad,	ReportingDistrict,	ReportingDistrictCode,ReviewedDate,	RoadwaySurfaceCode,SecondaryDirection,	SecondaryDistance,	SecondaryRoad,	SecondaryUnitOfMeasure,	SketchDesc,	TrafficControlDeviceCode,CreatedDate,	ModifiedDate,IsCountyRoad,IsFreeway,CHP555Version,	IsAdditonalObjectStruck,NotificationDate,	NotificationTimeDescription,	HasDigitalMediaFiles,	EvidenceNumber,	IsLocationReferToNarrative,	IsAOIOneSameAsLocation
2991254,2020-202920168,2,False,4313,10/18/2020 2:58:00 AM,258,3,1368,4313,San Jose,43,True,True,F,OVERTURNED,,Sunday,,,,,False,True,True,,A,NON-COLLISION,,1.0,0.0,CLEAR,, NO UNUSUAL CONDITIONS - NO UNUSUAL CONDITIONS,, ,C,DARK-STREET LIGHTS,,,,,,,A,NO PEDESTRIANS INVOLVED,,A,23103,,1.0,SANTA TERESA BLVD,ADAM,,,A,,,RT 85,,,A,7/30/2024 7:42:27 PM,1/30/2025 10:16:12 AM,,,2,,,,,,,
2991253,2020-202930189,2,False,4313,10/19/2020 8:02:00 AM,802,F2,1368,4313,San Jose,43,True,True,G,VEHICLE/PEDESTRAIN,,Monday,,,,,False,False,False,,B,PEDESTRIAN,,1.0,0.0,CLEAR,, NO UNUSUAL CONDITIONS - NO UNUSUAL CONDITIONS,, ,A,DAYLIGHT,,,,,,,B,CROSSING IN CROSS WALK AT INTERSECTION,,A,21453D,,1.0,NEWHALL DR,WESTE,,,A,,,COLEMAN AV,,,A,7/30/2024 7:42:26 PM,1/30/2025 10:16:12 AM,,,2,,,,,,,
2991252,2020-202920134,2,False,4313,10/18/2020 1:46:00 AM,146,X3,1368,4313,San Jose,43,True,True,A,HEAD-ON,,Sunday,,,,,False,False,True,,I,FIXED OBJECT,,1.0,0.0,CLEAR,, NO UNUSUAL CONDITIONS - NO UNUSUAL CONDITIONS,, ,C,DARK-STREET LIGHTS,,,,,,,A,NO PEDESTRIANS INVOLVED,,A,21658,,1.0,MONTEREY RD,DX,,,A,N,84.0,VALLEYHAVEN WY,F,,D,7/30/2024 7:42:26 PM,1/30/2025 10:16:12 AM,,,2,,,,,,,
2991251,2020-202930227,2,False,4313,10/19/2020 8:57:00 AM,857,M2,1368,4313,San Jose,43,True,True,A,HEAD-ON,,Monday,,,,,False,False,False,,B,PEDESTRIAN,,1.0,0.0,CLEAR,, NO UNUSUAL CONDITIONS - NO UNUSUAL CONDITIONS,, ,A,DAYLIGHT,37.213649,-121.512758,,,,,B,CROSSING IN CROSS WALK AT INTERSECTION,,A,21950C,,1.0,CHECKERS DR,MARY,,,A,,,MCKEE RD,,,A,7/30/2024 7:42:26 PM,1/30/2025 10:16:11 AM,,,2,,,,,,,
2991250,2020-202920713,2,False,4313,10/18/2020 5:26:00 PM,1726,V1,1368,4313,San Jose,43,True,True,A,HEAD-ON,,Sunday,,,,,False,False,False,,C,OTHER MOTOR VEHICLE,,1.0,0.0,CLEAR,, NO UNUSUAL CONDITIONS - NO UNUSUAL CONDITIONS,, ,A,DAYLIGHT,,,,,,,A,NO PEDESTRIANS INVOLVED,,A,21801A,,1.0,W HEDDING ST,DV,,,A,,,CHESTNUT AV,,,D,7/30/2024 7:42:26 PM,1/30/2025 10:16:11 AM,,,2,,,,,,,
2991249,2020-202900821,2,False,4313,10/16/2020 7:15:00 PM,1915,2,1368,4313,San Jose,43,True,True,G,VEHICLE/PEDESTRAIN,,Friday,,,,,False,False,False,,B,PEDESTRIAN,,1.0,0.0,CLEAR,, NO UNUSUAL CONDITIONS - NO UNUSUAL CONDITIONS,, ,C,DARK-STREET LIGHTS,,,,,,,D,CROSSING - NOT IN CROSSWALK,,A,21954A,,1.0,NOTRE DAME AV,EDWAR,,,A,,,CARLYSLE AV,,,A,7/30/2024 7:42:26 PM,1/30/2025 10:16:11 AM,,,2,,,,,,,
2991248,2020-202901006,2,False,4313,10/16/2020 10:19:00 PM,2219,T1,1368,4313,San Jose,43,True,True,D,BROADSIDE,,Friday,,,,,False,False,True,,C,OTHER MOTOR VEHICLE,,2.0,0.0,CLEAR,, NO UNUSUAL CONDITIONS - NO UNUSUAL CONDITIONS,, ,C,DARK-STREET LIGHTS,37.15582,-121.562752,,,,,A,NO PEDESTRIANS INVOLVED,,A,21453A,,1.0,S BASCOM AV,TOM,,,A,,,CAMDEN AV,,,D,7/30/2024 7:42:25 PM,1/30/2025 10:16:11 AM,,,2,,,,,,,
2991247,2020-202910123,2,False,4313,10/17/2020 3:17:00 AM,317,L6,1368,4313,San Jose,43,True,True,C,REAR END,,Saturday,,,,,False,False,True,,C,OTHER MOTOR VEHICLE,,1.0,0.0,CLEAR,, NO UNUSUAL CONDITIONS - NO UNUSUAL CONDITIONS,, ,C,DARK-STREET LIGHTS,37.174433,-121.483052,,,,,A,NO PEDESTRIANS INVOLVED,,A,22350,,1.0,YERBA BUENA RD,WESTE,,,A,,,RT 101,,,A,7/30/2024 7:42:25 PM,1/30/2025 10:16:11 AM,,,2,,,,,,,
2991246,2020-202891004,2,False,4313,10/15/2020 10:59:00 PM,2259,5,1368,4313,San Jose,43,True,True,A,HEAD-ON,,Thursday,,,,,False,False,True,,C,OTHER MOTOR VEHICLE,,1.0,0.0,CLEAR,, NO UNUSUAL CONDITIONS - NO UNUSUAL CONDITIONS,, ,C,DARK-STREET LIGHTS,,,,,,,A,NO PEDESTRIANS INVOLVED,,A,,,1.0,HOSTETTER RD,ROBER,,,A,,,FOUR OAKS RD,,,A,7/30/2024 7:42:25 PM,1/30/2025 10:16:11 AM,,,2,,,,,,,
2991245,2020-202900465,2,False,4313,10/16/2020 1:47:00 PM,1347,3,1368,4313,San Jose,43,True,True,D,BROADSIDE,,Friday,,,F,,False,False,False,,C,OTHER MOTOR VEHICLE,,1.0,0.0,CLEAR,, NO UNUSUAL CONDITIONS - NO UNUSUAL CONDITIONS,, ,A,DAYLIGHT,,,,,,,A,NO PEDESTRIANS INVOLVED,,A,22450,,1.0,12TH ST ,TOM,,,A,S,24.0,SAN SALVADOR ST,F,,D,7/30/2024 7:42:25 PM,1/30/2025 10:16:11 AM,,,2,,,,,,,
2991243,2020-202890501,2,False,4313,10/15/2020 2:02:00 PM,1402,E3,1368,4313,San Jose,43,True,True,G,VEHICLE/PEDESTRAIN,,Thursday,,,F,,False,False,False,,B,PEDESTRIAN,,1.0,0.0,CLEAR,, CONSTRUCTION-REPAIR ZONE - CONSTRUCTION-REPAIR ZONE,, ,A,DAYLIGHT,,,,,,,B,CROSSING IN CROSS WALK AT INTERSECTION,,A,21950A,,1.0,S 1ST ST,DE,,,A,N,5.0,SAN FERNANDO ST,F,,A,7/30/2024 7:42:24 PM,1/30/2025 10:16:11 AM,,,2,,,,,,,
2990410,20-161-0100S,2,False,4313,6/9/2020 9:34:00 AM,934,71S5,1368,4313,San Jose,43,True,True,B,SIDE SWIPE,,Tuesday,,,M,,False,False,False,,C,OTHER MOTOR VEHICLE,,0.0,0.0,CLEAR,, NO UNUSUAL CONDITIONS - NO UNUSUAL CONDITIONS,, ,A,DAYLIGHT,37.303927,-122.032099,,,,,A,NO PEDESTRIANS INVOLVED,,A,21658A,,1.0,DE ANZA BL,C8,,,A,S,25.0,KENTWOOD AV,F,,A,7/30/2024 7:39:48 PM,1/30/2025 10:15:15 AM,,,2,,,,,,,
2990235,2020-202770654,2,False,4313,10/3/2020 5:05:00 PM,1705,C4,1368,4313,San Jose,43,True,True,A,HEAD-ON,,Saturday,,,,,False,False,True,,C,OTHER MOTOR VEHICLE,,1.0,0.0,CLEAR,, NO UNUSUAL CONDITIONS - NO UNUSUAL CONDITIONS,, ,A,DAYLIGHT,,,,,,,,,,A,21801,,1.0,DUMONT CL,CHARL,,,A,,,LEEWARD DR,,,D,7/30/2024 7:39:17 PM,1/30/2025 10:15:04 AM,,,2,,,,,,,
2990234,2020-202760191,2,False,4313,10/2/2020 8:00:00 AM,800,X4,1368,4313,San Jose,43,True,True,D,BROADSIDE,,Friday,,,,,False,False,True,,,,,2.0,0.0,CLEAR,, NO UNUSUAL CONDITIONS - NO UNUSUAL CONDITIONS,, ,A,DAYLIGHT,,,,,,,A,NO PEDESTRIANS INVOLVED,,D,,,,CHYNOWETH AV',DIST,,,A,,,EDENVALE AV,,,,7/30/2024 7:39:16 PM,1/30/2025 10:15:04 AM,,,2,,,,,,,
2990232,2020-202750614,2,False,4313,10/1/2020 4:15:00 PM,1615,L6,1368,4313,San Jose,43,True,True,C,REAR END,,Thursday,,,,,False,False,True,,C,OTHER MOTOR VEHICLE,,1.0,0.0,CLEAR,, NO UNUSUAL CONDITIONS - NO UNUSUAL CONDITIONS,, ,A,DAYLIGHT,,,,,,,A,NO PEDESTRIANS INVOLVED,,A,21703,,1.0,TULLY RD,LINCO,,,A,,,LUCRETIA AV,,,A,7/30/2024 7:39:16 PM,1/30/2025 10:15:04 AM,,,2,,,,,,,
2990231,2020-20760455,2,False,4313,10/2/2020 2:05:00 PM,1405,C5,1368,4313,San Jose,43,True,True,A,HEAD-ON,,Friday,,,F,,False,False,True,,C,OTHER MOTOR VEHICLE,,2.0,0.0,CLEAR,, NO UNUSUAL CONDITIONS - NO UNUSUAL CONDITIONS,, ,A,DAYLIGHT,,,,,,,A,NO PEDESTRIANS INVOLVED,,A,22450A,,1.0,S WHITE RD,FOOTH,,,A,,,DIAMOND AV,,,A,7/30/2024 7:39:16 PM,1/30/2025 10:15:04 AM,,,2,,,,,,,
2990230,2020-202750994,2,False,4313,10/1/2020 10:20:00 PM,2220,M5,1368,4313,San Jose,43,True,True,B,SIDE SWIPE,,Thursday,,,,,False,False,True,,C,OTHER MOTOR VEHICLE,,1.0,0.0,OTHER,, NO UNUSUAL CONDITIONS - NO UNUSUAL CONDITIONS,, ,C,DARK-STREET LIGHTS,,,,,,,A,NO PEDESTRIANS INVOLVED,,A,21453,,1.0,N CAPITAL AV,DM,,,A,,,ALUM ROCK RD,,,A,7/30/2024 7:39:15 PM,1/30/2025 10:15:04 AM,,,2,,,,,,,
2990229,2020-20750417,2,False,4313,10/1/2020 12:25:00 PM,1225,V4,1368,4313,San Jose,43,True,True,D,BROADSIDE,,Thursday,,,,,False,False,True,,C,OTHER MOTOR VEHICLE,,2.0,0.0,CLEAR,, NO UNUSUAL CONDITIONS - NO UNUSUAL CONDITIONS,, ,A,DAYLIGHT,,,,,,,A,NO PEDESTRIANS INVOLVED,,A,22100A,,1.0,N 11TH ST,VICTO,,,A,,,E JULIAN ST,,,A,7/30/2024 7:39:15 PM,1/30/2025 10:15:04 AM,,,2,,,,,,,
2990228,2020-202750633,2,False,4313,10/1/2020 4:40:00 PM,1640,Y5,1368,4313,San Jose,43,True,True,B,SIDE SWIPE,,Thursday,,,,,False,False,False,,C,OTHER MOTOR VEHICLE,,1.0,0.0,CLEAR,, NO UNUSUAL CONDITIONS - NO UNUSUAL CONDITIONS,, ,A,DAYLIGHT,,,,,,,A,NO PEDESTRIANS INVOLVED,,A,22106,,1.0,VIA SERENA,SOUTH,,,A,S,6.0,BERNAL WY,F,,D,7/30/2024 7:39:15 PM,1/30/2025 10:15:04 AM,,,2,,,,,,,
2990227,2020-202750174,2,False,4313,10/1/2020 6:41:00 AM,641,X1,1368,4313,San Jose,43,True,True,D,BROADSIDE,,Thursday,,,,,False,False,True,,C,OTHER MOTOR VEHICLE,,1.0,0.0,CLEAR,, NO UNUSUAL CONDITIONS - NO UNUSUAL CONDITIONS,, ,B,DUSK-DAWN,,,,,,,A,NO PEDESTRIANS INVOLVED,,A,21804,,1.0,SNELL AV,XRAY,,,A,N,64.0,POLE # 160-36,F,,D,7/30/2024 7:39:15 PM,1/30/2025 10:15:03 AM,,,2,,,,,,,
2990213,2020-202750970,2,False,4313,10/1/2020 9:56:00 PM,2156,1,1368,4313,San Jose,43,True,True,B,SIDE SWIPE,,Thursday,,,F,,False,False,True,,C,OTHER MOTOR VEHICLE,,1.0,0.0,CLEAR,, NO UNUSUAL CONDITIONS - NO UNUSUAL CONDITIONS,, ,C,DARK-STREET LIGHTS,,,,,,,A,NO PEDESTRIANS INVOLVED,,A,22350,,1.0,MONTEREY RD,LINCO,,,A,N,150.0,COTTAGE GROVE AV,F,,A,7/30/2024 7:39:12 PM,1/30/2025 10:15:03 AM,,,2,,,,,,,
2990212,2020-202750158,2,False,4313,10/1/2020 5:45:00 AM,545,N3,1368,4313,San Jose,43,True,True,A,HEAD-ON,,Thursday,,,,,False,False,True,,C,OTHER MOTOR VEHICLE,,2.0,0.0,CLOUDY,, NO UNUSUAL CONDITIONS - NO UNUSUAL CONDITIONS,, ,A,DAYLIGHT,,,,,,,A,NO PEDESTRIANS INVOLVED,,A,22107A,,1.0,BOYNTON AV,WEST,,,A,S,3.0,POWER POLE #13H336,F,,D,7/30/2024 7:39:12 PM,1/30/2025 10:15:03 AM,,,2,,,,,,,
2990083,2020-202720403,2,False,4313,9/28/2020 11:26:00 AM,1126,2,1368,4313,San Jose,43,True,True,D,BROADSIDE,,Monday,,,,,False,False,True,,C,OTHER MOTOR VEHICLE,,2.0,0.0,CLEAR,, NO UNUSUAL CONDITIONS - NO UNUSUAL CONDITIONS,, ,A,DAYLIGHT,,,,,,,,,,A,21453A,,1.0,FOXWORTHY AV,TOM,,,A,E,35.0,LEIGH AV,F,,A,7/30/2024 7:38:44 PM,1/30/2025 10:14:54 AM,,,2,,,,,,,
2990082,2020-202740463,2,False,4313,9/30/2020 1:24:00 PM,1324,N3,1368,4313,San Jose,43,True,True,A,HEAD-ON,,Wednesday,,,,,False,False,True,,C,OTHER MOTOR VEHICLE,,2.0,0.0,CLEAR,, NO UNUSUAL CONDITIONS - NO UNUSUAL CONDITIONS,, ,A,DAYLIGHT,,,,,,,,,,D,,,,MOORPARK AV,DN,,,A,,,SARATOGA AV,,,A,7/30/2024 7:38:43 PM,1/30/2025 10:14:54 AM,,,2,,,,,,,
2990081,2020-202740877,2,False,4313,9/30/2020 8:12:00 PM,2012,2,1368,4313,San Jose,43,True,True,D,BROADSIDE,,Wednesday,,,F,,False,False,True,,C,OTHER MOTOR VEHICLE,,1.0,0.0,CLEAR,, NO UNUSUAL CONDITIONS - NO UNUSUAL CONDITIONS,, ,C,DARK-STREET LIGHTS,37.195789,-121.511296,,,,,A,NO PEDESTRIANS INVOLVED,,A,21453,,1.0,MCLAUGHLIN AV,LINCO,,,A,,,STORY RD,,,A,7/30/2024 7:38:43 PM,1/30/2025 10:14:54 AM,,,2,,,,,,,
2990080,2020-202720793,2,False,4313,9/28/2020 5:37:00 PM,1737,M1,1368,4313,San Jose,43,True,True,C,REAR END,,Monday,,,,,False,False,True,,,,,2.0,0.0,CLEAR,, NO UNUSUAL CONDITIONS - NO UNUSUAL CONDITIONS,, ,A,DAYLIGHT,,,,,,,A,NO PEDESTRIANS INVOLVED,,A,22350,,1.0,EDUCATIONAL PARK DR,FOOTH,,,A,,,PINE HOLLOW   ,,,A,7/30/2024 7:38:43 PM,1/30/2025 10:14:54 AM,,,2,,,,,,,
2990079,2020-202730570,2,False,4313,9/29/2020 4:11:00 PM,1611,L3,1368,4313,San Jose,43,True,True,D,BROADSIDE,,Tuesday,,,,,False,False,False,,C,OTHER MOTOR VEHICLE,,2.0,0.0,CLEAR,, NO UNUSUAL CONDITIONS - NO UNUSUAL CONDITIONS,, ,A,DAYLIGHT,,,,,,,A,NO PEDESTRIANS INVOLVED,,A,22106,,1.0,QUINN AV,WESTE,,,A,,,WILL WOOL DR,,,D,7/30/2024 7:38:43 PM,1/30/2025 10:14:54 AM,,,2,,,,,,,
2990078,2020-202730733,2,False,4313,9/29/2020 7:24:00 PM,1924,S2,1368,4313,San Jose,43,True,True,A,HEAD-ON,,Tuesday,,,,,False,True,True,,E,PARKED MOTOR VEHICLE,,1.0,0.0,CLEAR,, NO UNUSUAL CONDITIONS - NO UNUSUAL CONDITIONS,, ,A,DAYLIGHT,37.181389,-121.552095,,,,,,,,D,22107,,1.0,LEIGH AV,WESTE,,,,,,DE ROSE WY,,,D,7/30/2024 7:38:42 PM,1/30/2025 10:14:54 AM,,,2,,,,,,,
2990077,2020-202721084,2,False,4313,9/28/2020 10:46:00 PM,2246,P3,1368,4313,San Jose,43,True,True,D,BROADSIDE,,Monday,,,,,False,False,True,,A,NON-COLLISION,,1.0,0.0,CLEAR,, NO UNUSUAL CONDITIONS - NO UNUSUAL CONDITIONS,, ,C,DARK-STREET LIGHTS,,,,,,,,,,A,21453C,,1.0,E CAPITOL EXPWY,FOOTH,,,,,,SILVER CREEK RD,,,A,7/30/2024 7:38:42 PM,1/30/2025 10:14:54 AM,,,2,,,,,,,
2990076,2020-202721118,2,False,4313,9/28/2020 11:38:00 PM,2338,X1,1368,4313,San Jose,43,True,True,C,REAR END,,Monday,,,F,,False,False,False,,A,NON-COLLISION,,1.0,0.0,CLEAR,, NO UNUSUAL CONDITIONS - NO UNUSUAL CONDITIONS,, ,C,DARK-STREET LIGHTS,,,,,,,,,,A,22350,,1.0,W CAPITOL EXPWY,XRAY,,,,,,COPPERFIELD DR,,,A,7/30/2024 7:38:42 PM,1/30/2025 10:14:54 AM,,,2,,,,,,,
2990075,2020-202720243,2,False,4313,9/28/2020 8:50:00 AM,850,C3,1368,4313,San Jose,43,True,True,B,SIDE SWIPE,,Monday,,,,,False,False,True,,A,NON-COLLISION,,2.0,0.0,CLEAR,, NO UNUSUAL CONDITIONS - NO UNUSUAL CONDITIONS,, ,A,DAYLIGHT,,,,,,,,,,A,22348B,,1.0,TULLY RD,CHARL,,,A,,,QUIMBY RD,,,A,7/30/2024 7:38:42 PM,1/30/2025 10:14:54 AM,,,2,,,,,,,
2990074,2020-202710990,2,False,4313,9/27/2020 10:11:00 PM,2211,C6,1368,4313,San Jose,43,True,True,A,HEAD-ON,,Sunday,,,,,False,False,True,,I,FIXED OBJECT,,2.0,0.0,CLEAR,, NO UNUSUAL CONDITIONS - NO UNUSUAL CONDITIONS,, ,C,DARK-STREET LIGHTS,,,,,,,A,NO PEDESTRIANS INVOLVED,,D,23153,,1.0,CLAYTON RD,FOOTH,,,,W,43.0,MT MCKINLEY DR,F,,A,7/30/2024 7:38:41 PM,1/30/2025 10:14:54 AM,,,2,,,,,,,
2990072,2020-202710903,2,False,4313,9/27/2020 9:14:00 PM,2114,S1,1368,4313,San Jose,43,True,True,B,SIDE SWIPE,,Sunday,,,,,False,False,True,,I,FIXED OBJECT,,1.0,0.0,CLEAR,, NO UNUSUAL CONDITIONS - NO UNUSUAL CONDITIONS,, ,C,DARK-STREET LIGHTS,37.19117,-121.56974,,,,,A,NO PEDESTRIANS INVOLVED,,A,22107,,1.0,PFEFFER LN,DS,,,A,E,33.0,MACARTHUR AV,F,,D,7/30/2024 7:38:41 PM,1/30/2025 10:14:54 AM,,,2,,,,,,,
2989596,2020-202750529,2,False,4313,10/1/2020 2:33:00 PM,1433,V1,1368,4313,San Jose,43,True,True,B,SIDE SWIPE,,Thursday,,,M,,False,False,False,,C,OTHER MOTOR VEHICLE,,0.0,0.0,CLEAR,, NO UNUSUAL CONDITIONS - NO UNUSUAL CONDITIONS,, ,A,DAYLIGHT,,,,,,,A,NO PEDESTRIANS INVOLVED,,A,22350,,1.0,N SAN PEDRO ST,CENTR,,,A,,,855 N SAN PEDRO ST,,,A,7/30/2024 7:37:16 PM,1/30/2025 10:14:23 AM,,,2,,,,,,,
2988658,2020-202760425,2,False,4313,10/2/2020 1:16:00 PM,1316,1,1368,4313,San Jose,43,True,True,C,REAR END,,Friday,,,,,False,False,False,,C,OTHER MOTOR VEHICLE,,2.0,0.0,CLEAR,, NO UNUSUAL CONDITIONS - NO UNUSUAL CONDITIONS,, ,A,DAYLIGHT,37.155714,-121.504752,,,,,A,NO PEDESTRIANS INVOLVED,,A,22350,,1.0,BRANHAM LN,XRAY,,,A,,,VISTAPARK DR,,,,7/30/2024 7:34:19 PM,1/30/2025 10:13:20 AM,,,2,,,,,,,
2988657,2020-202760535,2,False,4313,10/2/2020 3:57:00 PM,1557,C5,1368,4313,San Jose,43,True,True,B,SIDE SWIPE,,Friday,,,,,False,False,False,,C,OTHER MOTOR VEHICLE,,1.0,0.0,CLEAR,, NO UNUSUAL CONDITIONS - NO UNUSUAL CONDITIONS,, ,A,DAYLIGHT,,,,,,,A,NO PEDESTRIANS INVOLVED,,A,22107,,1.0,MARTEN AV,FOOTH,,,A,E,180.0,S WHITE RD,F,,A,7/30/2024 7:34:19 PM,1/30/2025 10:13:20 AM,,,2,,,,,,,
2988656,2020-202790662,2,False,4313,10/4/2020 4:14:00 PM,1614,2,1368,4313,San Jose,43,True,True,D,BROADSIDE,,Sunday,,,,,False,False,True,,C,OTHER MOTOR VEHICLE,,2.0,0.0,CLEAR,, NO UNUSUAL CONDITIONS - NO UNUSUAL CONDITIONS,, ,A,DAYLIGHT,37.20275,-121.512184,,,,,A,NO PEDESTRIANS INVOLVED,,A,21804A,,1.0,MCLAUGHLIN AV,LINCO,,,A,S,46.0,UTILITY POLE #02 T40694999,F,,A,7/30/2024 7:34:19 PM,1/30/2025 10:13:19 AM,,,2,,,,,,,
2988655,2020-202800776,2,False,4313,10/6/2020 7:17:00 PM,1917,S6,1368,4313,San Jose,43,True,True,C,REAR END,,Tuesday,,,,,False,False,False,,C,OTHER MOTOR VEHICLE,,1.0,0.0,CLEAR,, NO UNUSUAL CONDITIONS - NO UNUSUAL CONDITIONS,, ,C,DARK-STREET LIGHTS,37.184752,-121.524264,,,,,A,NO PEDESTRIANS INVOLVED,,A,21658A,,1.0,ALMADEN EXPWY,SAM,,,A,,,W ALMA AV,,,A,7/30/2024 7:34:19 PM,1/30/2025 10:13:19 AM,,,2,,,,,,,
2988654,2020-202820542,2,False,4313,10/8/2020 3:13:00 PM,1513,X4,1368,4313,San Jose,43,True,True,A,HEAD-ON,,Thursday,,,,,False,False,True,,,,,2.0,0.0,CLEAR,, NO UNUSUAL CONDITIONS - NO UNUSUAL CONDITIONS,, ,A,DAYLIGHT,37.154684,-121.485943,,,,,A,NO PEDESTRIANS INVOLVED,,A,21651B,,1.0,SADDLE BROOK DR,XRAY,,,A,,,SADDLEBROOK DR 510,,,,7/30/2024 7:34:19 PM,1/30/2025 10:13:19 AM,,,2,,,,,,,
2988653,2020-202810847,2,False,4313,10/7/2020 8:45:00 PM,2045,C5,1368,4313,San Jose,43,True,True,C,REAR END,,Wednesday,,,,,False,False,False,,D,MOTOR VEHICLE ON OTHER ROADWAY,,1.0,0.0,CLEAR,, NO UNUSUAL CONDITIONS - NO UNUSUAL CONDITIONS,, ,B,DUSK-DAWN,37.204041,-121.483076,,,,,A,NO PEDESTRIANS INVOLVED,,A,22350,,1.0,OCALA AV,FOOTH,,,A,,,S WHITE RD,,,A,7/30/2024 7:34:18 PM,1/30/2025 10:13:19 AM,,,2,,,,,,,
2988652,2020-202820459,2,False,4313,10/8/2020 1:45:00 PM,1345,L1,1368,4313,San Jose,43,True,True,D,BROADSIDE,,Thursday,,,,,False,False,False,,C,OTHER MOTOR VEHICLE,,1.0,0.0,CLEAR,, NO UNUSUAL CONDITIONS - NO UNUSUAL CONDITIONS,, ,A,DAYLIGHT,,,,,,,A,NO PEDESTRIANS INVOLVED,,A,21804A,,1.0,MONTEREY RD,LINCO,,,A,,,ALMA AV,,,A,7/30/2024 7:34:18 PM,1/30/2025 10:13:19 AM,,,2,,,,,,,
2988651,2020-20220440,2,False,4313,10/8/2020 1:26:00 PM,1326,R5,1368,4313,San Jose,43,True,True,C,REAR END,,Thursday,,,F,,False,False,True,,C,OTHER MOTOR VEHICLE,,1.0,0.0,CLEAR,, NO UNUSUAL CONDITIONS - NO UNUSUAL CONDITIONS,, ,A,DAYLIGHT,37.22472,-121.52233,,,,,A,NO PEDESTRIANS INVOLVED,,D,,,,N JACKSON AV,DR,,,A,S,400.0,BERRYESSA RD,F,,A,7/30/2024 7:34:18 PM,1/30/2025 10:13:19 AM,,,2,,,,,,,
2988650,2020-202810309,2,False,4313,10/7/2020 11:25:00 AM,1125,K6,1368,4313,San Jose,43,True,True,C,REAR END,,Wednesday,,,,,False,False,True,,E,PARKED MOTOR VEHICLE,,1.0,0.0,CLEAR,, NO UNUSUAL CONDITIONS - NO UNUSUAL CONDITIONS,, ,A,DAYLIGHT,37.195026,-121.521946,,,,,A,NO PEDESTRIANS INVOLVED,,A,22350,,1.0,S 11TH ST,CENTR,,,A,,,MARGARET ST,,,D,7/30/2024 7:34:18 PM,1/30/2025 10:13:19 AM,,,2,,,,,,,
2988649,2020-202810247,2,False,4313,10/7/2020 10:04:00 AM,1004,X3,1368,4313,San Jose,43,True,True,A,HEAD-ON,,Wednesday,,,,,False,False,True,,C,OTHER MOTOR VEHICLE,,1.0,0.0,CLOUDY,, NO UNUSUAL CONDITIONS - NO UNUSUAL CONDITIONS,, ,A,DAYLIGHT,,,,,,,A,NO PEDESTRIANS INVOLVED,,A,22107,,1.0,SYLVANDALE AV,DX,,,A,,,MAUI DR,,,D,7/30/2024 7:34:17 PM,1/30/2025 10:13:19 AM,,,2,,,,,,,
2988648,2020-202810222,2,False,4313,10/7/2020 9:25:00 AM,925,Y5,1368,4313,San Jose,43,True,True,F,OVERTURNED,,Wednesday,,,,,False,True,True,,A,NON-COLLISION,,1.0,0.0,CLOUDY,, NO UNUSUAL CONDITIONS - NO UNUSUAL CONDITIONS,, ,A,DAYLIGHT,37.142839,-121.462112,,,,,A,NO PEDESTRIANS INVOLVED,,A,22350,,1.0,BERNAL RD,SOUTH,,,A,,,RT 101,,,A,7/30/2024 7:34:17 PM,1/30/2025 10:13:19 AM,,,2,,,,,,,
2988647,2020-202790880,2,False,4313,10/5/2020 7:23:00 PM,1923,X3,1368,4313,San Jose,43,True,True,A,HEAD-ON,,Monday,,,,,False,False,True,,C,OTHER MOTOR VEHICLE,,3.0,0.0,CLEAR,, ,, ,B,DUSK-DAWN,,,,,,,A,NO PEDESTRIANS INVOLVED,,A,21453A,,1.0,BRANHAM LN,SOUTH,,,A,,,PARK ARCADIA DR,,,A,7/30/2024 7:34:17 PM,1/30/2025 10:13:19 AM,,,2,,,,,,,
2988243,2020-202620827,2,False,4313,9/18/2020 7:42:00 PM,1942,1,1368,4313,San Jose,43,True,True,D,BROADSIDE,,Friday,,,,,False,False,True,,C,OTHER MOTOR VEHICLE,,2.0,0.0,CLEAR,, ,, ,C,DARK-STREET LIGHTS,37.241561,-121.5202,,,,,,,,A,21901A,,1.0,KNIGHTS BRIDGE RD,WILLI,,,A,,,MORRILL AV,,,D,7/30/2024 7:33:02 PM,1/30/2025 10:12:53 AM,,,2,,,,,,,
2988242,2020-202620701,2,False,4313,9/18/2020 5:59:00 PM,1759,K4,1368,4313,San Jose,43,True,True,D,BROADSIDE,,Friday,,,,,False,False,True,,C,OTHER MOTOR VEHICLE,,2.0,0.0,CLEAR,, NO UNUSUAL CONDITIONS - NO UNUSUAL CONDITIONS,, ,A,DAYLIGHT,37.205402,-121.515369,,,,,A,NO PEDESTRIANS INVOLVED,,A,21801,,1.0,E SANTA CLARA ST,KING,,,A,,,N 27TH ST,,,D,7/30/2024 7:33:02 PM,1/30/2025 10:12:53 AM,,,2,,,,,,,
2988241,2020-202620654,2,False,4313,9/18/2020 5:22:00 PM,1722,N3,1368,4313,San Jose,43,True,True,D,BROADSIDE,,Friday,,,,,False,False,True,,C,OTHER MOTOR VEHICLE,,1.0,0.0,CLEAR,, NO UNUSUAL CONDITIONS - NO UNUSUAL CONDITIONS,, ,A,DAYLIGHT,37.183455,-121.594566,,,,,B,CROSSING IN CROSS WALK AT INTERSECTION,,A,21806,,1.0,LAWRENCE EXP,WESTE,,,A,,,BOLLINGER RD,,,A,7/30/2024 7:33:01 PM,1/30/2025 10:12:53 AM,,,2,,,,,,,