Collision Id,	Report Number,	Report Version,	Is Preliminary,	NCIC Code,Crash Date Time,	Crash Time Description,	Beat,City Id,	City Code,	City Name,County Code,	City Is Active,	City Is Incorporated,	Collision Type Code,Collision Type Description,	Collision Type Other Desc,	Day Of Week,	DispatchNotified,	HasPhotographs,	HitRun,	IsAttachmentsMailed,	IsDeleted,	IsHighwayRelated,	IsTowAway,	JudicialDistrict,	MotorVehicleInvolvedWithCode,	MotorVehicleInvolvedWithDesc,MotorVehicleInvolvedWithOtherDesc,	NumberInjured,	NumberKilled,Weather 1, Weather 2, Road Condition 1, Road Condition 2, Special Condition,LightingCode, LightingDescription,Latitude,Longitude,MilepostDirection,MilepostDistance,MilepostMarker,MilepostUnitOfMeasure,	PedestrianActionCode,PedestrianActionDesc,PreparedDate,	Primary Collision Factor Code,Primary Collision Factor Violation,PrimaryCollisionFactorIsCited,	PrimaryCollisionPartyNumber,	PrimaryRoad,	ReportingDistrict,	ReportingDistrictCode,ReviewedDate,	RoadwaySurfaceCode,SecondaryDirection,	SecondaryDistance,	SecondaryRoad,	SecondaryUnitOfMeasure,	SketchDesc,	TrafficControlDeviceCode,CreatedDate,	ModifiedDate,IsCountyRoad,IsFreeway,CHP555Version,	IsAdditonalObjectStruck,NotificationDate,	NotificationTimeDescription,	HasDigitalMediaFiles,	EvidenceNumber,	IsLocationReferToNarrative,	IsAOIOneSameAsLocation
3029126,2020-203550723,2,False,4313,12/20/2020 8:38:00 PM,2038,P1,1368,4313,San Jose,43,True,True,B,SIDE SWIPE,,Sunday,,,F,,False,False,True,,C,OTHER MOTOR VEHICLE,,1.0,0.0,CLEAR,, NO UNUSUAL CONDITIONS - NO UNUSUAL CONDITIONS,, ,C,DARK-STREET LIGHTS,,,,,,,A,NO PEDESTRIANS INVOLVED,,A,21658A,,1.0,TULLY RD,PAUL,,,A,,,CAPITOL EXPWY,,,A,7/31/2024 11:41:22 AM,1/30/2025 1:34:15 PM,,,2,,,,,,,
3029125,2020-203490380,2,False,4313,12/14/2020 12:08:00 PM,1208,5,1368,4313,San Jose,43,True,True,C,REAR END,,Monday,,,,,False,False,False,,G,BICYCLE,,1.0,0.0,CLEAR,, ,, ,A,DAYLIGHT,37.185266,-121.471371,,,,,A,NO PEDESTRIANS INVOLVED,,A,21650,,1.0,ABORN RD,PAUL,,,A,,,TENLEY DR,,,A,7/31/2024 11:41:22 AM,1/30/2025 1:34:15 PM,,,2,,,,,,,
3029124,2020-203520799,2,False,4313,12/17/2020 9:54:00 PM,2154,W4,1368,4313,San Jose,43,True,True,B,SIDE SWIPE,,Thursday,,,F,,False,False,False,,E,PARKED MOTOR VEHICLE,,1.0,0.0,CLEAR,, NO UNUSUAL CONDITIONS - NO UNUSUAL CONDITIONS,, ,C,DARK-STREET LIGHTS,37.215123,-121.495463,,,,,A,NO PEDESTRIANS INVOLVED,,A,22106,,1.0,ALUM ROCK AV,DW,,,A,,,CEDAR LN,,,D,7/31/2024 11:41:22 AM,1/30/2025 1:34:15 PM,,,2,,,,,,,
3029123,2020203490574,2,False,4313,12/14/2020 3:56:00 PM,1556,M2,1368,4313,San Jose,43,True,True,D,BROADSIDE,,Monday,,,,,False,False,True,,C,OTHER MOTOR VEHICLE,,1.0,0.0,CLEAR,, NO UNUSUAL CONDITIONS - NO UNUSUAL CONDITIONS,, ,A,DAYLIGHT,,,,,,,A,NO PEDESTRIANS INVOLVED,,A,21453A,,1.0,JOSE FIGUERES AV,MARY,,,A,,,ALUM ROCK AV,,,A,7/31/2024 11:41:22 AM,1/30/2025 1:34:15 PM,,,2,,,,,,,
3029122,2020-203480591,2,False,4313,12/13/2020 4:47:00 PM,1647,X1,1368,4313,San Jose,43,True,True,A,HEAD-ON,,Sunday,,,,,False,False,True,,I,FIXED OBJECT,,2.0,0.0,RAINING,, NO UNUSUAL CONDITIONS - NO UNUSUAL CONDITIONS,, ,A,DAYLIGHT,37.165453,-121.51385,,,,,A,NO PEDESTRIANS INVOLVED,,A,22350,,1.0,CASSELINO DR,XRAY,,,B,E,24.0,LIGHT POLE 160204,F,,,7/31/2024 11:41:22 AM,1/30/2025 1:34:15 PM,,,2,,,,,,,
3029102,2020-203540730,2,False,4313,12/19/2020 7:55:00 PM,1955,V3,1368,4313,San Jose,43,True,True,D,BROADSIDE,,Saturday,,,,,False,False,True,,C,OTHER MOTOR VEHICLE,,2.0,0.0,CLEAR,, NO UNUSUAL CONDITIONS - NO UNUSUAL CONDITIONS,, ,C,DARK-STREET LIGHTS,,,,,,,A,NO PEDESTRIANS INVOLVED,,A,21802A,,1.0,N 11TH ST,VICTO,,,A,,,WASHINGTON ST,,,A,7/31/2024 11:41:20 AM,1/30/2025 1:34:15 PM,,,2,,,,,,,
3029101,2020-203550609,2,False,4313,12/20/2020 6:06:00 PM,1806,2,1368,4313,San Jose,43,True,True,C,REAR END,,Sunday,,,,,False,False,False,,C,OTHER MOTOR VEHICLE,,1.0,0.0,CLEAR,, NO UNUSUAL CONDITIONS - NO UNUSUAL CONDITIONS,, ,C,DARK-STREET LIGHTS,,,,,,,A,NO PEDESTRIANS INVOLVED,,A,22350,,1.0,STORY RD,LINCO,,,A,,,STORY RD 1070,,,,7/31/2024 11:41:20 AM,1/30/2025 1:34:15 PM,,,2,,,,,,,
3029100,2020-203550081,2,False,4313,12/20/2020 1:38:00 AM,138,5,1368,4313,San Jose,43,True,True,A,HEAD-ON,,Sunday,,,,,False,False,True,,I,FIXED OBJECT,,1.0,0.0,CLEAR,, NO UNUSUAL CONDITIONS - NO UNUSUAL CONDITIONS,, ,C,DARK-STREET LIGHTS,37.22472,-121.52233,,,,,A,NO PEDESTRIANS INVOLVED,,A,22107,,1.0,BERRYESSA RD,ROBER,,,A,,,FLICKINGER AV,,,A,7/31/2024 11:41:20 AM,1/30/2025 1:34:15 PM,,,2,,,,,,,
3029099,2020-203530909,2,False,4313,12/18/2020 10:13:00 PM,2213,L3,1368,4313,San Jose,43,True,True,D,BROADSIDE,,Friday,,,,,False,False,True,,C,OTHER MOTOR VEHICLE,,2.0,0.0,CLEAR,, NO UNUSUAL CONDITIONS - NO UNUSUAL CONDITIONS,, ,C,DARK-STREET LIGHTS,,,,,,,A,NO PEDESTRIANS INVOLVED,,A,22107,,1.0,MCLAUGHLIN AV,LINCO,,,A,N,117.0,MORELY CT,F,,D,7/31/2024 11:41:19 AM,1/30/2025 1:34:15 PM,,,2,,,,,,,
3029098,2020-203550637,2,False,4313,12/20/2020 6:54:00 PM,1854,M4,1368,4313,San Jose,43,True,True,A,HEAD-ON,,Sunday,,,F,,False,False,False,,C,OTHER MOTOR VEHICLE,,1.0,0.0,CLEAR,, NO UNUSUAL CONDITIONS - NO UNUSUAL CONDITIONS,, ,C,DARK-STREET LIGHTS,,,,,,,A,NO PEDESTRIANS INVOLVED,,A,22350,,1.0,E SAN ANTONIO ST,FOOTH,,,A,,,S JACKSON AV,,,A,7/31/2024 11:41:19 AM,1/30/2025 1:34:14 PM,,,2,,,,,,,
3029097,2020-203550703,2,False,4313,12/20/2020 8:10:00 PM,2010,R1,1368,4313,San Jose,43,True,True,A,HEAD-ON,,Sunday,,,,,False,True,True,,C,OTHER MOTOR VEHICLE,,3.0,0.0,CLEAR,, NO UNUSUAL CONDITIONS - NO UNUSUAL CONDITIONS,, ,C,DARK-STREET LIGHTS,37.2544,-121.572862,,,,,A,NO PEDESTRIANS INVOLVED,,A,21453A,,1.0,N 1ST ST,CENTR,,,A,,,RT 237,,,A,7/31/2024 11:41:19 AM,1/30/2025 1:34:14 PM,,,2,,,,,,,
3029096,2020-203540613,2,False,4313,12/19/2020 6:15:00 PM,1815,5,1368,4313,San Jose,43,True,True,,,,Saturday,,,,,False,False,True,,I,FIXED OBJECT,,1.0,0.0,CLEAR,, NO UNUSUAL CONDITIONS - NO UNUSUAL CONDITIONS,, ,C,DARK-STREET LIGHTS,,,,,,,A,NO PEDESTRIANS INVOLVED,,A,22350A,,1.0,SAN FELIPE RD,PAUL,,,A,,,BOWERY LN,,,D,7/31/2024 11:41:19 AM,1/30/2025 1:34:14 PM,,,2,,,,,,,
3029095,2020-203570269,2,False,4313,12/22/2020 10:05:00 AM,1005,K3,1368,4313,San Jose,43,True,True,D,BROADSIDE,,Tuesday,,,,,False,False,True,,C,OTHER MOTOR VEHICLE,,1.0,0.0,CLEAR,, NO UNUSUAL CONDITIONS - NO UNUSUAL CONDITIONS,, ,A,DAYLIGHT,,,,,,,A,NO PEDESTRIANS INVOLVED,,A,21453A,,1.0,E SANTA CLARA ST,KING,,,A,,,N 11TH ST,,,A,7/31/2024 11:41:19 AM,1/30/2025 1:34:14 PM,,,2,,,,,,,
3029094,2020-203570070,2,False,4313,12/22/2020 1:49:00 AM,149,2,1368,4313,San Jose,43,True,True,C,REAR END,,Tuesday,,,,,False,False,True,,C,OTHER MOTOR VEHICLE,,1.0,0.0,CLOUDY,, NO UNUSUAL CONDITIONS - NO UNUSUAL CONDITIONS,, ,C,DARK-STREET LIGHTS,,,,,,,A,NO PEDESTRIANS INVOLVED,,A,22350,,1.0,RINGWOOD AV,ROBER,,,A,,,MURPHY AV,,,A,7/31/2024 11:41:19 AM,1/30/2025 1:34:14 PM,,,2,,,,,,,
3029093,2020-203560936,2,False,4313,12/21/2020 9:30:00 PM,2130,N6,1368,4313,San Jose,43,True,True,E,HIT OBJECT,,Monday,,,,,False,False,True,,I,FIXED OBJECT,,1.0,0.0,CLEAR,, NO UNUSUAL CONDITIONS - NO UNUSUAL CONDITIONS,, ,C,DARK-STREET LIGHTS,,,,,,,A,NO PEDESTRIANS INVOLVED,,A,22350,,1.0,SARATOGA AV,WESTE,,,A,,,CAPANNELLE TER,,,D,7/31/2024 11:41:19 AM,1/30/2025 1:34:15 PM,,,2,,,,,,,
3029092,2020-203560906,2,False,4313,12/21/2020 8:24:00 PM,2024,S4,1368,4313,San Jose,43,True,True,E,HIT OBJECT,,Monday,,,,,False,False,True,,I,FIXED OBJECT,,1.0,0.0,CLEAR,, NO UNUSUAL CONDITIONS - NO UNUSUAL CONDITIONS,, ,C,DARK-STREET LIGHTS,37.18087,-121.542003,,,,,A,NO PEDESTRIANS INVOLVED,,A,22107A,,1.0,BROOKDALE DR,DS,,,A,,,HICKS AV,,,D,7/31/2024 11:41:19 AM,1/30/2025 1:34:14 PM,,,2,,,,,,,
3029091,2020-203560260,2,False,4313,12/21/2020 9:29:00 AM,929,E3,1368,4313,San Jose,43,True,True,D,BROADSIDE,,Monday,,,F,,False,False,True,,C,OTHER MOTOR VEHICLE,,1.0,0.0,CLEAR,, NO UNUSUAL CONDITIONS - NO UNUSUAL CONDITIONS,, ,A,DAYLIGHT,37.195096,-121.533282,,,,,A,NO PEDESTRIANS INVOLVED,,A,21453A,,1.0,PARK AV,EDWAR,,,A,,,ALMADEN BL,,,A,7/31/2024 11:41:19 AM,1/30/2025 1:34:14 PM,,,2,,,,,,,
3028660,2020-203500744,2,False,4313,12/15/2020 7:10:00 PM,1910,W2,1368,4313,San Jose,43,True,True,G,VEHICLE/PEDESTRAIN,,Tuesday,,,F,,False,False,False,,B,PEDESTRIAN,,1.0,0.0,CLOUDY,, NO UNUSUAL CONDITIONS - NO UNUSUAL CONDITIONS,, ,C,DARK-STREET LIGHTS,,,,,,,D,CROSSING - NOT IN CROSSWALK,,A,21952,,1.0,PENITENCIA CREEK RD,WILLI,,,A,,,RUGE DR,,,D,7/31/2024 11:40:45 AM,1/30/2025 1:34:01 PM,,,2,,,,,,,
3027581,201749706,2,False,4313,6/19/2020 4:35:00 PM,1635,,1368,4313,San Jose,43,True,True,D,BROADSIDE,,Friday,,,,,False,False,False,,C,OTHER MOTOR VEHICLE,,1.0,0.0,CLEAR,, NO UNUSUAL CONDITIONS - NO UNUSUAL CONDITIONS,, ,A,DAYLIGHT,,,,,,,A,NO PEDESTRIANS INVOLVED,,A,,,2.0,THORNWOOD DR,,,,A,,,SANTA TERESA BL,,,A,7/31/2024 11:39:20 AM,1/30/2025 1:33:26 PM,,,3,,,,,,,
3027259,2020-203450952,2,False,4313,12/10/2020 11:29:00 PM,2329,W3,1368,4313,San Jose,43,True,True,A,HEAD-ON,,Thursday,,,,,False,False,True,,C,OTHER MOTOR VEHICLE,,0.0,0.0,CLEAR,, NO UNUSUAL CONDITIONS - NO UNUSUAL CONDITIONS,, ,C,DARK-STREET LIGHTS,37.225836,-121.493885,,,,,A,NO PEDESTRIANS INVOLVED,,A,22350,,1.0,TOYON AV,FOOTH,,,A,,,MCKEE RD,,,D,7/31/2024 11:38:56 AM,1/30/2025 1:33:16 PM,,,2,,,,,,,
3026607,20-240-0237T,2,False,4313,8/27/2020 3:32:00 PM,1532,84T8,1368,4313,San Jose,43,True,True,C,REAR END,,Thursday,,,M,,False,False,False,,E,PARKED MOTOR VEHICLE,,0.0,0.0,CLEAR,, NO UNUSUAL CONDITIONS - NO UNUSUAL CONDITIONS,, ,A,DAYLIGHT,,,,,,,A,NO PEDESTRIANS INVOLVED,,A,22107,,1.0,ALMADEN AV,T5,,,A,N,12.0,GOODYEAR ST,F,,A,7/31/2024 11:38:09 AM,1/30/2025 1:32:55 PM,,,2,,,,,,,
3026297,2020-203660612,2,False,4313,12/31/2020 6:00:00 PM,1800,C5,1368,4313,San Jose,43,True,True,D,BROADSIDE,,Thursday,,,,,False,False,False,,C,OTHER MOTOR VEHICLE,,1.0,0.0,CLEAR,, NO UNUSUAL CONDITIONS - NO UNUSUAL CONDITIONS,, ,C,DARK-STREET LIGHTS,,,,,,,A,NO PEDESTRIANS INVOLVED,,A,21804A,,1.0,STORY RD,FOOTH,,,A,N,16.0,STONEHEDGE WY,F,,,7/31/2024 11:37:44 AM,1/30/2025 1:32:46 PM,,,2,,,,,,,
3044477,2020-203440137,2,False,4313,12/9/2020 7:54:00 AM,754,T3,1368,4313,San Jose,43,True,True,B,SIDE SWIPE,,Wednesday,,,,,False,False,True,,C,OTHER MOTOR VEHICLE,,1.0,0.0,CLEAR,, NO UNUSUAL CONDITIONS - NO UNUSUAL CONDITIONS,, ,A,DAYLIGHT,,,,,,,A,NO PEDESTRIANS INVOLVED,,A,21453,,1.0,ALMADEN EXPWY,DT,,,A,,,IRONWOOD DR,,,A,7/31/2024 12:04:41 PM,1/30/2025 1:44:25 PM,,,2,,,,,,,
3044121,2021-210310307,2,False,4313,1/31/2020 10:27:00 AM,1027,A5,1368,4313,San Jose,43,True,True,C,REAR END,,Friday,,,,,False,False,True,,E,PARKED MOTOR VEHICLE,,1.0,0.0,CLOUDY,, NO UNUSUAL CONDITIONS - NO UNUSUAL CONDITIONS,, ,A,DAYLIGHT,37.134111,-121.514615,,,,,A,NO PEDESTRIANS INVOLVED,,D,,,1.0,REDMOND AV,DISTR,,,A,,,VEGAS DR,,,D,7/31/2024 12:04:04 PM,1/30/2025 1:44:13 PM,,,2,,,,,,,
3042800,2020-202150871,2,False,4313,8/2/2020 9:23:00 PM,2123,C1,1368,4313,San Jose,43,True,True,D,BROADSIDE,,Sunday,,,,,False,False,True,,C,OTHER MOTOR VEHICLE,,2.0,0.0,CLEAR,, NO UNUSUAL CONDITIONS - NO UNUSUAL CONDITIONS,, ,C,DARK-STREET LIGHTS,,,,,,,A,NO PEDESTRIANS INVOLVED,,A,21453,,1.0,STORY RD,CHARL,,,A,,,MCCREERY AV,,,A,7/31/2024 12:01:58 PM,1/30/2025 1:43:28 PM,,,2,,,,,,,
3041684,2021-210079706,2,False,4313,9/19/2020 1:30:00 PM,1330,S5,1368,4313,San Jose,43,True,True,G,VEHICLE/PEDESTRAIN,,Saturday,,,,,False,False,False,,B,PEDESTRIAN,,1.0,0.0,CLEAR,, NO UNUSUAL CONDITIONS - NO UNUSUAL CONDITIONS,, ,A,DAYLIGHT,37.19424,-121.5326,,,,,F,NOT IN ROAD,,A,,,,WILLOW ST,S,,,A,,,LOCUST ST,,,D,7/31/2024 12:00:06 PM,1/30/2025 1:42:50 PM,,,2,,,,,,,
3039244,2020-203590691,2,False,4313,12/24/2020 11:24:00 PM,2324,X1,1368,4313,San Jose,43,True,True,F,OVERTURNED,,Thursday,,,,,False,False,True,,C,OTHER MOTOR VEHICLE,,1.0,0.0,CLEAR,, NO UNUSUAL CONDITIONS - NO UNUSUAL CONDITIONS,, ,C,DARK-STREET LIGHTS,37.211403,-121.449437,,,,,A,NO PEDESTRIANS INVOLVED,,A,22523A,,1.0,CAPITOL EXPWY,XRAY,,,A,,,S CAPITOL AV,,,A,7/31/2024 11:56:12 AM,1/30/2025 1:41:26 PM,,,2,,,,,,,
3039242,2020-203650441,2,False,4313,12/30/2020 1:16:00 PM,1316,R2,1368,4313,San Jose,43,True,True,C,REAR END,,Wednesday,,,,,False,True,False,,C,OTHER MOTOR VEHICLE,,0.0,0.0,CLEAR,, NO UNUSUAL CONDITIONS - NO UNUSUAL CONDITIONS,, ,A,DAYLIGHT,37.241318,-121.542286,,,,,A,NO PEDESTRIANS INVOLVED,,A,22350,,1.0,MONTAGUE EXPWY,CENTR,,,A,N,880.0,RT 880,F,,D,7/31/2024 11:56:11 AM,1/30/2025 1:41:26 PM,,,2,,,,,,,
3039136,2020-203650401,2,False,4313,12/30/2020 1:45:00 PM,1345,W1,1368,4313,San Jose,43,True,True,,,,Wednesday,,,,,False,True,True,,C,OTHER MOTOR VEHICLE,,2.0,0.0,CLEAR,, NO UNUSUAL CONDITIONS - NO UNUSUAL CONDITIONS,, ,A,DAYLIGHT,37.234413,-121.522397,,,,,A,NO PEDESTRIANS INVOLVED,,A,21453A,,1.0,HOSTETTER RD,FOOTH,,,A,,,RT 680,,,A,7/31/2024 11:56:01 AM,1/30/2025 1:41:22 PM,,,2,,,,,,,
3039135,2020-203640721,2,False,4313,12/29/2020 6:27:00 PM,1827,5,1368,4313,San Jose,43,True,True,A,HEAD-ON,,Tuesday,,,,,False,False,True,,C,OTHER MOTOR VEHICLE,,1.0,0.0,CLEAR,, NO UNUSUAL CONDITIONS - NO UNUSUAL CONDITIONS,, ,C,DARK-STREET LIGHTS,,,,,,,A,NO PEDESTRIANS INVOLVED,,A,21801,,1.0,ALUM ROCK AV,NMARY,,,A,,,PLEASANT RIDGE AV,,,D,7/31/2024 11:56:01 AM,1/30/2025 1:41:22 PM,,,2,,,,,,,
3039133,2020-203640688,2,False,4313,12/29/2020 5:46:00 PM,1746,N3,1368,4313,San Jose,43,True,True,G,VEHICLE/PEDESTRAIN,,Tuesday,,,,,False,False,False,,B,PEDESTRIAN,,1.0,0.0,CLEAR,, NO UNUSUAL CONDITIONS - NO UNUSUAL CONDITIONS,, ,C,DARK-STREET LIGHTS,,,,,,,D,CROSSING - NOT IN CROSSWALK,,A,21954A,,1.0,SARATOGA AV,N,,,A,,,VENICE WY,,,D,7/31/2024 11:56:01 AM,1/30/2025 1:41:22 PM,,,2,,,,,,,
3039132,2020-203640621,2,False,4313,12/29/2020 4:34:00 PM,1634,C1,1368,4313,San Jose,43,True,True,,,,Tuesday,,,,,False,False,False,,G,BICYCLE,,1.0,0.0,CLEAR,, NO UNUSUAL CONDITIONS - NO UNUSUAL CONDITIONS,, ,A,DAYLIGHT,,,,,,,A,NO PEDESTRIANS INVOLVED,,A,21453A,,1.0,S KING RD,FOOTH,,,A,S,15.0,STORY RD,F,,A,7/31/2024 11:56:01 AM,1/30/2025 1:41:22 PM,,,2,,,,,,,
3039131,2020-203640546,2,False,4313,12/29/2020 3:19:00 PM,1519,R2,1368,4313,San Jose,43,True,True,,,,Tuesday,,,,,False,False,False,,B,PEDESTRIAN,,1.0,0.0,CLOUDY,, ,, ,A,DAYLIGHT,37.255791,-121.534495,,,,,,,,A,22107,,1.0,OAKLAND RD,ROBER,,,A,,,E BROKAW RD,,,,7/31/2024 11:56:01 AM,1/30/2025 1:41:22 PM,,,2,,,,,,,
3039130,2020-203650281,2,False,4313,12/30/2020 10:54:00 AM,1054,3,1368,4313,San Jose,43,True,True,D,BROADSIDE,,Wednesday,,,,,False,False,False,,C,OTHER MOTOR VEHICLE,,1.0,0.0,CLEAR,, NO UNUSUAL CONDITIONS - NO UNUSUAL CONDITIONS,, ,A,DAYLIGHT,37.20786,-121.494103,,,,,A,NO PEDESTRIANS INVOLVED,,A,21804A,,1.0,OCALA AV,DC,,,A,,,DAYTONA DR,,,D,7/31/2024 11:56:00 AM,1/30/2025 1:41:22 PM,,,2,,,,,,,
3039129,2020-203630938,2,False,4313,12/28/2020 9:39:00 PM,2139,A5,1368,4313,San Jose,43,True,True,D,BROADSIDE,,Monday,,,,,False,False,True,,D,MOTOR VEHICLE ON OTHER ROADWAY,,5.0,0.0,CLEAR,, NO UNUSUAL CONDITIONS - NO UNUSUAL CONDITIONS,, ,C,DARK-STREET LIGHTS,,,,,,,A,NO PEDESTRIANS INVOLVED,,D,,,,ALMADEN EXPWY,DA,,,A,N,22.0,REDMOND AV,F,,A,7/31/2024 11:56:00 AM,1/30/2025 1:41:22 PM,,,2,,,,,,,
3039128,2020-203630578,2,False,4313,12/28/2020 2:46:00 PM,1446,5,1368,4313,San Jose,43,True,True,E,HIT OBJECT,,Monday,,,,,False,False,False,,I,FIXED OBJECT,,1.0,0.0,CLEAR,, NO UNUSUAL CONDITIONS - NO UNUSUAL CONDITIONS,, ,A,DAYLIGHT,37.21154,-121.485264,,,,,A,NO PEDESTRIANS INVOLVED,,C,,,,S WHITE RD,DC,,,A,,,S WHITE RD 1409,,,A,7/31/2024 11:56:00 AM,1/30/2025 1:41:21 PM,,,2,,,,,,,
3039127,2020-203620601,2,False,4313,12/27/2020 6:23:00 PM,1823,F3,1368,4313,San Jose,43,True,True,A,HEAD-ON,,Sunday,,,,,False,False,True,,I,FIXED OBJECT,,1.0,0.0,CLEAR,, NO UNUSUAL CONDITIONS - NO UNUSUAL CONDITIONS,, ,C,DARK-STREET LIGHTS,,,,,,,A,NO PEDESTRIANS INVOLVED,,A,22350,,1.0,STEVENS CREEK BL,WESTE,,,A,W,80.0,N BASCOM AV,F,,A,7/31/2024 11:56:00 AM,1/30/2025 1:41:21 PM,,,2,,,,,,,
3039126,2020-203630013,2,False,4313,12/27/2020 5:00:00 PM,1700,L4,1368,4313,San Jose,43,True,True,D,BROADSIDE,,Sunday,,,,,False,False,False,,G,BICYCLE,,1.0,0.0,CLOUDY,, NO UNUSUAL CONDITIONS - NO UNUSUAL CONDITIONS,, ,B,DUSK-DAWN,37.18409,-121.52784,,,,,A,NO PEDESTRIANS INVOLVED,,A,21453,,1.0,MONTEREY RD,SJOSE,,,A,N,33.0,PHELAN AV,F,,A,7/31/2024 11:56:00 AM,1/30/2025 1:41:21 PM,,,2,,,,,,,
3039125,2020-203640150,2,False,4313,12/29/2020 7:37:00 AM,737,L1,1368,4313,San Jose,43,True,True,C,REAR END,,Tuesday,,,F,,False,True,True,,,,,1.0,0.0,CLEAR,, NO UNUSUAL CONDITIONS - NO UNUSUAL CONDITIONS,, ,A,DAYLIGHT,37.194049,-121.521729,,,,,A,NO PEDESTRIANS INVOLVED,,A,22350,,1.0,S 10TH ST,LINCO,,,A,,,RT 280,,,A,7/31/2024 11:56:00 AM,1/30/2025 1:41:21 PM,,,2,,,,,,,
3039124,2020-203620620,2,False,4313,12/27/2020 6:50:00 PM,1850,Y3,1368,4313,San Jose,43,True,True,C,REAR END,,Sunday,,,F,,False,False,False,,C,OTHER MOTOR VEHICLE,,1.0,0.0,CLEAR,, NO UNUSUAL CONDITIONS - NO UNUSUAL CONDITIONS,, ,C,DARK-STREET LIGHTS,,,,,,,A,NO PEDESTRIANS INVOLVED,,A,22350,,1.0,RALEIGH RD,YELLO,,,A,,,COTTLE RD,,,A,7/31/2024 11:56:00 AM,1/30/2025 1:41:21 PM,,,2,,,,,,,
3039123,2020-203590297,2,False,4313,12/24/2020 12:12:00 PM,1212,E1,1368,4313,San Jose,43,True,True,D,BROADSIDE,,Thursday,,,,,False,False,True,,C,OTHER MOTOR VEHICLE,,1.0,0.0,CLEAR,, NO UNUSUAL CONDITIONS - NO UNUSUAL CONDITIONS,, ,A,DAYLIGHT,37.201136,-121.535531,,,,,A,NO PEDESTRIANS INVOLVED,,A,22350,,1.0,W JULIAN ST,EDWAR,,,A,,,N ALMADEN BL,,,A,7/31/2024 11:56:00 AM,1/30/2025 1:41:21 PM,,,2,,,,,,,
3039122,2020-203620544,2,False,4313,12/27/2020 5:10:00 PM,1710,K2,1368,4313,San Jose,43,True,True,B,SIDE SWIPE,,Sunday,,,,,False,False,True,,E,PARKED MOTOR VEHICLE,,2.0,0.0,CLEAR,, NO UNUSUAL CONDITIONS - NO UNUSUAL CONDITIONS,, ,B,DUSK-DAWN,37.202113,-121.53295,,,,,A,NO PEDESTRIANS INVOLVED,,A,22107,,1.0,E SANTA CLARA ST,CENTR,,,A,E,110.0,S 7TH ST,F,,A,7/31/2024 11:56:00 AM,1/30/2025 1:41:21 PM,,,2,,,,,,,
3039121,2020-203610438,2,False,4313,12/26/2020 3:00:00 PM,1500,C3,1368,4313,San Jose,43,True,True,B,SIDE SWIPE,,Saturday,,,,,False,False,False,,E,PARKED MOTOR VEHICLE,,1.0,0.0,CLEAR,, NO UNUSUAL CONDITIONS - NO UNUSUAL CONDITIONS,, ,A,DAYLIGHT,37.201052,-121.495325,,,,,,,,A,22350,,1.0,CATHAY DR,CHARL,,,A,,,ALFRED WY,,,D,7/31/2024 11:55:59 AM,1/30/2025 1:41:21 PM,,,2,,,,,,,
3039120,2020-203620360,2,False,4313,12/27/2020 12:58:00 PM,1258,4,1368,4313,San Jose,43,True,True,D,BROADSIDE,,Sunday,,,,,False,False,True,,C,OTHER MOTOR VEHICLE,,2.0,0.0,CLEAR,, NO UNUSUAL CONDITIONS - NO UNUSUAL CONDITIONS,, ,A,DAYLIGHT,37.193205,-121.48032,,,,,A,NO PEDESTRIANS INVOLVED,,A,21801,,1.0,QUIMBY RD,PAUL,,,A,,,BURDICK WY,,,D,7/31/2024 11:55:59 AM,1/30/2025 1:41:21 PM,,,2,,,,,,,
3039119,2020-203610310,2,False,4313,12/26/2020 11:58:00 AM,1158,T3,1368,4313,San Jose,43,True,True,E,HIT OBJECT,,Saturday,,,,,False,False,False,,I,FIXED OBJECT,,1.0,0.0,CLEAR,, NO UNUSUAL CONDITIONS - NO UNUSUAL CONDITIONS,, ,A,DAYLIGHT,37.1838,-121.531452,,,,,A,NO PEDESTRIANS INVOLVED,,A,21755,,1.0,PINE AV,TOM,,,A,,,COASTLAND AV,,,A,7/31/2024 11:55:59 AM,1/30/2025 1:41:21 PM,,,2,,,,,,,
3039118,2020-203610610,2,False,4313,12/26/2020 5:44:00 PM,1744,R4,1368,4313,San Jose,43,True,True,A,HEAD-ON,,Saturday,,,,,False,False,False,,G,BICYCLE,,1.0,0.0,CLEAR,, NO UNUSUAL CONDITIONS - NO UNUSUAL CONDITIONS,, ,B,DUSK-DAWN,,,,,,,B,CROSSING IN CROSS WALK AT INTERSECTION,,A,21453A,,1.0,OAKLAND RD,ROBER,,,A,,,BROKAW RD,,,A,7/31/2024 11:55:59 AM,1/30/2025 1:41:21 PM,,,2,,,,,,,
3039117,2020-203580499,2,False,4313,12/23/2020 2:32:00 PM,1432,R4,1368,4313,San Jose,43,True,True,,,,Wednesday,,,,,False,False,False,,G,BICYCLE,,1.0,0.0,CLEAR,, ,, ,A,DAYLIGHT,37.215294,-121.533,,,,,,,,A,22107,,1.0,OAKLAND RD,ROBER,,,A,,,COMMERCIAL ST,,,,7/31/2024 11:55:59 AM,1/30/2025 1:41:21 PM,,,2,,,,,,,
3039116,2020-203600417,2,False,4313,12/25/2020 2:47:00 PM,1447,2,1368,4313,San Jose,43,True,True,C,REAR END,,Friday,,,F,,False,False,False,,C,OTHER MOTOR VEHICLE,,2.0,0.0,CLOUDY,, NO UNUSUAL CONDITIONS - NO UNUSUAL CONDITIONS,, ,A,DAYLIGHT,37.23282,-121.511077,,,,,A,NO PEDESTRIANS INVOLVED,,A,23103,,1.0,SUMMERDALE DR,WILLI,,,A,,,BERRYESSA RD,,,A,7/31/2024 11:55:59 AM,1/30/2025 1:41:21 PM,,,2,,,,,,,
3039115,2020-203600115,2,False,4313,12/25/2020 3:16:00 AM,316,L3,1368,4313,San Jose,43,True,True,C,REAR END,,Friday,,,,,False,False,True,,C,OTHER MOTOR VEHICLE,,2.0,0.0,CLEAR,, NO UNUSUAL CONDITIONS - NO UNUSUAL CONDITIONS,, ,C,DARK-STREET LIGHTS,,,,,,,A,NO PEDESTRIANS INVOLVED,,A,23153,,1.0,TULLY RD,LINCO,,,A,,,GALVESTON AV,,,D,7/31/2024 11:55:59 AM,1/30/2025 1:41:21 PM,,,2,,,,,,,